# Host: localhost  (Version: 5.5.47)
# Date: 2023-03-30 21:53:30
# Generator: MySQL-Front 5.3  (Build 4.234)

/*!40101 SET NAMES utf8 */;

#
# Structure for table "gen_table"
#

DROP TABLE IF EXISTS `gen_table`;
CREATE TABLE `gen_table` (
  `table_id` bigint(20) NOT NULL AUTO_INCREMENT COMMENT '编号',
  `table_name` varchar(200) DEFAULT '' COMMENT '表名称',
  `table_comment` varchar(500) DEFAULT '' COMMENT '表描述',
  `class_name` varchar(100) DEFAULT '' COMMENT '实体类名称',
  `tpl_category` varchar(200) DEFAULT 'crud' COMMENT '使用的模板（crud单表操作 tree树表操作）',
  `package_name` varchar(100) DEFAULT NULL COMMENT '生成包路径',
  `module_name` varchar(30) DEFAULT NULL COMMENT '生成模块名',
  `business_name` varchar(30) DEFAULT NULL COMMENT '生成业务名',
  `function_name` varchar(50) DEFAULT NULL COMMENT '生成功能名',
  `function_author` varchar(50) DEFAULT NULL COMMENT '生成功能作者',
  `options` varchar(1000) DEFAULT NULL COMMENT '其它生成选项',
  `create_by` varchar(64) DEFAULT '' COMMENT '创建者',
  `create_time` datetime DEFAULT NULL COMMENT '创建时间',
  `update_by` varchar(64) DEFAULT '' COMMENT '更新者',
  `update_time` datetime DEFAULT NULL COMMENT '更新时间',
  `remark` varchar(500) DEFAULT NULL COMMENT '备注',
  PRIMARY KEY (`table_id`) USING BTREE
) ENGINE=InnoDB DEFAULT CHARSET=utf8 ROW_FORMAT=COMPACT COMMENT='代码生成业务表';

#
# Data for table "gen_table"
#


#
# Structure for table "gen_table_column"
#

DROP TABLE IF EXISTS `gen_table_column`;
CREATE TABLE `gen_table_column` (
  `column_id` bigint(20) NOT NULL AUTO_INCREMENT COMMENT '编号',
  `table_id` varchar(64) DEFAULT NULL COMMENT '归属表编号',
  `column_name` varchar(200) DEFAULT NULL COMMENT '列名称',
  `column_comment` varchar(500) DEFAULT NULL COMMENT '列描述',
  `column_type` varchar(100) DEFAULT NULL COMMENT '列类型',
  `java_type` varchar(500) DEFAULT NULL COMMENT 'JAVA类型',
  `java_field` varchar(200) DEFAULT NULL COMMENT 'JAVA字段名',
  `is_pk` char(1) DEFAULT NULL COMMENT '是否主键（1是）',
  `is_increment` char(1) DEFAULT NULL COMMENT '是否自增（1是）',
  `is_required` char(1) DEFAULT NULL COMMENT '是否必填（1是）',
  `is_insert` char(1) DEFAULT NULL COMMENT '是否为插入字段（1是）',
  `is_edit` char(1) DEFAULT NULL COMMENT '是否编辑字段（1是）',
  `is_list` char(1) DEFAULT NULL COMMENT '是否列表字段（1是）',
  `is_query` char(1) DEFAULT NULL COMMENT '是否查询字段（1是）',
  `query_type` varchar(200) DEFAULT 'EQ' COMMENT '查询方式（等于、不等于、大于、小于、范围）',
  `html_type` varchar(200) DEFAULT NULL COMMENT '显示类型（文本框、文本域、下拉框、复选框、单选框、日期控件）',
  `dict_type` varchar(200) DEFAULT '' COMMENT '字典类型',
  `sort` int(11) DEFAULT NULL COMMENT '排序',
  `create_by` varchar(64) DEFAULT '' COMMENT '创建者',
  `create_time` datetime DEFAULT NULL COMMENT '创建时间',
  `update_by` varchar(64) DEFAULT '' COMMENT '更新者',
  `update_time` datetime DEFAULT NULL COMMENT '更新时间',
  PRIMARY KEY (`column_id`) USING BTREE
) ENGINE=InnoDB DEFAULT CHARSET=utf8 ROW_FORMAT=COMPACT COMMENT='代码生成业务表字段';

#
# Data for table "gen_table_column"
#


#
# Structure for table "qrtz_calendars"
#

DROP TABLE IF EXISTS `qrtz_calendars`;
CREATE TABLE `qrtz_calendars` (
  `sched_name` varchar(120) NOT NULL,
  `calendar_name` varchar(200) NOT NULL,
  `calendar` blob NOT NULL,
  PRIMARY KEY (`sched_name`,`calendar_name`) USING BTREE
) ENGINE=InnoDB DEFAULT CHARSET=utf8 ROW_FORMAT=COMPACT;

#
# Data for table "qrtz_calendars"
#


#
# Structure for table "qrtz_fired_triggers"
#

DROP TABLE IF EXISTS `qrtz_fired_triggers`;
CREATE TABLE `qrtz_fired_triggers` (
  `sched_name` varchar(120) NOT NULL,
  `entry_id` varchar(95) NOT NULL,
  `trigger_name` varchar(200) NOT NULL,
  `trigger_group` varchar(200) NOT NULL,
  `instance_name` varchar(200) NOT NULL,
  `fired_time` bigint(13) NOT NULL,
  `sched_time` bigint(13) NOT NULL,
  `priority` int(11) NOT NULL,
  `state` varchar(16) NOT NULL,
  `job_name` varchar(200) DEFAULT NULL,
  `job_group` varchar(200) DEFAULT NULL,
  `is_nonconcurrent` varchar(1) DEFAULT NULL,
  `requests_recovery` varchar(1) DEFAULT NULL,
  PRIMARY KEY (`sched_name`,`entry_id`) USING BTREE
) ENGINE=InnoDB DEFAULT CHARSET=utf8 ROW_FORMAT=COMPACT;

#
# Data for table "qrtz_fired_triggers"
#


#
# Structure for table "qrtz_job_details"
#

DROP TABLE IF EXISTS `qrtz_job_details`;
CREATE TABLE `qrtz_job_details` (
  `sched_name` varchar(120) NOT NULL,
  `job_name` varchar(200) NOT NULL,
  `job_group` varchar(200) NOT NULL,
  `description` varchar(250) DEFAULT NULL,
  `job_class_name` varchar(250) NOT NULL,
  `is_durable` varchar(1) NOT NULL,
  `is_nonconcurrent` varchar(1) NOT NULL,
  `is_update_data` varchar(1) NOT NULL,
  `requests_recovery` varchar(1) NOT NULL,
  `job_data` blob,
  PRIMARY KEY (`sched_name`,`job_name`,`job_group`) USING BTREE
) ENGINE=InnoDB DEFAULT CHARSET=utf8 ROW_FORMAT=COMPACT;

#
# Data for table "qrtz_job_details"
#

INSERT INTO `qrtz_job_details` VALUES ('RuoyiScheduler','TASK_CLASS_NAME1','DEFAULT',NULL,'com.ruoyi.quartz.util.QuartzDisallowConcurrentExecution','0','1','0','0',X'ACED0005737200156F72672E71756172747A2E4A6F62446174614D61709FB083E8BFA9B0CB020000787200266F72672E71756172747A2E7574696C732E537472696E674B65794469727479466C61674D61708208E8C3FBC55D280200015A0013616C6C6F77735472616E7369656E74446174617872001D6F72672E71756172747A2E7574696C732E4469727479466C61674D617013E62EAD28760ACE0200025A000564697274794C00036D617074000F4C6A6176612F7574696C2F4D61703B787001737200116A6176612E7574696C2E486173684D61700507DAC1C31660D103000246000A6C6F6164466163746F724900097468726573686F6C6478703F4000000000000C7708000000100000000174000F5441534B5F50524F504552544945537372001E636F6D2E72756F79692E71756172747A2E646F6D61696E2E5379734A6F6200000000000000010200084C000A636F6E63757272656E747400124C6A6176612F6C616E672F537472696E673B4C000E63726F6E45787072657373696F6E71007E00094C000C696E766F6B6554617267657471007E00094C00086A6F6247726F757071007E00094C00056A6F6249647400104C6A6176612F6C616E672F4C6F6E673B4C00076A6F624E616D6571007E00094C000D6D697366697265506F6C69637971007E00094C000673746174757371007E000978720027636F6D2E72756F79692E636F6D6D6F6E2E636F72652E646F6D61696E2E42617365456E7469747900000000000000010200074C0008637265617465427971007E00094C000A63726561746554696D657400104C6A6176612F7574696C2F446174653B4C0006706172616D7371007E00034C000672656D61726B71007E00094C000B73656172636856616C756571007E00094C0008757064617465427971007E00094C000A75706461746554696D6571007E000C787074000561646D696E7372000E6A6176612E7574696C2E44617465686A81014B59741903000078707708000001622CDE29E078707400007070707400013174000E302F3130202A202A202A202A203F74001172795461736B2E72794E6F506172616D7374000744454641554C547372000E6A6176612E6C616E672E4C6F6E673B8BE490CC8F23DF0200014A000576616C7565787200106A6176612E6C616E672E4E756D62657286AC951D0B94E08B02000078700000000000000001740018E7B3BBE7BB9FE9BB98E8AEA4EFBC88E697A0E58F82EFBC8974000133740001317800'),('RuoyiScheduler','TASK_CLASS_NAME2','DEFAULT',NULL,'com.ruoyi.quartz.util.QuartzDisallowConcurrentExecution','0','1','0','0',X'ACED0005737200156F72672E71756172747A2E4A6F62446174614D61709FB083E8BFA9B0CB020000787200266F72672E71756172747A2E7574696C732E537472696E674B65794469727479466C61674D61708208E8C3FBC55D280200015A0013616C6C6F77735472616E7369656E74446174617872001D6F72672E71756172747A2E7574696C732E4469727479466C61674D617013E62EAD28760ACE0200025A000564697274794C00036D617074000F4C6A6176612F7574696C2F4D61703B787001737200116A6176612E7574696C2E486173684D61700507DAC1C31660D103000246000A6C6F6164466163746F724900097468726573686F6C6478703F4000000000000C7708000000100000000174000F5441534B5F50524F504552544945537372001E636F6D2E72756F79692E71756172747A2E646F6D61696E2E5379734A6F6200000000000000010200084C000A636F6E63757272656E747400124C6A6176612F6C616E672F537472696E673B4C000E63726F6E45787072657373696F6E71007E00094C000C696E766F6B6554617267657471007E00094C00086A6F6247726F757071007E00094C00056A6F6249647400104C6A6176612F6C616E672F4C6F6E673B4C00076A6F624E616D6571007E00094C000D6D697366697265506F6C69637971007E00094C000673746174757371007E000978720027636F6D2E72756F79692E636F6D6D6F6E2E636F72652E646F6D61696E2E42617365456E7469747900000000000000010200074C0008637265617465427971007E00094C000A63726561746554696D657400104C6A6176612F7574696C2F446174653B4C0006706172616D7371007E00034C000672656D61726B71007E00094C000B73656172636856616C756571007E00094C0008757064617465427971007E00094C000A75706461746554696D6571007E000C787074000561646D696E7372000E6A6176612E7574696C2E44617465686A81014B59741903000078707708000001622CDE29E078707400007070707400013174000E302F3135202A202A202A202A203F74001572795461736B2E7279506172616D7328277279272974000744454641554C547372000E6A6176612E6C616E672E4C6F6E673B8BE490CC8F23DF0200014A000576616C7565787200106A6176612E6C616E672E4E756D62657286AC951D0B94E08B02000078700000000000000002740018E7B3BBE7BB9FE9BB98E8AEA4EFBC88E69C89E58F82EFBC8974000133740001317800'),('RuoyiScheduler','TASK_CLASS_NAME3','DEFAULT',NULL,'com.ruoyi.quartz.util.QuartzDisallowConcurrentExecution','0','1','0','0',X'ACED0005737200156F72672E71756172747A2E4A6F62446174614D61709FB083E8BFA9B0CB020000787200266F72672E71756172747A2E7574696C732E537472696E674B65794469727479466C61674D61708208E8C3FBC55D280200015A0013616C6C6F77735472616E7369656E74446174617872001D6F72672E71756172747A2E7574696C732E4469727479466C61674D617013E62EAD28760ACE0200025A000564697274794C00036D617074000F4C6A6176612F7574696C2F4D61703B787001737200116A6176612E7574696C2E486173684D61700507DAC1C31660D103000246000A6C6F6164466163746F724900097468726573686F6C6478703F4000000000000C7708000000100000000174000F5441534B5F50524F504552544945537372001E636F6D2E72756F79692E71756172747A2E646F6D61696E2E5379734A6F6200000000000000010200084C000A636F6E63757272656E747400124C6A6176612F6C616E672F537472696E673B4C000E63726F6E45787072657373696F6E71007E00094C000C696E766F6B6554617267657471007E00094C00086A6F6247726F757071007E00094C00056A6F6249647400104C6A6176612F6C616E672F4C6F6E673B4C00076A6F624E616D6571007E00094C000D6D697366697265506F6C69637971007E00094C000673746174757371007E000978720027636F6D2E72756F79692E636F6D6D6F6E2E636F72652E646F6D61696E2E42617365456E7469747900000000000000010200074C0008637265617465427971007E00094C000A63726561746554696D657400104C6A6176612F7574696C2F446174653B4C0006706172616D7371007E00034C000672656D61726B71007E00094C000B73656172636856616C756571007E00094C0008757064617465427971007E00094C000A75706461746554696D6571007E000C787074000561646D696E7372000E6A6176612E7574696C2E44617465686A81014B59741903000078707708000001622CDE29E078707400007070707400013174000E302F3230202A202A202A202A203F74003872795461736B2E72794D756C7469706C65506172616D7328277279272C20747275652C20323030304C2C203331362E3530442C203130302974000744454641554C547372000E6A6176612E6C616E672E4C6F6E673B8BE490CC8F23DF0200014A000576616C7565787200106A6176612E6C616E672E4E756D62657286AC951D0B94E08B02000078700000000000000003740018E7B3BBE7BB9FE9BB98E8AEA4EFBC88E5A49AE58F82EFBC8974000133740001317800');

#
# Structure for table "qrtz_locks"
#

DROP TABLE IF EXISTS `qrtz_locks`;
CREATE TABLE `qrtz_locks` (
  `sched_name` varchar(120) NOT NULL,
  `lock_name` varchar(40) NOT NULL,
  PRIMARY KEY (`sched_name`,`lock_name`) USING BTREE
) ENGINE=InnoDB DEFAULT CHARSET=utf8 ROW_FORMAT=COMPACT;

#
# Data for table "qrtz_locks"
#

INSERT INTO `qrtz_locks` VALUES ('RuoyiScheduler','STATE_ACCESS'),('RuoyiScheduler','TRIGGER_ACCESS');

#
# Structure for table "qrtz_paused_trigger_grps"
#

DROP TABLE IF EXISTS `qrtz_paused_trigger_grps`;
CREATE TABLE `qrtz_paused_trigger_grps` (
  `sched_name` varchar(120) NOT NULL,
  `trigger_group` varchar(200) NOT NULL,
  PRIMARY KEY (`sched_name`,`trigger_group`) USING BTREE
) ENGINE=InnoDB DEFAULT CHARSET=utf8 ROW_FORMAT=COMPACT;

#
# Data for table "qrtz_paused_trigger_grps"
#


#
# Structure for table "qrtz_scheduler_state"
#

DROP TABLE IF EXISTS `qrtz_scheduler_state`;
CREATE TABLE `qrtz_scheduler_state` (
  `sched_name` varchar(120) NOT NULL,
  `instance_name` varchar(200) NOT NULL,
  `last_checkin_time` bigint(13) NOT NULL,
  `checkin_interval` bigint(13) NOT NULL,
  PRIMARY KEY (`sched_name`,`instance_name`) USING BTREE
) ENGINE=InnoDB DEFAULT CHARSET=utf8 ROW_FORMAT=COMPACT;

#
# Data for table "qrtz_scheduler_state"
#

INSERT INTO `qrtz_scheduler_state` VALUES ('RuoyiScheduler','PC-20221217DILT1680183959095',1680184404626,15000);

#
# Structure for table "qrtz_triggers"
#

DROP TABLE IF EXISTS `qrtz_triggers`;
CREATE TABLE `qrtz_triggers` (
  `sched_name` varchar(120) NOT NULL,
  `trigger_name` varchar(200) NOT NULL,
  `trigger_group` varchar(200) NOT NULL,
  `job_name` varchar(200) NOT NULL,
  `job_group` varchar(200) NOT NULL,
  `description` varchar(250) DEFAULT NULL,
  `next_fire_time` bigint(13) DEFAULT NULL,
  `prev_fire_time` bigint(13) DEFAULT NULL,
  `priority` int(11) DEFAULT NULL,
  `trigger_state` varchar(16) NOT NULL,
  `trigger_type` varchar(8) NOT NULL,
  `start_time` bigint(13) NOT NULL,
  `end_time` bigint(13) DEFAULT NULL,
  `calendar_name` varchar(200) DEFAULT NULL,
  `misfire_instr` smallint(2) DEFAULT NULL,
  `job_data` blob,
  PRIMARY KEY (`sched_name`,`trigger_name`,`trigger_group`) USING BTREE,
  KEY `sched_name` (`sched_name`,`job_name`,`job_group`) USING BTREE,
  CONSTRAINT `qrtz_triggers_ibfk_1` FOREIGN KEY (`sched_name`, `job_name`, `job_group`) REFERENCES `qrtz_job_details` (`sched_name`, `job_name`, `job_group`)
) ENGINE=InnoDB DEFAULT CHARSET=utf8 ROW_FORMAT=COMPACT;

#
# Data for table "qrtz_triggers"
#

INSERT INTO `qrtz_triggers` VALUES ('RuoyiScheduler','TASK_CLASS_NAME1','DEFAULT','TASK_CLASS_NAME1','DEFAULT',NULL,1680183960000,-1,5,'PAUSED','CRON',1680183959000,0,NULL,2,X''),('RuoyiScheduler','TASK_CLASS_NAME2','DEFAULT','TASK_CLASS_NAME2','DEFAULT',NULL,1680183960000,-1,5,'PAUSED','CRON',1680183960000,0,NULL,2,X''),('RuoyiScheduler','TASK_CLASS_NAME3','DEFAULT','TASK_CLASS_NAME3','DEFAULT',NULL,1680183960000,-1,5,'PAUSED','CRON',1680183960000,0,NULL,2,X'');

#
# Structure for table "qrtz_simprop_triggers"
#

DROP TABLE IF EXISTS `qrtz_simprop_triggers`;
CREATE TABLE `qrtz_simprop_triggers` (
  `sched_name` varchar(120) NOT NULL,
  `trigger_name` varchar(200) NOT NULL,
  `trigger_group` varchar(200) NOT NULL,
  `str_prop_1` varchar(512) DEFAULT NULL,
  `str_prop_2` varchar(512) DEFAULT NULL,
  `str_prop_3` varchar(512) DEFAULT NULL,
  `int_prop_1` int(11) DEFAULT NULL,
  `int_prop_2` int(11) DEFAULT NULL,
  `long_prop_1` bigint(20) DEFAULT NULL,
  `long_prop_2` bigint(20) DEFAULT NULL,
  `dec_prop_1` decimal(13,4) DEFAULT NULL,
  `dec_prop_2` decimal(13,4) DEFAULT NULL,
  `bool_prop_1` varchar(1) DEFAULT NULL,
  `bool_prop_2` varchar(1) DEFAULT NULL,
  PRIMARY KEY (`sched_name`,`trigger_name`,`trigger_group`) USING BTREE,
  CONSTRAINT `qrtz_simprop_triggers_ibfk_1` FOREIGN KEY (`sched_name`, `trigger_name`, `trigger_group`) REFERENCES `qrtz_triggers` (`sched_name`, `trigger_name`, `trigger_group`)
) ENGINE=InnoDB DEFAULT CHARSET=utf8 ROW_FORMAT=COMPACT;

#
# Data for table "qrtz_simprop_triggers"
#


#
# Structure for table "qrtz_simple_triggers"
#

DROP TABLE IF EXISTS `qrtz_simple_triggers`;
CREATE TABLE `qrtz_simple_triggers` (
  `sched_name` varchar(120) NOT NULL,
  `trigger_name` varchar(200) NOT NULL,
  `trigger_group` varchar(200) NOT NULL,
  `repeat_count` bigint(7) NOT NULL,
  `repeat_interval` bigint(12) NOT NULL,
  `times_triggered` bigint(10) NOT NULL,
  PRIMARY KEY (`sched_name`,`trigger_name`,`trigger_group`) USING BTREE,
  CONSTRAINT `qrtz_simple_triggers_ibfk_1` FOREIGN KEY (`sched_name`, `trigger_name`, `trigger_group`) REFERENCES `qrtz_triggers` (`sched_name`, `trigger_name`, `trigger_group`)
) ENGINE=InnoDB DEFAULT CHARSET=utf8 ROW_FORMAT=COMPACT;

#
# Data for table "qrtz_simple_triggers"
#


#
# Structure for table "qrtz_cron_triggers"
#

DROP TABLE IF EXISTS `qrtz_cron_triggers`;
CREATE TABLE `qrtz_cron_triggers` (
  `sched_name` varchar(120) NOT NULL,
  `trigger_name` varchar(200) NOT NULL,
  `trigger_group` varchar(200) NOT NULL,
  `cron_expression` varchar(200) NOT NULL,
  `time_zone_id` varchar(80) DEFAULT NULL,
  PRIMARY KEY (`sched_name`,`trigger_name`,`trigger_group`) USING BTREE,
  CONSTRAINT `qrtz_cron_triggers_ibfk_1` FOREIGN KEY (`sched_name`, `trigger_name`, `trigger_group`) REFERENCES `qrtz_triggers` (`sched_name`, `trigger_name`, `trigger_group`)
) ENGINE=InnoDB DEFAULT CHARSET=utf8 ROW_FORMAT=COMPACT;

#
# Data for table "qrtz_cron_triggers"
#

INSERT INTO `qrtz_cron_triggers` VALUES ('RuoyiScheduler','TASK_CLASS_NAME1','DEFAULT','0/10 * * * * ?','Asia/Shanghai'),('RuoyiScheduler','TASK_CLASS_NAME2','DEFAULT','0/15 * * * * ?','Asia/Shanghai'),('RuoyiScheduler','TASK_CLASS_NAME3','DEFAULT','0/20 * * * * ?','Asia/Shanghai');

#
# Structure for table "qrtz_blob_triggers"
#

DROP TABLE IF EXISTS `qrtz_blob_triggers`;
CREATE TABLE `qrtz_blob_triggers` (
  `sched_name` varchar(120) NOT NULL,
  `trigger_name` varchar(200) NOT NULL,
  `trigger_group` varchar(200) NOT NULL,
  `blob_data` blob,
  PRIMARY KEY (`sched_name`,`trigger_name`,`trigger_group`) USING BTREE,
  CONSTRAINT `qrtz_blob_triggers_ibfk_1` FOREIGN KEY (`sched_name`, `trigger_name`, `trigger_group`) REFERENCES `qrtz_triggers` (`sched_name`, `trigger_name`, `trigger_group`)
) ENGINE=InnoDB DEFAULT CHARSET=utf8 ROW_FORMAT=COMPACT;

#
# Data for table "qrtz_blob_triggers"
#


#
# Structure for table "sau_comment_info_msg"
#

DROP TABLE IF EXISTS `sau_comment_info_msg`;
CREATE TABLE `sau_comment_info_msg` (
  `comment_id` int(12) NOT NULL AUTO_INCREMENT COMMENT '评论编号',
  `parent_id` int(12) NOT NULL COMMENT '父编号',
  `user_id` int(12) NOT NULL COMMENT '用户id',
  `comment_content` text NOT NULL COMMENT '内容',
  `comment_time` datetime NOT NULL COMMENT '评论时间',
  `state` int(4) NOT NULL COMMENT '状态',
  PRIMARY KEY (`comment_id`) USING BTREE
) ENGINE=InnoDB AUTO_INCREMENT=14 DEFAULT CHARSET=latin1 ROW_FORMAT=COMPACT;

#
# Data for table "sau_comment_info_msg"
#

INSERT INTO `sau_comment_info_msg` VALUES (1,7,1,'aaa','2020-05-14 00:31:18',1),(2,7,48,'testtttttt','2020-05-14 00:31:23',1),(3,1,49,'lalala','2020-05-14 01:28:50',1),(4,7,1,'123','2020-05-15 14:03:59',1),(5,1,1,'333','2020-05-15 14:04:09',1),(6,7,1,'666','2020-05-15 14:17:00',1),(7,1,1,'666','2020-05-15 14:17:06',1),(8,7,1,'1','2020-05-15 15:10:28',1),(9,8,1,'1','2020-05-15 15:14:42',1),(10,7,1,'2','2020-05-15 15:15:34',1),(11,8,1,'2','2020-05-15 15:15:37',1),(12,9,1,'3','2020-05-15 15:15:42',1),(13,8,63,'test','2023-03-30 21:37:22',1);

#
# Structure for table "sau_course_exchange_msg"
#

DROP TABLE IF EXISTS `sau_course_exchange_msg`;
CREATE TABLE `sau_course_exchange_msg` (
  `stu_work_id` int(12) NOT NULL COMMENT '学生申请顶岗实习id',
  `course_name` varchar(64) NOT NULL COMMENT '课程名称',
  `state` int(4) NOT NULL COMMENT '状态'
) ENGINE=InnoDB DEFAULT CHARSET=utf8 ROW_FORMAT=COMPACT;

#
# Data for table "sau_course_exchange_msg"
#

INSERT INTO `sau_course_exchange_msg` VALUES (8,'大学物理',2),(8,'java程序设计基础',2),(9,'1111111111111111',2),(9,'1111111111111',2),(9,'111111111111',2),(10,'java',2),(10,'web',2),(11,'1',1),(11,'12',1),(12,'',1),(13,'python程序设计基础',1),(13,'C语言程序设计基础',1),(14,'java',1),(14,'web',1),(15,'哈哈哈',1),(15,'222',1);

#
# Structure for table "sau_course_info_msg"
#

DROP TABLE IF EXISTS `sau_course_info_msg`;
CREATE TABLE `sau_course_info_msg` (
  `course_id` int(12) NOT NULL AUTO_INCREMENT COMMENT '课程号',
  `course_name` varchar(16) NOT NULL COMMENT '课程名称',
  `teacher_id` int(12) NOT NULL COMMENT '任课教师号',
  `teacher_name` varchar(16) NOT NULL COMMENT '任课教师姓名',
  `course_time` double(6,2) NOT NULL COMMENT '学时',
  `course_point` double(6,2) NOT NULL COMMENT '学分',
  `pacific` varchar(12) NOT NULL COMMENT '平时成绩占比',
  `exam` varchar(12) NOT NULL COMMENT '考试成绩占比',
  `state` int(2) NOT NULL COMMENT '状态',
  PRIMARY KEY (`course_id`) USING BTREE
) ENGINE=InnoDB AUTO_INCREMENT=23 DEFAULT CHARSET=utf8 ROW_FORMAT=COMPACT;

#
# Data for table "sau_course_info_msg"
#

INSERT INTO `sau_course_info_msg` VALUES (17,'大学语文',53,'马行健',16.00,2.00,'40','60',0),(18,'大学体育',53,'马行健',8.00,1.00,'80','20',0),(19,'大学生程序设计基础',53,'马行健',24.00,3.00,'90','10',0),(20,'高等数学',54,'董理',32.00,4.00,'40','60',0),(21,'线性代数',54,'董理',32.00,4.00,'40','60',0),(22,'大学物理',55,'杜金',24.00,3.00,'40','60',0);

#
# Structure for table "sau_department_info_msg"
#

DROP TABLE IF EXISTS `sau_department_info_msg`;
CREATE TABLE `sau_department_info_msg` (
  `department_id` int(12) NOT NULL AUTO_INCREMENT COMMENT '系号',
  `department_name` varchar(16) NOT NULL COMMENT '系名称',
  `department_intro` varchar(255) DEFAULT NULL COMMENT '系的简介',
  `state` int(2) NOT NULL COMMENT '状态',
  PRIMARY KEY (`department_id`) USING BTREE
) ENGINE=InnoDB DEFAULT CHARSET=utf8 ROW_FORMAT=COMPACT;

#
# Data for table "sau_department_info_msg"
#


#
# Structure for table "sau_production_info_msg"
#

DROP TABLE IF EXISTS `sau_production_info_msg`;
CREATE TABLE `sau_production_info_msg` (
  `production_id` int(12) NOT NULL AUTO_INCREMENT COMMENT '生产实习ID',
  `production_name` varchar(16) NOT NULL COMMENT '名称',
  `production_require` text NOT NULL COMMENT '申请要求',
  `production_begin` varchar(16) NOT NULL COMMENT '开始时间',
  `production_end` varchar(16) NOT NULL COMMENT '结束时间',
  `production_over` varchar(16) NOT NULL COMMENT '申请截至时间',
  `production_company` varchar(64) NOT NULL COMMENT '实习单位名称',
  `production_intro` text NOT NULL COMMENT '实习单位简介',
  `production_weeks` varchar(16) NOT NULL COMMENT '周报数量',
  `production_weekly` text NOT NULL COMMENT '周报填写要求',
  `pacific` varchar(16) NOT NULL COMMENT '周报成绩占比',
  `exam` varchar(16) NOT NULL COMMENT '总结成绩占比',
  `state` int(4) NOT NULL COMMENT '状态',
  PRIMARY KEY (`production_id`) USING BTREE
) ENGINE=InnoDB AUTO_INCREMENT=11 DEFAULT CHARSET=utf8 ROW_FORMAT=COMPACT;

#
# Data for table "sau_production_info_msg"
#

INSERT INTO `sau_production_info_msg` VALUES (3,'生产实习','无','2020-01-01','2020-01-09','2020-01-16','1111','1111','2','不少于300字','50','50',2),(4,'儿童疫苗苗','健康的人','2020-01-02','2020-02-28','2020-01-01','华为','无','5','疫苗很重要必须打','40','60',1),(5,'童疫苗','333','2020-01-01','2020-01-09','2020-01-16','333','33','3','普及疫苗','40','60',1),(6,'生产实习','444','2019-12-31','2020-01-09','2020-01-09','444','44','4','周报不少于300字','44','56',2),(7,'生产实习','11111111111111111111111111111111111111111111111111111111111111111','2020-01-30','2020-02-14','2020-02-28','11111','1111111111111111111111111111111111111111111111111111111111111111111111111111111111111111111111111111111111111111111111111111111111111111111111111111111111111','11','11111111111111','11','89',2),(8,'疫苗','无感冒','2023-03-01','2023-04-21','2023-04-12','111','111','111','111','20','80',1),(9,'XX儿童疫苗','健康','2023-02-09','2023-06-08','2023-05-17','XX药厂','XX药厂XX药厂XX药厂','2','无','50','50',1),(10,'XX儿童疫苗2','嘎嘎健康','2023-01-19','2023-07-14','2023-06-28','XX生物厂','XX生物厂XX生物厂XX生物厂','3','呜呜呜呜','50','50',1);

#
# Structure for table "sau_production_weekly_msg"
#

DROP TABLE IF EXISTS `sau_production_weekly_msg`;
CREATE TABLE `sau_production_weekly_msg` (
  `workly_id` int(12) NOT NULL AUTO_INCREMENT COMMENT '周报id',
  `stu_prod_id` int(12) NOT NULL COMMENT '学生生产实习id',
  `workly_category` varchar(16) NOT NULL COMMENT '类别',
  `workly_over` varchar(16) NOT NULL COMMENT '截至时间',
  `workly_main` text COMMENT '周报内容',
  `workly_score` varchar(16) NOT NULL COMMENT '分数',
  `workly_act_score` varchar(16) DEFAULT NULL COMMENT '实际得分',
  `workly_remark` text COMMENT '教师评语',
  `state` int(4) NOT NULL COMMENT '状态',
  PRIMARY KEY (`workly_id`) USING BTREE
) ENGINE=InnoDB AUTO_INCREMENT=60 DEFAULT CHARSET=utf8 ROW_FORMAT=COMPACT;

#
# Data for table "sau_production_weekly_msg"
#

INSERT INTO `sau_production_weekly_msg` VALUES (38,3,'第1次周报','2020-01-13',NULL,'20.00',NULL,NULL,1),(39,3,'第2次周报','2020-01-24',NULL,'20.00',NULL,NULL,1),(40,3,'第3次周报','2020-02-04',NULL,'20.00',NULL,NULL,1),(41,3,'第4次周报','2020-02-15',NULL,'20.00','10',NULL,1),(42,3,'第5次周报','2020-02-26','333333\n3\n3\n3\n3\n3\n\n3\n3\n3\n3\n3\n3\n3\n3\n3\n3\n3\n3\n3\n3\n3\n3\n3\n3\n3\n3\n3\n3\n3\n3\n3\n3\n3\n3','20.00','11','优秀！',1),(43,3,'总结','2020-02-28','11111111111111111111111111111111111111111111111111111111111111111111111111111111111111111111111111111111111111111111111111111111111111111111111111111111111111111111111111111111111111111111111111111111111111111111111111111111111111111111111111111111111111111111111111111111111111111111111111111111111111111111111111111111111111111111111111111111111111111111111111111111111111111111111111111111111111111111111111111111111111111111111111111111111111111111111111111111111111111111111111111111111111111111111111111111111111111111111','100.00','100','23333333333333333333333333333333333333333333333333333333333333333333333333333333333333333333333333333333333333333333333333333333333333333333333333333333333333333333333333333333333333333333333333333333333333333333333333333333333333333333333333333333333333333333333333333333333333333333333333333333333333333333333333333333333333333333333333333333333333333333333333333333333333333333333333333333333333333333333333333333333333333333333333333333333333333333333333333333333333333333333333333333333333333333333333333333333333333333333333333333333333333333333333333333333333333333333333333333333333',1),(44,4,'第1次周报','2020-01-31',NULL,'9.09',NULL,NULL,2),(45,4,'第2次周报','2020-02-01',NULL,'9.09',NULL,NULL,2),(46,4,'第3次周报','2020-02-02',NULL,'9.09',NULL,NULL,2),(47,4,'第4次周报','2020-02-03',NULL,'9.09',NULL,NULL,2),(48,4,'第5次周报','2020-02-04',NULL,'9.09',NULL,NULL,2),(49,4,'第6次周报','2020-02-05',NULL,'9.09',NULL,NULL,2),(50,4,'第7次周报','2020-02-06',NULL,'9.09',NULL,NULL,2),(51,4,'第8次周报','2020-02-07',NULL,'9.09',NULL,NULL,2),(52,4,'第9次周报','2020-02-08',NULL,'9.09',NULL,NULL,2),(53,4,'第10次周报','2020-02-09',NULL,'9.09',NULL,NULL,2),(54,4,'第11次周报','2020-02-10',NULL,'9.09',NULL,NULL,2),(55,4,'总结','2020-02-14',NULL,'100',NULL,NULL,2),(56,8,'第1次周报','2023-03-18',NULL,'33.33',NULL,NULL,1),(57,8,'第2次周报','2023-05-15',NULL,'33.33',NULL,NULL,1),(58,8,'第3次周报','2023-07-12',NULL,'33.33',NULL,NULL,1),(59,8,'总结','2023-07-14',NULL,'100',NULL,NULL,1),(60,9,'第1次周报','2023-03-01',NULL,'0.90',NULL,NULL,1),(61,9,'第2次周报','2023-03-01',NULL,'0.90',NULL,NULL,1),(62,9,'第3次周报','2023-03-01',NULL,'0.90',NULL,NULL,1),(63,9,'第4次周报','2023-03-01',NULL,'0.90',NULL,NULL,1),(64,9,'第5次周报','2023-03-01',NULL,'0.90',NULL,NULL,1),(65,9,'第6次周报','2023-03-01',NULL,'0.90',NULL,NULL,1),(66,9,'第7次周报','2023-03-01',NULL,'0.90',NULL,NULL,1),(67,9,'第8次周报','2023-03-01',NULL,'0.90',NULL,NULL,1),(68,9,'第9次周报','2023-03-01',NULL,'0.90',NULL,NULL,1),(69,9,'第10次周报','2023-03-01',NULL,'0.90',NULL,NULL,1),(70,9,'第11次周报','2023-03-01',NULL,'0.90',NULL,NULL,1),(71,9,'第12次周报','2023-03-01',NULL,'0.90',NULL,NULL,1),(72,9,'第13次周报','2023-03-01',NULL,'0.90',NULL,NULL,1),(73,9,'第14次周报','2023-03-01',NULL,'0.90',NULL,NULL,1),(74,9,'第15次周报','2023-03-01',NULL,'0.90',NULL,NULL,1),(75,9,'第16次周报','2023-03-01',NULL,'0.90',NULL,NULL,1),(76,9,'第17次周报','2023-03-01',NULL,'0.90',NULL,NULL,1),(77,9,'第18次周报','2023-03-01',NULL,'0.90',NULL,NULL,1),(78,9,'第19次周报','2023-03-01',NULL,'0.90',NULL,NULL,1),(79,9,'第20次周报','2023-03-01',NULL,'0.90',NULL,NULL,1),(80,9,'第21次周报','2023-03-01',NULL,'0.90',NULL,NULL,1),(81,9,'第22次周报','2023-03-01',NULL,'0.90',NULL,NULL,1),(82,9,'第23次周报','2023-03-01',NULL,'0.90',NULL,NULL,1),(83,9,'第24次周报','2023-03-01',NULL,'0.90',NULL,NULL,1),(84,9,'第25次周报','2023-03-01',NULL,'0.90',NULL,NULL,1),(85,9,'第26次周报','2023-03-01',NULL,'0.90',NULL,NULL,1),(86,9,'第27次周报','2023-03-01',NULL,'0.90',NULL,NULL,1),(87,9,'第28次周报','2023-03-01',NULL,'0.90',NULL,NULL,1),(88,9,'第29次周报','2023-03-01',NULL,'0.90',NULL,NULL,1),(89,9,'第30次周报','2023-03-01',NULL,'0.90',NULL,NULL,1),(90,9,'第31次周报','2023-03-01',NULL,'0.90',NULL,NULL,1),(91,9,'第32次周报','2023-03-01',NULL,'0.90',NULL,NULL,1),(92,9,'第33次周报','2023-03-01',NULL,'0.90',NULL,NULL,1),(93,9,'第34次周报','2023-03-01',NULL,'0.90',NULL,NULL,1),(94,9,'第35次周报','2023-03-01',NULL,'0.90',NULL,NULL,1),(95,9,'第36次周报','2023-03-01',NULL,'0.90',NULL,NULL,1),(96,9,'第37次周报','2023-03-01',NULL,'0.90',NULL,NULL,1),(97,9,'第38次周报','2023-03-01',NULL,'0.90',NULL,NULL,1),(98,9,'第39次周报','2023-03-01',NULL,'0.90',NULL,NULL,1),(99,9,'第40次周报','2023-03-01',NULL,'0.90',NULL,NULL,1),(100,9,'第41次周报','2023-03-01',NULL,'0.90',NULL,NULL,1),(101,9,'第42次周报','2023-03-01',NULL,'0.90',NULL,NULL,1),(102,9,'第43次周报','2023-03-01',NULL,'0.90',NULL,NULL,1),(103,9,'第44次周报','2023-03-01',NULL,'0.90',NULL,NULL,1),(104,9,'第45次周报','2023-03-01',NULL,'0.90',NULL,NULL,1),(105,9,'第46次周报','2023-03-01',NULL,'0.90',NULL,NULL,1),(106,9,'第47次周报','2023-03-01',NULL,'0.90',NULL,NULL,1),(107,9,'第48次周报','2023-03-01',NULL,'0.90',NULL,NULL,1),(108,9,'第49次周报','2023-03-01',NULL,'0.90',NULL,NULL,1),(109,9,'第50次周报','2023-03-01',NULL,'0.90',NULL,NULL,1),(110,9,'第51次周报','2023-03-01',NULL,'0.90',NULL,NULL,1),(111,9,'第52次周报','2023-03-01',NULL,'0.90',NULL,NULL,1),(112,9,'第53次周报','2023-03-01',NULL,'0.90',NULL,NULL,1),(113,9,'第54次周报','2023-03-01',NULL,'0.90',NULL,NULL,1),(114,9,'第55次周报','2023-03-01',NULL,'0.90',NULL,NULL,1),(115,9,'第56次周报','2023-03-01',NULL,'0.90',NULL,NULL,1),(116,9,'第57次周报','2023-03-01',NULL,'0.90',NULL,NULL,1),(117,9,'第58次周报','2023-03-01',NULL,'0.90',NULL,NULL,1),(118,9,'第59次周报','2023-03-01',NULL,'0.90',NULL,NULL,1),(119,9,'第60次周报','2023-03-01',NULL,'0.90',NULL,NULL,1),(120,9,'第61次周报','2023-03-01',NULL,'0.90',NULL,NULL,1),(121,9,'第62次周报','2023-03-01',NULL,'0.90',NULL,NULL,1),(122,9,'第63次周报','2023-03-01',NULL,'0.90',NULL,NULL,1),(123,9,'第64次周报','2023-03-01',NULL,'0.90',NULL,NULL,1),(124,9,'第65次周报','2023-03-01',NULL,'0.90',NULL,NULL,1),(125,9,'第66次周报','2023-03-01',NULL,'0.90',NULL,NULL,1),(126,9,'第67次周报','2023-03-01',NULL,'0.90',NULL,NULL,1),(127,9,'第68次周报','2023-03-01',NULL,'0.90',NULL,NULL,1),(128,9,'第69次周报','2023-03-01',NULL,'0.90',NULL,NULL,1),(129,9,'第70次周报','2023-03-01',NULL,'0.90',NULL,NULL,1),(130,9,'第71次周报','2023-03-01',NULL,'0.90',NULL,NULL,1),(131,9,'第72次周报','2023-03-01',NULL,'0.90',NULL,NULL,1),(132,9,'第73次周报','2023-03-01',NULL,'0.90',NULL,NULL,1),(133,9,'第74次周报','2023-03-01',NULL,'0.90',NULL,NULL,1),(134,9,'第75次周报','2023-03-01',NULL,'0.90',NULL,NULL,1),(135,9,'第76次周报','2023-03-01',NULL,'0.90',NULL,NULL,1),(136,9,'第77次周报','2023-03-01',NULL,'0.90',NULL,NULL,1),(137,9,'第78次周报','2023-03-01',NULL,'0.90',NULL,NULL,1),(138,9,'第79次周报','2023-03-01',NULL,'0.90',NULL,NULL,1),(139,9,'第80次周报','2023-03-01',NULL,'0.90',NULL,NULL,1),(140,9,'第81次周报','2023-03-01',NULL,'0.90',NULL,NULL,1),(141,9,'第82次周报','2023-03-01',NULL,'0.90',NULL,NULL,1),(142,9,'第83次周报','2023-03-01',NULL,'0.90',NULL,NULL,1),(143,9,'第84次周报','2023-03-01',NULL,'0.90',NULL,NULL,1),(144,9,'第85次周报','2023-03-01',NULL,'0.90',NULL,NULL,1),(145,9,'第86次周报','2023-03-01',NULL,'0.90',NULL,NULL,1),(146,9,'第87次周报','2023-03-01',NULL,'0.90',NULL,NULL,1),(147,9,'第88次周报','2023-03-01',NULL,'0.90',NULL,NULL,1),(148,9,'第89次周报','2023-03-01',NULL,'0.90',NULL,NULL,1),(149,9,'第90次周报','2023-03-01',NULL,'0.90',NULL,NULL,1),(150,9,'第91次周报','2023-03-01',NULL,'0.90',NULL,NULL,1),(151,9,'第92次周报','2023-03-01',NULL,'0.90',NULL,NULL,1),(152,9,'第93次周报','2023-03-01',NULL,'0.90',NULL,NULL,1),(153,9,'第94次周报','2023-03-01',NULL,'0.90',NULL,NULL,1),(154,9,'第95次周报','2023-03-01',NULL,'0.90',NULL,NULL,1),(155,9,'第96次周报','2023-03-01',NULL,'0.90',NULL,NULL,1),(156,9,'第97次周报','2023-03-01',NULL,'0.90',NULL,NULL,1),(157,9,'第98次周报','2023-03-01',NULL,'0.90',NULL,NULL,1),(158,9,'第99次周报','2023-03-01',NULL,'0.90',NULL,NULL,1),(159,9,'第100次周报','2023-03-01',NULL,'0.90',NULL,NULL,1),(160,9,'第101次周报','2023-03-01',NULL,'0.90',NULL,NULL,1),(161,9,'第102次周报','2023-03-01',NULL,'0.90',NULL,NULL,1),(162,9,'第103次周报','2023-03-01',NULL,'0.90',NULL,NULL,1),(163,9,'第104次周报','2023-03-01',NULL,'0.90',NULL,NULL,1),(164,9,'第105次周报','2023-03-01',NULL,'0.90',NULL,NULL,1),(165,9,'第106次周报','2023-03-01',NULL,'0.90',NULL,NULL,1),(166,9,'第107次周报','2023-03-01',NULL,'0.90',NULL,NULL,1),(167,9,'第108次周报','2023-03-01',NULL,'0.90',NULL,NULL,1),(168,9,'第109次周报','2023-03-01',NULL,'0.90',NULL,NULL,1),(169,9,'第110次周报','2023-03-01',NULL,'0.90',NULL,NULL,1),(170,9,'第111次周报','2023-03-01',NULL,'0.90',NULL,NULL,1),(171,9,'总结','2023-04-21',NULL,'100',NULL,NULL,1);

#
# Structure for table "sau_student_course_msg"
#

DROP TABLE IF EXISTS `sau_student_course_msg`;
CREATE TABLE `sau_student_course_msg` (
  `curricula_id` int(12) NOT NULL AUTO_INCREMENT COMMENT 'id',
  `student_id` int(12) NOT NULL COMMENT '学生学号',
  `course_id` int(12) NOT NULL COMMENT '课程号',
  `pacific_score` varchar(12) DEFAULT NULL COMMENT '平时成绩',
  `exam_score` varchar(12) DEFAULT NULL COMMENT '考试成绩',
  `score` varchar(12) DEFAULT NULL COMMENT '总成绩',
  `state` int(2) NOT NULL COMMENT '状态',
  PRIMARY KEY (`curricula_id`) USING BTREE
) ENGINE=InnoDB AUTO_INCREMENT=44 DEFAULT CHARSET=utf8 ROW_FORMAT=COMPACT;

#
# Data for table "sau_student_course_msg"
#

INSERT INTO `sau_student_course_msg` VALUES (25,48,17,'90','100','96.00',0),(26,48,18,'100','90','98.00',0),(27,48,20,NULL,NULL,NULL,0),(28,48,22,'80','80','80.00',0),(29,49,18,'75','95','79.00',0),(30,49,19,'90','80','89.00',0),(31,49,21,NULL,NULL,NULL,0),(32,49,22,'80','90','86.00',0),(33,50,17,'70','70','70.00',0),(34,50,18,'99','100','99.20',0),(35,50,19,'80','80','80.00',0),(36,51,20,NULL,NULL,NULL,0),(37,51,21,NULL,NULL,NULL,0),(38,51,22,'70','70','70.00',0),(39,52,18,'80','100','84.00',0),(40,52,20,NULL,NULL,NULL,0),(41,52,22,'70','80','76.00',0),(42,48,19,NULL,NULL,NULL,0),(43,1,17,NULL,NULL,NULL,0);

#
# Structure for table "sau_student_info_msg"
#

DROP TABLE IF EXISTS `sau_student_info_msg`;
CREATE TABLE `sau_student_info_msg` (
  `student_id` int(12) NOT NULL AUTO_INCREMENT COMMENT '学生学号',
  `student_name` varchar(16) DEFAULT NULL COMMENT '学生姓名',
  `student_sex` int(2) DEFAULT NULL COMMENT '学生性别',
  `student_birthday` date DEFAULT NULL COMMENT '出生日期',
  `student_grade` double(6,2) DEFAULT NULL COMMENT '入学成绩',
  `department_id` int(12) DEFAULT NULL COMMENT '所在系号',
  `state` int(2) NOT NULL COMMENT '状态',
  PRIMARY KEY (`student_id`) USING BTREE
) ENGINE=InnoDB AUTO_INCREMENT=64 DEFAULT CHARSET=utf8 ROW_FORMAT=COMPACT;

#
# Data for table "sau_student_info_msg"
#

INSERT INTO `sau_student_info_msg` VALUES (1,'泊停',1,'2020-01-17',666.00,217,1),(48,'王旭',0,'2020-01-03',666.00,217,0),(49,'高钰清',1,'2020-01-07',666.00,218,0),(50,'黄灿',0,'2019-12-29',666.00,219,0),(51,'张庆阳',2,'2020-01-11',666.00,220,0),(52,'张昊辰',1,'2020-01-06',666.00,218,0),(56,'test',0,'2020-01-30',123.00,218,0),(60,'user',0,'2022-02-09',60.00,217,1),(63,'王鹏',0,'2022-07-13',90.00,218,1);

#
# Structure for table "sau_student_production_msg"
#

DROP TABLE IF EXISTS `sau_student_production_msg`;
CREATE TABLE `sau_student_production_msg` (
  `stu_prod_id` int(12) NOT NULL AUTO_INCREMENT COMMENT 'id',
  `student_id` int(12) NOT NULL,
  `production_id` int(12) NOT NULL,
  `pacific_score` varchar(16) DEFAULT NULL,
  `exam_score` varchar(16) DEFAULT NULL,
  `score` varchar(16) DEFAULT NULL,
  `audit_state` varchar(4) NOT NULL,
  `state` varchar(4) NOT NULL,
  PRIMARY KEY (`stu_prod_id`) USING BTREE
) ENGINE=InnoDB AUTO_INCREMENT=10 DEFAULT CHARSET=utf8 ROW_FORMAT=COMPACT;

#
# Data for table "sau_student_production_msg"
#

INSERT INTO `sau_student_production_msg` VALUES (1,1,3,NULL,NULL,NULL,'2','2'),(2,1,4,NULL,NULL,NULL,'1','2'),(3,1,4,'21','100','68.40','2','1'),(4,1,7,NULL,NULL,NULL,'2','2'),(5,59,8,NULL,NULL,NULL,'1','1'),(6,48,8,NULL,NULL,NULL,'1','1'),(7,60,8,NULL,NULL,NULL,'1','1'),(8,60,10,NULL,NULL,NULL,'2','1'),(9,63,8,NULL,NULL,NULL,'2','1');

#
# Structure for table "sau_student_work_msg"
#

DROP TABLE IF EXISTS `sau_student_work_msg`;
CREATE TABLE `sau_student_work_msg` (
  `stu_work_id` int(12) NOT NULL AUTO_INCREMENT COMMENT '学生申请顶岗实习id',
  `student_id` int(12) NOT NULL COMMENT '学生学号',
  `work_id` int(12) NOT NULL COMMENT '顶岗实习id',
  `company` varchar(64) NOT NULL COMMENT '实习企业',
  `site` text NOT NULL COMMENT '实习地点',
  `begining` varchar(16) NOT NULL COMMENT '实习开始时间',
  `ending` varchar(16) NOT NULL COMMENT '实习结束时间',
  `content` text NOT NULL COMMENT '实习内容',
  `pacific_score` varchar(16) DEFAULT NULL COMMENT '周报成绩',
  `exam_score` varchar(16) DEFAULT NULL COMMENT '总结成绩',
  `score` varchar(16) DEFAULT NULL COMMENT '总评成绩',
  `audit_state` int(4) NOT NULL COMMENT '审核状态',
  `state` int(4) NOT NULL COMMENT '状态',
  PRIMARY KEY (`stu_work_id`) USING BTREE
) ENGINE=InnoDB AUTO_INCREMENT=16 DEFAULT CHARSET=utf8 ROW_FORMAT=COMPACT;

#
# Data for table "sau_student_work_msg"
#

INSERT INTO `sau_student_work_msg` VALUES (8,1,6,'腾讯','深圳','2020-09-01','2020-12-31','无','25','0','20.40',2,2),(9,1,7,'1111111111111111111111111111111111111111111111111111','111111111111111111111111111111111111111111111111111111111111111111','2019-12-31','2020-04-25','111111111111111111111111111111111111111111111111111111111111111111111111111111111111111111111111111111111111111111111111111111111111111111111111111111111111111',NULL,NULL,NULL,2,2),(10,1,8,'360','360大厦','2020-06-18','2020-09-17','111','','','',2,2),(11,1,9,'1','1','2020-06-25','2020-09-17','1','65','80.00','74.0000',2,1),(12,1,10,'1','1','2020-06-09','2020-08-28','1','13','40.00','29.2000',2,1),(13,48,11,'360','北京市朝阳区798艺术区360大厦','2020-06-03','2020-10-15','1111',NULL,NULL,NULL,2,1),(14,48,12,'1','12','2020-06-29','2020-10-22','111','20','40.00','32.0000',2,1),(15,59,13,'11','11','2022-11-29','2023-05-17','11',NULL,NULL,NULL,1,1);

#
# Structure for table "sau_talk_info_msg"
#

DROP TABLE IF EXISTS `sau_talk_info_msg`;
CREATE TABLE `sau_talk_info_msg` (
  `talk_id` int(12) NOT NULL AUTO_INCREMENT COMMENT '帖子编号',
  `user_id` int(12) NOT NULL COMMENT '工号',
  `talk_content` text NOT NULL COMMENT '内容',
  `talk_center` varchar(64) NOT NULL COMMENT '主题',
  `talk_time` varchar(32) NOT NULL COMMENT '发帖时间',
  `audit_state` int(4) NOT NULL COMMENT '审核状态',
  `state` int(4) NOT NULL COMMENT '状态',
  PRIMARY KEY (`talk_id`) USING BTREE
) ENGINE=InnoDB AUTO_INCREMENT=10 DEFAULT CHARSET=utf8 ROW_FORMAT=COMPACT;

#
# Data for table "sau_talk_info_msg"
#

INSERT INTO `sau_talk_info_msg` VALUES (7,1,'大家踊跃发言','疫苗讨论区1','2023-03-30',2,2),(8,1,'论坛论坛','论坛','2023-03-30',2,1),(9,1,'讨论讨论讨论','讨论','2023-03-30',2,1);

#
# Structure for table "sau_teacher_info_msg"
#

DROP TABLE IF EXISTS `sau_teacher_info_msg`;
CREATE TABLE `sau_teacher_info_msg` (
  `teacher_id` int(12) NOT NULL AUTO_INCREMENT COMMENT '职工号',
  `teacher_name` varchar(16) NOT NULL COMMENT '职工姓名',
  `teacher_sex` int(2) DEFAULT NULL COMMENT '职工性别',
  `teacher_birthday` date DEFAULT NULL COMMENT '出生年月',
  `department_id` int(12) NOT NULL COMMENT '所在系号',
  `teacher_title` int(2) NOT NULL COMMENT '职称',
  `teacher_technical` varchar(16) NOT NULL COMMENT '技术专长',
  `state` int(2) NOT NULL COMMENT '状态',
  PRIMARY KEY (`teacher_id`) USING BTREE
) ENGINE=InnoDB AUTO_INCREMENT=63 DEFAULT CHARSET=utf8 ROW_FORMAT=COMPACT;

#
# Data for table "sau_teacher_info_msg"
#

INSERT INTO `sau_teacher_info_msg` VALUES (53,'马行健',0,'2020-01-16',217,4,'大学语文',0),(54,'董理',0,'2020-01-08',217,1,'高等数学',0),(55,'杜金',0,'2020-01-10',217,1,'大学物理',0),(61,'doctor',0,'2022-02-08',217,1,'test',1),(62,'李医生',0,'2022-03-07',218,1,'麻醉',1);

#
# Structure for table "sau_work_info_msg"
#

DROP TABLE IF EXISTS `sau_work_info_msg`;
CREATE TABLE `sau_work_info_msg` (
  `work_id` int(12) NOT NULL AUTO_INCREMENT COMMENT '顶岗实习ID',
  `work_name` varchar(16) NOT NULL COMMENT '名称',
  `work_require` text NOT NULL COMMENT '申请要求',
  `work_over` varchar(16) NOT NULL COMMENT '申请截至时间',
  `work_weeks` varchar(16) NOT NULL COMMENT '周报数量',
  `work_weekly` text NOT NULL COMMENT '周报填写要求',
  `work_begin` varchar(16) NOT NULL COMMENT '周报开始时间',
  `work_end` varchar(16) NOT NULL COMMENT '周报结束时间',
  `pacific` varchar(16) NOT NULL COMMENT '周报成绩占比',
  `exam` varchar(16) NOT NULL COMMENT '总结成绩占比',
  `state` int(4) NOT NULL COMMENT '状态',
  PRIMARY KEY (`work_id`) USING BTREE
) ENGINE=InnoDB AUTO_INCREMENT=14 DEFAULT CHARSET=utf8 ROW_FORMAT=COMPACT;

#
# Data for table "sau_work_info_msg"
#

INSERT INTO `sau_work_info_msg` VALUES (6,'顶岗实习','无挂科','2020-02-14','10','200字','2020-09-10','2020-11-30','40','60',2),(7,'顶岗实习','11111111111111111111111111111111111111111','2020-02-28','2','1111111111111111111111111111111111111111111111111111111111111111111111111111111111111111111111111111111111111111111111111111111111111111111111111111111','2020-01-30','2020-02-14','40','60',2),(8,'顶岗实习','无挂科','2020-06-30','4','结合自身实际情况填写，字数不少于300字','2020-07-01','2020-08-24','40','60',2),(9,'顶岗实习','123','2020-07-10','4','4','2020-06-25','2020-08-21','40','60',1),(10,'顶岗实习','7','2020-06-11','7','7','2020-06-26','2020-07-11','40','60',1),(11,'顶岗实习','无挂科','2020-06-30','4','111111111','2020-07-15','2020-08-20','40','60',1),(12,'顶岗实习','无挂科','2020-06-30','4','11','2020-07-01','2020-08-11','40','60',1),(13,'儿童疫苗','无病','2023-04-28','11','11','2023-02-27','2023-04-21','20','80',1);

#
# Structure for table "sau_work_weekly_msg"
#

DROP TABLE IF EXISTS `sau_work_weekly_msg`;
CREATE TABLE `sau_work_weekly_msg` (
  `workly_id` int(12) NOT NULL AUTO_INCREMENT COMMENT '周报id',
  `stu_work_id` int(12) NOT NULL COMMENT '学生顶岗实习id',
  `workly_category` varchar(16) NOT NULL COMMENT '类别',
  `workly_main` text COMMENT '周报内容\r\n周报内容',
  `workly_over` varchar(16) NOT NULL COMMENT '截至时间',
  `workly_score` varchar(16) NOT NULL COMMENT '分数',
  `workly_act_score` varchar(16) DEFAULT NULL COMMENT '实际得分',
  `workly_remark` text COMMENT '教师评语',
  `state` int(4) NOT NULL COMMENT '状态',
  PRIMARY KEY (`workly_id`) USING BTREE
) ENGINE=InnoDB AUTO_INCREMENT=64 DEFAULT CHARSET=utf8 ROW_FORMAT=COMPACT;

#
# Data for table "sau_work_weekly_msg"
#

INSERT INTO `sau_work_weekly_msg` VALUES (18,8,'第1次周报','2333','2020-09-18','10.00','9','优秀',2),(19,8,'第2次周报',NULL,'2020-09-26','10.00','8','良好',2),(20,8,'第3次周报',NULL,'2020-10-04','10.00',NULL,NULL,2),(21,8,'第4次周报',NULL,'2020-10-12','10.00',NULL,NULL,2),(22,8,'第5次周报',NULL,'2020-10-20','10.00',NULL,NULL,2),(23,8,'第6次周报',NULL,'2020-10-28','10.00',NULL,NULL,2),(24,8,'第7次周报',NULL,'2020-11-05','10.00',NULL,NULL,2),(25,8,'第8次周报',NULL,'2020-11-13','10.00',NULL,NULL,2),(26,8,'第9次周报',NULL,'2020-11-21','10.00',NULL,NULL,2),(27,8,'第10次周报','222222222222222222222222222222222222222222222222222222222222222222222222222222222222222222222222222222222222222222222222222222222222222222222222222222222222222222222222222222222222222222222222','2020-11-29','10.00','8','4444444444444444444444444444444444444444444444444444444444444444444444444444444444444444444444444444444444444444444444444444444444444',2),(28,8,'总结',NULL,'2020-11-30','100',NULL,NULL,2),(29,9,'第1次周报',NULL,'2020-02-06','50.00',NULL,NULL,2),(30,9,'第2次周报',NULL,'2020-02-13','50.00',NULL,NULL,2),(31,9,'总结',NULL,'2020-02-14','100',NULL,NULL,2),(32,10,'第1次周报','1','2020-07-14','25.00','',NULL,2),(33,10,'第2次周报','1','2020-07-27','25.00','',NULL,2),(34,10,'第3次周报',NULL,'2020-08-09','25.00',NULL,NULL,2),(35,10,'第4次周报',NULL,'2020-08-22','25.00',NULL,NULL,2),(36,10,'java总结','1','2020-08-24','100','',NULL,2),(37,10,'web总结','1','2020-08-24','100',NULL,NULL,2),(38,11,'第1次周报','1','2020-07-09','25.00','20',NULL,1),(39,11,'第2次周报',NULL,'2020-07-23','25.00','20',NULL,1),(40,11,'第3次周报',NULL,'2020-08-06','25.00',NULL,NULL,1),(41,11,'第4次周报',NULL,'2020-08-20','25.00','25',NULL,1),(42,11,'1总结','1','2020-08-21','100','80',NULL,1),(43,11,'12总结',NULL,'2020-08-21','100','80',NULL,1),(44,12,'第1次周报',NULL,'2020-06-28','14.29',NULL,NULL,1),(45,12,'第2次周报',NULL,'2020-06-30','14.29',NULL,NULL,1),(46,12,'第3次周报',NULL,'2020-07-02','14.29',NULL,NULL,1),(47,12,'第4次周报',NULL,'2020-07-04','14.29',NULL,NULL,1),(48,12,'第5次周报',NULL,'2020-07-06','14.29',NULL,NULL,1),(49,12,'第6次周报',NULL,'2020-07-08','14.29',NULL,NULL,1),(50,12,'第7次周报',NULL,'2020-07-10','14.29','13',NULL,1),(51,12,'总结',NULL,'2020-07-11','100','40',NULL,1),(52,13,'第1次周报',NULL,'2020-07-24','25.00',NULL,NULL,1),(53,13,'第2次周报',NULL,'2020-08-02','25.00',NULL,NULL,1),(54,13,'第3次周报',NULL,'2020-08-11','25.00',NULL,NULL,1),(55,13,'第4次周报',NULL,'2020-08-20','25.00',NULL,NULL,1),(56,13,'python程序设计基础总结',NULL,'2020-08-20','100',NULL,NULL,1),(57,13,'C语言程序设计基础总结',NULL,'2020-08-20','100',NULL,NULL,1),(58,14,'第1次周报','123','2020-07-11','25.00','20','1',1),(59,14,'第2次周报',NULL,'2020-07-21','25.00',NULL,NULL,1),(60,14,'第3次周报',NULL,'2020-07-31','25.00',NULL,NULL,1),(61,14,'第4次周报',NULL,'2020-08-10','25.00',NULL,NULL,1),(62,14,'java总结','123','2020-08-11','100','80','1',1),(63,14,'web总结',NULL,'2020-08-11','100',NULL,NULL,1);

#
# Structure for table "sys_config"
#

DROP TABLE IF EXISTS `sys_config`;
CREATE TABLE `sys_config` (
  `config_id` int(5) NOT NULL AUTO_INCREMENT COMMENT '参数主键',
  `config_name` varchar(100) DEFAULT '' COMMENT '参数名称',
  `config_key` varchar(100) DEFAULT '' COMMENT '参数键名',
  `config_value` varchar(500) DEFAULT '' COMMENT '参数键值',
  `config_type` char(1) DEFAULT 'N' COMMENT '系统内置（Y是 N否）',
  `create_by` varchar(64) DEFAULT '' COMMENT '创建者',
  `create_time` datetime DEFAULT NULL COMMENT '创建时间',
  `update_by` varchar(64) DEFAULT '' COMMENT '更新者',
  `update_time` datetime DEFAULT NULL COMMENT '更新时间',
  `remark` varchar(500) DEFAULT NULL COMMENT '备注',
  PRIMARY KEY (`config_id`) USING BTREE
) ENGINE=InnoDB AUTO_INCREMENT=4 DEFAULT CHARSET=utf8 ROW_FORMAT=COMPACT COMMENT='参数配置表';

#
# Data for table "sys_config"
#

INSERT INTO `sys_config` VALUES (1,'主框架页-默认皮肤样式名称','sys.index.skinName','skin-blue','Y','admin','2018-03-16 11:33:00','ry','2018-03-16 11:33:00','蓝色 skin-blue、绿色 skin-green、紫色 skin-purple、红色 skin-red、黄色 skin-yellow'),(2,'用户管理-账号初始密码','sys.user.initPassword','123456','Y','admin','2018-03-16 11:33:00','ry','2018-03-16 11:33:00','初始化密码 123456'),(3,'主框架页-侧边栏主题','sys.index.sideTheme','theme-dark','Y','admin','2018-03-16 11:33:00','ry','2018-03-16 11:33:00','深黑主题theme-dark，浅色主题theme-light，深蓝主题theme-blue');

#
# Structure for table "sys_dept"
#

DROP TABLE IF EXISTS `sys_dept`;
CREATE TABLE `sys_dept` (
  `dept_id` bigint(20) NOT NULL AUTO_INCREMENT COMMENT '部门id',
  `parent_id` bigint(20) DEFAULT '0' COMMENT '父部门id',
  `ancestors` varchar(50) DEFAULT '' COMMENT '祖级列表',
  `dept_name` varchar(30) DEFAULT '' COMMENT '部门名称',
  `order_num` int(4) DEFAULT '0' COMMENT '显示顺序',
  `leader` varchar(20) DEFAULT NULL COMMENT '负责人',
  `phone` varchar(11) DEFAULT NULL COMMENT '联系电话',
  `email` varchar(50) DEFAULT NULL COMMENT '邮箱',
  `status` char(1) DEFAULT '0' COMMENT '部门状态（0正常 1停用）',
  `del_flag` char(1) DEFAULT '0' COMMENT '删除标志（0代表存在 2代表删除）',
  `create_by` varchar(64) DEFAULT '' COMMENT '创建者',
  `create_time` datetime DEFAULT NULL COMMENT '创建时间',
  `update_by` varchar(64) DEFAULT '' COMMENT '更新者',
  `update_time` datetime DEFAULT NULL COMMENT '更新时间',
  PRIMARY KEY (`dept_id`) USING BTREE
) ENGINE=InnoDB AUTO_INCREMENT=221 DEFAULT CHARSET=utf8 ROW_FORMAT=COMPACT COMMENT='部门表';

#
# Data for table "sys_dept"
#

INSERT INTO `sys_dept` VALUES (100,0,'0','计算机学院',0,'admin','15841490867','498155701@qq.com','0','0','admin','2018-03-16 11:33:00','admin','2023-03-30 21:19:48'),(217,100,'0,100','事业单位',1,'admin','15841490867','498155701@qq.com','0','0','admin','2019-12-19 14:35:03','admin','2023-03-30 21:19:36'),(218,100,'0,100','村镇单位',2,'董理','13700126192','498155701@qq.com','0','0','admin','2019-12-19 14:35:23','admin','2023-03-30 21:19:48'),(219,100,'0,100','物联网工程',3,'admin','15841490867','498155701@qq.com','0','0','admin','2019-12-19 14:35:45','',NULL),(220,100,'0,100','软件工程',4,'admin','15841490867','498155701@qq.com','0','0','admin','2019-12-19 14:36:06','',NULL);

#
# Structure for table "sys_dict_data"
#

DROP TABLE IF EXISTS `sys_dict_data`;
CREATE TABLE `sys_dict_data` (
  `dict_code` bigint(20) NOT NULL AUTO_INCREMENT COMMENT '字典编码',
  `dict_sort` int(4) DEFAULT '0' COMMENT '字典排序',
  `dict_label` varchar(100) DEFAULT '' COMMENT '字典标签',
  `dict_value` varchar(100) DEFAULT '' COMMENT '字典键值',
  `dict_type` varchar(100) DEFAULT '' COMMENT '字典类型',
  `css_class` varchar(100) DEFAULT NULL COMMENT '样式属性（其他样式扩展）',
  `list_class` varchar(100) DEFAULT NULL COMMENT '表格回显样式',
  `is_default` char(1) DEFAULT 'N' COMMENT '是否默认（Y是 N否）',
  `status` char(1) DEFAULT '0' COMMENT '状态（0正常 1停用）',
  `create_by` varchar(64) DEFAULT '' COMMENT '创建者',
  `create_time` datetime DEFAULT NULL COMMENT '创建时间',
  `update_by` varchar(64) DEFAULT '' COMMENT '更新者',
  `update_time` datetime DEFAULT NULL COMMENT '更新时间',
  `remark` varchar(500) DEFAULT NULL COMMENT '备注',
  PRIMARY KEY (`dict_code`) USING BTREE
) ENGINE=InnoDB AUTO_INCREMENT=33 DEFAULT CHARSET=utf8 ROW_FORMAT=COMPACT COMMENT='字典数据表';

#
# Data for table "sys_dict_data"
#

INSERT INTO `sys_dict_data` VALUES (1,1,'男','0','sys_user_sex','','','Y','0','admin','2018-03-16 11:33:00','ry','2018-03-16 11:33:00','性别男'),(2,2,'女','1','sys_user_sex','','','N','0','admin','2018-03-16 11:33:00','ry','2018-03-16 11:33:00','性别女'),(3,3,'未知','2','sys_user_sex','','','N','0','admin','2018-03-16 11:33:00','ry','2018-03-16 11:33:00','性别未知'),(4,1,'显示','0','sys_show_hide','','primary','Y','0','admin','2018-03-16 11:33:00','ry','2018-03-16 11:33:00','显示菜单'),(5,2,'隐藏','1','sys_show_hide','','danger','N','0','admin','2018-03-16 11:33:00','ry','2018-03-16 11:33:00','隐藏菜单'),(6,1,'正常','0','sys_normal_disable','','primary','Y','0','admin','2018-03-16 11:33:00','ry','2018-03-16 11:33:00','正常状态'),(7,2,'停用','1','sys_normal_disable','','danger','N','0','admin','2018-03-16 11:33:00','ry','2018-03-16 11:33:00','停用状态'),(8,1,'正常','0','sys_job_status','','primary','Y','0','admin','2018-03-16 11:33:00','ry','2018-03-16 11:33:00','正常状态'),(9,2,'暂停','1','sys_job_status','','danger','N','0','admin','2018-03-16 11:33:00','ry','2018-03-16 11:33:00','停用状态'),(10,1,'默认','DEFAULT','sys_job_group','','','Y','0','admin','2018-03-16 11:33:00','ry','2018-03-16 11:33:00','默认分组'),(11,2,'系统','SYSTEM','sys_job_group','','','N','0','admin','2018-03-16 11:33:00','ry','2018-03-16 11:33:00','系统分组'),(12,1,'是','Y','sys_yes_no','','primary','Y','0','admin','2018-03-16 11:33:00','ry','2018-03-16 11:33:00','系统默认是'),(13,2,'否','N','sys_yes_no','','danger','N','0','admin','2018-03-16 11:33:00','ry','2018-03-16 11:33:00','系统默认否'),(14,1,'通知','1','sys_notice_type','','warning','Y','0','admin','2018-03-16 11:33:00','ry','2018-03-16 11:33:00','通知'),(15,2,'公告','2','sys_notice_type','','success','N','0','admin','2018-03-16 11:33:00','ry','2018-03-16 11:33:00','公告'),(16,1,'正常','0','sys_notice_status','','primary','Y','0','admin','2018-03-16 11:33:00','ry','2018-03-16 11:33:00','正常状态'),(17,2,'关闭','1','sys_notice_status','','danger','N','0','admin','2018-03-16 11:33:00','ry','2018-03-16 11:33:00','关闭状态'),(18,1,'新增','1','sys_oper_type','','info','N','0','admin','2018-03-16 11:33:00','ry','2018-03-16 11:33:00','新增操作'),(19,2,'修改','2','sys_oper_type','','info','N','0','admin','2018-03-16 11:33:00','ry','2018-03-16 11:33:00','修改操作'),(20,3,'删除','3','sys_oper_type','','danger','N','0','admin','2018-03-16 11:33:00','ry','2018-03-16 11:33:00','删除操作'),(21,4,'授权','4','sys_oper_type','','primary','N','0','admin','2018-03-16 11:33:00','ry','2018-03-16 11:33:00','授权操作'),(22,5,'导出','5','sys_oper_type','','warning','N','0','admin','2018-03-16 11:33:00','ry','2018-03-16 11:33:00','导出操作'),(23,6,'导入','6','sys_oper_type','','warning','N','0','admin','2018-03-16 11:33:00','ry','2018-03-16 11:33:00','导入操作'),(24,7,'强退','7','sys_oper_type','','danger','N','0','admin','2018-03-16 11:33:00','ry','2018-03-16 11:33:00','强退操作'),(25,8,'生成代码','8','sys_oper_type','','warning','N','0','admin','2018-03-16 11:33:00','ry','2018-03-16 11:33:00','生成操作'),(26,9,'清空数据','9','sys_oper_type','','danger','N','0','admin','2018-03-16 11:33:00','ry','2018-03-16 11:33:00','清空操作'),(27,1,'成功','0','sys_common_status','','primary','N','0','admin','2018-03-16 11:33:00','ry','2018-03-16 11:33:00','正常状态'),(28,2,'失败','1','sys_common_status','','danger','N','0','admin','2018-03-16 11:33:00','ry','2018-03-16 11:33:00','停用状态'),(29,1,'计算机科学与技术','1','sau_department_id',NULL,NULL,'Y','0','admin','2019-12-12 16:51:05','',NULL,NULL),(30,2,'网络工程','2','sau_department_id',NULL,NULL,'Y','0','admin','2019-12-12 16:51:22','',NULL,NULL),(31,3,'软件工程','3','sau_department_id',NULL,NULL,'Y','0','admin','2019-12-12 16:52:02','',NULL,NULL),(32,4,'物联网工程','4','sau_department_id',NULL,NULL,'Y','0','admin','2019-12-12 16:52:24','',NULL,NULL);

#
# Structure for table "sys_dict_type"
#

DROP TABLE IF EXISTS `sys_dict_type`;
CREATE TABLE `sys_dict_type` (
  `dict_id` bigint(20) NOT NULL AUTO_INCREMENT COMMENT '字典主键',
  `dict_name` varchar(100) DEFAULT '' COMMENT '字典名称',
  `dict_type` varchar(100) DEFAULT '' COMMENT '字典类型',
  `status` char(1) DEFAULT '0' COMMENT '状态（0正常 1停用）',
  `create_by` varchar(64) DEFAULT '' COMMENT '创建者',
  `create_time` datetime DEFAULT NULL COMMENT '创建时间',
  `update_by` varchar(64) DEFAULT '' COMMENT '更新者',
  `update_time` datetime DEFAULT NULL COMMENT '更新时间',
  `remark` varchar(500) DEFAULT NULL COMMENT '备注',
  PRIMARY KEY (`dict_id`) USING BTREE,
  UNIQUE KEY `dict_type` (`dict_type`) USING BTREE
) ENGINE=InnoDB AUTO_INCREMENT=12 DEFAULT CHARSET=utf8 ROW_FORMAT=COMPACT COMMENT='字典类型表';

#
# Data for table "sys_dict_type"
#

INSERT INTO `sys_dict_type` VALUES (1,'用户性别','sys_user_sex','0','admin','2018-03-16 11:33:00','ry','2018-03-16 11:33:00','用户性别列表'),(2,'菜单状态','sys_show_hide','0','admin','2018-03-16 11:33:00','ry','2018-03-16 11:33:00','菜单状态列表'),(3,'系统开关','sys_normal_disable','0','admin','2018-03-16 11:33:00','ry','2018-03-16 11:33:00','系统开关列表'),(4,'任务状态','sys_job_status','0','admin','2018-03-16 11:33:00','ry','2018-03-16 11:33:00','任务状态列表'),(5,'任务分组','sys_job_group','0','admin','2018-03-16 11:33:00','ry','2018-03-16 11:33:00','任务分组列表'),(6,'系统是否','sys_yes_no','0','admin','2018-03-16 11:33:00','ry','2018-03-16 11:33:00','系统是否列表'),(7,'通知类型','sys_notice_type','0','admin','2018-03-16 11:33:00','ry','2018-03-16 11:33:00','通知类型列表'),(8,'通知状态','sys_notice_status','0','admin','2018-03-16 11:33:00','ry','2018-03-16 11:33:00','通知状态列表'),(9,'操作类型','sys_oper_type','0','admin','2018-03-16 11:33:00','ry','2018-03-16 11:33:00','操作类型列表'),(10,'系统状态','sys_common_status','0','admin','2018-03-16 11:33:00','ry','2018-03-16 11:33:00','登录状态列表'),(11,'院系编码','sau_department_id','0','admin','2019-12-12 16:49:26','admin','2019-12-12 16:49:58','学院系号列表');

#
# Structure for table "sys_job"
#

DROP TABLE IF EXISTS `sys_job`;
CREATE TABLE `sys_job` (
  `job_id` bigint(20) NOT NULL AUTO_INCREMENT COMMENT '任务ID',
  `job_name` varchar(64) NOT NULL DEFAULT '' COMMENT '任务名称',
  `job_group` varchar(64) NOT NULL DEFAULT 'DEFAULT' COMMENT '任务组名',
  `invoke_target` varchar(500) NOT NULL COMMENT '调用目标字符串',
  `cron_expression` varchar(255) DEFAULT '' COMMENT 'cron执行表达式',
  `misfire_policy` varchar(20) DEFAULT '3' COMMENT '计划执行错误策略（1立即执行 2执行一次 3放弃执行）',
  `concurrent` char(1) DEFAULT '1' COMMENT '是否并发执行（0允许 1禁止）',
  `status` char(1) DEFAULT '0' COMMENT '状态（0正常 1暂停）',
  `create_by` varchar(64) DEFAULT '' COMMENT '创建者',
  `create_time` datetime DEFAULT NULL COMMENT '创建时间',
  `update_by` varchar(64) DEFAULT '' COMMENT '更新者',
  `update_time` datetime DEFAULT NULL COMMENT '更新时间',
  `remark` varchar(500) DEFAULT '' COMMENT '备注信息',
  PRIMARY KEY (`job_id`,`job_name`,`job_group`) USING BTREE
) ENGINE=InnoDB AUTO_INCREMENT=4 DEFAULT CHARSET=utf8 ROW_FORMAT=COMPACT COMMENT='定时任务调度表';

#
# Data for table "sys_job"
#

INSERT INTO `sys_job` VALUES (1,'系统默认（无参）','DEFAULT','ryTask.ryNoParams','0/10 * * * * ?','3','1','1','admin','2018-03-16 11:33:00','ry','2018-03-16 11:33:00',''),(2,'系统默认（有参）','DEFAULT','ryTask.ryParams(\'ry\')','0/15 * * * * ?','3','1','1','admin','2018-03-16 11:33:00','ry','2018-03-16 11:33:00',''),(3,'系统默认（多参）','DEFAULT','ryTask.ryMultipleParams(\'ry\', true, 2000L, 316.50D, 100)','0/20 * * * * ?','3','1','1','admin','2018-03-16 11:33:00','ry','2018-03-16 11:33:00','');

#
# Structure for table "sys_job_log"
#

DROP TABLE IF EXISTS `sys_job_log`;
CREATE TABLE `sys_job_log` (
  `job_log_id` bigint(20) NOT NULL AUTO_INCREMENT COMMENT '任务日志ID',
  `job_name` varchar(64) NOT NULL COMMENT '任务名称',
  `job_group` varchar(64) NOT NULL COMMENT '任务组名',
  `invoke_target` varchar(500) NOT NULL COMMENT '调用目标字符串',
  `job_message` varchar(500) DEFAULT NULL COMMENT '日志信息',
  `status` char(1) DEFAULT '0' COMMENT '执行状态（0正常 1失败）',
  `exception_info` varchar(2000) DEFAULT '' COMMENT '异常信息',
  `create_time` datetime DEFAULT NULL COMMENT '创建时间',
  PRIMARY KEY (`job_log_id`) USING BTREE
) ENGINE=InnoDB AUTO_INCREMENT=2 DEFAULT CHARSET=utf8 ROW_FORMAT=COMPACT COMMENT='定时任务调度日志表';

#
# Data for table "sys_job_log"
#

INSERT INTO `sys_job_log` VALUES (1,'系统默认（无参）','DEFAULT','ryTask.ryNoParams','系统默认（无参） 总共耗时：2毫秒','0','','2020-01-05 17:17:10');

#
# Structure for table "sys_logininfor"
#

DROP TABLE IF EXISTS `sys_logininfor`;
CREATE TABLE `sys_logininfor` (
  `info_id` bigint(20) NOT NULL AUTO_INCREMENT COMMENT '访问ID',
  `login_name` varchar(50) DEFAULT '' COMMENT '登录账号',
  `ipaddr` varchar(50) DEFAULT '' COMMENT '登录IP地址',
  `login_location` varchar(255) DEFAULT '' COMMENT '登录地点',
  `browser` varchar(50) DEFAULT '' COMMENT '浏览器类型',
  `os` varchar(50) DEFAULT '' COMMENT '操作系统',
  `status` char(1) DEFAULT '0' COMMENT '登录状态（0成功 1失败）',
  `msg` varchar(255) DEFAULT '' COMMENT '提示消息',
  `login_time` datetime DEFAULT NULL COMMENT '访问时间',
  PRIMARY KEY (`info_id`) USING BTREE
) ENGINE=InnoDB AUTO_INCREMENT=1323 DEFAULT CHARSET=utf8 ROW_FORMAT=COMPACT COMMENT='系统访问记录';

#
# Data for table "sys_logininfor"
#

INSERT INTO `sys_logininfor` VALUES (100,'admin','127.0.0.1','内网IP','Chrome','Windows 10','0','登录成功','2019-12-09 12:54:19'),(101,'admin','127.0.0.1','内网IP','Chrome','Windows 10','0','登录成功','2019-12-09 12:56:51'),(102,'admin','127.0.0.1','内网IP','Chrome','Windows 10','1','验证码错误','2019-12-09 15:28:59'),(103,'admin','127.0.0.1','内网IP','Chrome','Windows 10','0','登录成功','2019-12-09 15:29:03'),(104,'admin','127.0.0.1','内网IP','Chrome','Windows 10','0','登录成功','2019-12-09 15:38:06'),(105,'admin','127.0.0.1','内网IP','Chrome','Windows 10','0','登录成功','2019-12-09 16:02:37'),(106,'admin','127.0.0.1','内网IP','Chrome','Windows 10','0','登录成功','2019-12-09 16:08:04'),(107,'admin','127.0.0.1','内网IP','Chrome','Windows 10','0','登录成功','2019-12-09 17:10:35'),(108,'admin','127.0.0.1','内网IP','Chrome','Windows 10','0','登录成功','2019-12-09 17:17:46'),(109,'admin','127.0.0.1','内网IP','Chrome','Windows 10','0','登录成功','2019-12-09 17:28:44'),(110,'admin','127.0.0.1','内网IP','Chrome','Windows 10','0','退出成功','2019-12-09 18:01:38'),(111,'admin','127.0.0.1','内网IP','Chrome','Windows 10','1','验证码错误','2019-12-09 18:02:54'),(112,'admin','127.0.0.1','内网IP','Chrome','Windows 10','1','验证码错误','2019-12-09 18:03:00'),(113,'admin','127.0.0.1','内网IP','Chrome','Windows 10','0','登录成功','2019-12-09 18:03:05'),(114,'admin','127.0.0.1','内网IP','Chrome','Windows 10','0','退出成功','2019-12-09 18:03:10'),(115,'admin','127.0.0.1','内网IP','Chrome','Windows 10','1','验证码错误','2019-12-09 18:03:38'),(116,'admin','127.0.0.1','内网IP','Chrome','Windows 10','0','登录成功','2019-12-09 18:03:41'),(117,'admin','127.0.0.1','内网IP','Chrome','Windows 10','0','登录成功','2019-12-10 19:25:04'),(118,'admin','127.0.0.1','内网IP','Chrome','Windows 10','0','登录成功','2019-12-10 19:32:36'),(119,'admin','127.0.0.1','内网IP','Chrome','Windows 10','0','登录成功','2019-12-10 19:48:08'),(120,'admin','127.0.0.1','内网IP','Chrome','Windows 10','0','登录成功','2019-12-10 19:49:56'),(121,'admin','127.0.0.1','内网IP','Chrome','Windows 10','0','登录成功','2019-12-10 19:50:39'),(122,'admin','127.0.0.1','内网IP','Chrome','Windows 10','0','登录成功','2019-12-10 19:50:49'),(123,'admin','127.0.0.1','内网IP','Chrome','Windows 10','1','验证码错误','2019-12-10 19:51:48'),(124,'admin','127.0.0.1','内网IP','Chrome','Windows 10','0','登录成功','2019-12-10 19:51:52'),(125,'admin','127.0.0.1','内网IP','Chrome','Windows 10','0','退出成功','2019-12-10 19:52:55'),(126,'admin','127.0.0.1','内网IP','Chrome','Windows 10','0','登录成功','2019-12-10 19:53:00'),(127,'admin','127.0.0.1','内网IP','Chrome','Windows 10','0','登录成功','2019-12-10 19:58:46'),(128,'admin','127.0.0.1','内网IP','Chrome','Windows 10','0','登录成功','2019-12-10 20:04:06'),(129,'admin','127.0.0.1','内网IP','Chrome','Windows 10','0','登录成功','2019-12-11 15:23:15'),(130,'admin','127.0.0.1','内网IP','Chrome','Windows 10','0','登录成功','2019-12-11 15:36:32'),(131,'admin','127.0.0.1','内网IP','Chrome','Windows 10','0','登录成功','2019-12-11 20:12:44'),(132,'admin','127.0.0.1','内网IP','Chrome','Windows 10','0','登录成功','2019-12-12 14:54:28'),(133,'admin','127.0.0.1','内网IP','Chrome','Windows 10','0','登录成功','2019-12-12 14:54:45'),(134,'admin','127.0.0.1','内网IP','Chrome','Windows 10','0','登录成功','2019-12-12 15:03:47'),(135,'admin','127.0.0.1','内网IP','Chrome','Windows 10','0','登录成功','2019-12-12 15:24:12'),(136,'admin','127.0.0.1','内网IP','Chrome','Windows 10','0','登录成功','2019-12-12 15:34:51'),(137,'admin','127.0.0.1','内网IP','Chrome','Windows 10','0','登录成功','2019-12-12 15:47:37'),(138,'admin','127.0.0.1','内网IP','Chrome','Windows 10','0','登录成功','2019-12-12 15:48:57'),(139,'admin','127.0.0.1','内网IP','Chrome','Windows 10','0','登录成功','2019-12-12 15:55:31'),(140,'admin','127.0.0.1','内网IP','Chrome','Windows 10','1','验证码错误','2019-12-12 15:57:56'),(141,'admin','127.0.0.1','内网IP','Chrome','Windows 10','0','登录成功','2019-12-12 15:57:59'),(142,'admin','127.0.0.1','内网IP','Chrome','Windows 10','1','验证码错误','2019-12-12 16:06:18'),(143,'admin','127.0.0.1','内网IP','Chrome','Windows 10','0','登录成功','2019-12-12 16:06:22'),(144,'admin','127.0.0.1','内网IP','Firefox 7','Windows 10','1','验证码错误','2019-12-12 16:28:01'),(145,'admin','127.0.0.1','内网IP','Firefox 7','Windows 10','0','登录成功','2019-12-12 16:28:06'),(146,'admin','127.0.0.1','内网IP','Chrome','Windows 10','0','登录成功','2019-12-12 16:50:13'),(147,'admin','127.0.0.1','内网IP','Chrome','Windows 10','0','登录成功','2019-12-12 17:14:44'),(148,'admin','127.0.0.1','内网IP','Chrome','Windows 10','0','登录成功','2019-12-12 17:20:17'),(149,'admin','127.0.0.1','内网IP','Chrome','Windows 10','1','验证码错误','2019-12-12 18:25:00'),(150,'admin','127.0.0.1','内网IP','Chrome','Windows 10','1','验证码错误','2019-12-12 18:25:05'),(151,'admin','127.0.0.1','内网IP','Chrome','Windows 10','0','登录成功','2019-12-12 18:25:09'),(152,'admin','127.0.0.1','内网IP','Chrome','Windows 10','1','验证码错误','2019-12-12 18:37:00'),(153,'admin','127.0.0.1','内网IP','Chrome','Windows 10','0','登录成功','2019-12-12 18:37:04'),(154,'admin','127.0.0.1','内网IP','Chrome','Windows 10','0','登录成功','2019-12-12 18:39:06'),(155,'admin','127.0.0.1','内网IP','Chrome','Windows 10','0','登录成功','2019-12-12 18:53:35'),(156,'admin','127.0.0.1','内网IP','Chrome','Windows 10','0','登录成功','2019-12-12 19:22:16'),(157,'admin','127.0.0.1','内网IP','Chrome','Windows 10','1','验证码错误','2019-12-12 19:37:05'),(158,'admin','127.0.0.1','内网IP','Chrome','Windows 10','0','登录成功','2019-12-12 19:37:08'),(159,'admin','127.0.0.1','内网IP','Chrome','Windows 10','0','登录成功','2019-12-12 19:38:46'),(160,'admin','127.0.0.1','内网IP','Chrome','Windows 10','0','登录成功','2019-12-12 19:39:51'),(161,'admin','127.0.0.1','内网IP','Chrome','Windows 10','0','登录成功','2019-12-12 20:16:59'),(162,'admin','127.0.0.1','内网IP','Chrome','Windows 10','0','登录成功','2019-12-13 13:58:11'),(163,'admin','127.0.0.1','内网IP','Chrome','Windows 10','0','登录成功','2019-12-13 14:24:52'),(164,'admin','127.0.0.1','内网IP','Chrome','Windows 10','0','登录成功','2019-12-13 14:30:28'),(165,'admin','127.0.0.1','内网IP','Chrome','Windows 10','0','登录成功','2019-12-13 14:33:17'),(166,'admin','127.0.0.1','内网IP','Chrome','Windows 10','0','登录成功','2019-12-13 14:58:19'),(167,'admin','127.0.0.1','内网IP','Chrome','Windows 10','0','登录成功','2019-12-13 14:59:30'),(168,'admin','127.0.0.1','内网IP','Chrome','Windows 10','0','登录成功','2019-12-13 15:06:57'),(169,'admin','127.0.0.1','内网IP','Chrome','Windows 10','0','退出成功','2019-12-13 15:11:19'),(170,'admin','127.0.0.1','内网IP','Chrome','Windows 10','0','登录成功','2019-12-13 15:11:24'),(171,'admin','127.0.0.1','内网IP','Chrome','Windows 10','1','验证码错误','2019-12-16 09:52:17'),(172,'admin','127.0.0.1','内网IP','Chrome','Windows 10','0','登录成功','2019-12-16 09:52:20'),(173,'admin','127.0.0.1','内网IP','Chrome','Windows 10','0','登录成功','2019-12-16 10:01:48'),(174,'admin','127.0.0.1','内网IP','Chrome','Windows 10','0','退出成功','2019-12-16 10:26:37'),(175,'ry','127.0.0.1','内网IP','Chrome','Windows 10','1','用户不存在/密码错误','2019-12-16 10:26:46'),(176,'ry','127.0.0.1','内网IP','Chrome','Windows 10','1','验证码错误','2019-12-16 10:27:58'),(177,'ry','127.0.0.1','内网IP','Chrome','Windows 10','1','密码输入错误1次','2019-12-16 10:28:04'),(178,'ry','127.0.0.1','内网IP','Chrome','Windows 10','1','密码输入错误2次','2019-12-16 10:28:34'),(179,'admin','127.0.0.1','内网IP','Chrome','Windows 10','1','验证码错误','2019-12-16 10:28:46'),(180,'admin','127.0.0.1','内网IP','Chrome','Windows 10','0','登录成功','2019-12-16 10:28:50'),(181,'admin','127.0.0.1','内网IP','Chrome','Windows 10','0','退出成功','2019-12-16 10:30:06'),(182,'test','127.0.0.1','内网IP','Chrome','Windows 10','1','验证码错误','2019-12-16 10:30:16'),(183,'test','127.0.0.1','内网IP','Chrome','Windows 10','1','验证码错误','2019-12-16 10:30:22'),(184,'test','127.0.0.1','内网IP','Chrome','Windows 10','0','登录成功','2019-12-16 10:30:26'),(185,'test','127.0.0.1','内网IP','Chrome','Windows 10','0','退出成功','2019-12-16 10:34:14'),(186,'admin','127.0.0.1','内网IP','Chrome','Windows 10','1','验证码错误','2019-12-16 10:34:21'),(187,'admin','127.0.0.1','内网IP','Chrome','Windows 10','0','登录成功','2019-12-16 10:34:25'),(188,'admin','127.0.0.1','内网IP','Chrome','Windows 10','0','登录成功','2019-12-16 10:59:22'),(189,'admin','127.0.0.1','内网IP','Chrome','Windows 10','0','登录成功','2019-12-16 11:14:23'),(190,'admin','127.0.0.1','内网IP','Chrome','Windows 10','0','登录成功','2019-12-16 11:15:46'),(191,'admin','127.0.0.1','内网IP','Chrome','Windows 10','0','登录成功','2019-12-16 11:49:35'),(192,'admin','127.0.0.1','内网IP','Chrome','Windows 10','0','登录成功','2019-12-16 12:08:33'),(193,'admin','127.0.0.1','内网IP','Chrome','Windows 10','0','登录成功','2019-12-16 12:14:14'),(194,'admin','127.0.0.1','内网IP','Chrome','Windows 10','1','验证码错误','2019-12-16 12:46:53'),(195,'admin','127.0.0.1','内网IP','Chrome','Windows 10','0','登录成功','2019-12-16 12:46:57'),(196,'admin','127.0.0.1','内网IP','Chrome','Windows 10','0','登录成功','2019-12-16 12:50:06'),(197,'admin','127.0.0.1','内网IP','Chrome','Windows 10','0','登录成功','2019-12-16 15:53:47'),(198,'admin','127.0.0.1','内网IP','Chrome','Windows 10','0','登录成功','2019-12-16 16:12:57'),(199,'admin','127.0.0.1','内网IP','Chrome','Windows 10','0','登录成功','2019-12-16 16:17:33'),(200,'admin','127.0.0.1','内网IP','Chrome','Windows 10','1','验证码错误','2019-12-16 16:21:59'),(201,'admin','127.0.0.1','内网IP','Chrome','Windows 10','0','登录成功','2019-12-16 16:22:02'),(202,'admin','127.0.0.1','内网IP','Chrome','Windows 10','0','登录成功','2019-12-16 16:24:23'),(203,'admin','127.0.0.1','内网IP','Chrome','Windows 10','0','登录成功','2019-12-16 16:28:36'),(204,'admin','127.0.0.1','内网IP','Chrome','Windows 10','0','登录成功','2019-12-16 16:37:34'),(205,'admin','127.0.0.1','内网IP','Chrome','Windows 10','0','登录成功','2019-12-16 16:52:01'),(206,'admin','127.0.0.1','内网IP','Chrome','Windows 10','0','登录成功','2019-12-16 19:10:52'),(207,'admin','127.0.0.1','内网IP','Chrome','Windows 10','0','登录成功','2019-12-16 19:44:23'),(208,'admin','127.0.0.1','内网IP','Chrome','Windows 10','0','登录成功','2019-12-17 10:20:35'),(209,'admin','127.0.0.1','内网IP','Chrome','Windows 10','0','登录成功','2019-12-17 11:34:23'),(210,'admin','127.0.0.1','内网IP','Chrome','Windows 10','0','登录成功','2019-12-19 14:04:37'),(211,'admin','127.0.0.1','内网IP','Chrome','Windows 10','0','登录成功','2019-12-19 15:40:00'),(212,'admin','127.0.0.1','内网IP','Chrome','Windows 10','0','退出成功','2019-12-19 15:54:40'),(213,'admin','127.0.0.1','内网IP','Chrome','Windows 10','0','登录成功','2019-12-19 15:54:52'),(214,'admin','127.0.0.1','内网IP','Chrome','Windows 10','0','退出成功','2019-12-19 15:55:08'),(215,'admin','127.0.0.1','内网IP','Chrome','Windows 10','0','登录成功','2019-12-19 15:55:20'),(216,'admin','127.0.0.1','内网IP','Chrome','Windows 10','0','登录成功','2019-12-19 15:58:51'),(217,'admin','127.0.0.1','内网IP','Chrome','Windows 10','1','验证码错误','2019-12-19 16:35:58'),(218,'admin','127.0.0.1','内网IP','Chrome','Windows 10','0','登录成功','2019-12-19 16:36:40'),(219,'admin','127.0.0.1','内网IP','Chrome','Windows 10','0','登录成功','2019-12-19 17:19:46'),(220,'admin','127.0.0.1','内网IP','Chrome','Windows 10','0','登录成功','2019-12-19 17:20:21'),(221,'admin','127.0.0.1','内网IP','Chrome','Windows 10','0','登录成功','2019-12-19 17:25:33'),(222,'admin','127.0.0.1','内网IP','Chrome','Windows 10','0','登录成功','2019-12-19 17:32:18'),(223,'admin','127.0.0.1','内网IP','Chrome','Windows 10','0','登录成功','2019-12-19 17:34:44'),(224,'admin','127.0.0.1','内网IP','Chrome','Windows 10','0','登录成功','2019-12-19 17:36:32'),(225,'admin','127.0.0.1','内网IP','Chrome','Windows 10','0','登录成功','2019-12-19 17:43:25'),(226,'admin','127.0.0.1','内网IP','Chrome','Windows 10','0','登录成功','2019-12-19 17:46:36'),(227,'admin','127.0.0.1','内网IP','Chrome','Windows 10','0','登录成功','2019-12-19 17:57:18'),(228,'admin','127.0.0.1','内网IP','Chrome','Windows 10','0','登录成功','2019-12-19 18:06:34'),(229,'admin','127.0.0.1','内网IP','Chrome','Windows 10','0','登录成功','2019-12-20 09:30:14'),(230,'admin','127.0.0.1','内网IP','Chrome','Windows 10','0','登录成功','2019-12-20 09:32:53'),(231,'admin','127.0.0.1','内网IP','Chrome','Windows 10','0','登录成功','2019-12-20 10:23:17'),(232,'admin','127.0.0.1','内网IP','Chrome','Windows 10','0','登录成功','2019-12-20 10:47:40'),(233,'admin','127.0.0.1','内网IP','Chrome','Windows 10','0','登录成功','2019-12-20 11:00:14'),(234,'admin','127.0.0.1','内网IP','Chrome','Windows 10','0','登录成功','2019-12-20 15:12:51'),(235,'admin','127.0.0.1','内网IP','Chrome','Windows 10','0','登录成功','2019-12-20 15:23:45'),(236,'admin','127.0.0.1','内网IP','Chrome','Windows 10','0','登录成功','2019-12-20 15:44:40'),(237,'admin','127.0.0.1','内网IP','Chrome','Windows 10','0','登录成功','2019-12-20 16:30:40'),(238,'admin','127.0.0.1','内网IP','Chrome','Windows 10','0','登录成功','2019-12-20 16:50:50'),(239,'admin','127.0.0.1','内网IP','Chrome','Windows 10','0','登录成功','2019-12-20 17:07:37'),(240,'admin','127.0.0.1','内网IP','Chrome','Windows 10','0','登录成功','2019-12-20 17:09:35'),(241,'admin','127.0.0.1','内网IP','Chrome','Windows 10','0','登录成功','2019-12-20 17:11:43'),(242,'admin','127.0.0.1','内网IP','Chrome','Windows 10','0','登录成功','2019-12-20 17:25:05'),(243,'admin','127.0.0.1','内网IP','Chrome','Windows 10','0','登录成功','2019-12-20 17:25:37'),(244,'admin','127.0.0.1','内网IP','Chrome','Windows 10','0','登录成功','2019-12-20 17:26:58'),(245,'admin','127.0.0.1','内网IP','Chrome','Windows 10','0','登录成功','2019-12-20 17:27:59'),(246,'admin','127.0.0.1','内网IP','Chrome','Windows 10','0','登录成功','2019-12-20 17:49:42'),(247,'admin','127.0.0.1','内网IP','Chrome','Windows 10','0','登录成功','2019-12-20 17:50:54'),(248,'admin','127.0.0.1','内网IP','Chrome','Windows 10','0','登录成功','2019-12-23 12:27:49'),(249,'admin','127.0.0.1','内网IP','Chrome','Windows 10','0','登录成功','2019-12-23 12:33:44'),(250,'admin','127.0.0.1','内网IP','Chrome','Windows 10','0','登录成功','2019-12-23 12:56:46'),(251,'admin','127.0.0.1','内网IP','Chrome','Windows 10','0','登录成功','2019-12-23 13:13:40'),(252,'admin','127.0.0.1','内网IP','Chrome','Windows 10','0','登录成功','2019-12-23 13:48:21'),(253,'admin','127.0.0.1','内网IP','Chrome','Windows 10','0','登录成功','2019-12-23 14:22:15'),(254,'admin','127.0.0.1','内网IP','Chrome','Windows 10','0','登录成功','2019-12-23 14:25:50'),(255,'admin','127.0.0.1','内网IP','Chrome','Windows 10','0','登录成功','2019-12-23 14:27:52'),(256,'admin','127.0.0.1','内网IP','Chrome','Windows 10','0','登录成功','2019-12-23 14:33:12'),(257,'admin','127.0.0.1','内网IP','Chrome','Windows 10','0','登录成功','2019-12-23 14:36:24'),(258,'admin','127.0.0.1','内网IP','Chrome','Windows 10','0','登录成功','2019-12-23 14:46:59'),(259,'admin','127.0.0.1','内网IP','Chrome','Windows 10','0','登录成功','2019-12-23 14:51:35'),(260,'admin','127.0.0.1','内网IP','Chrome','Windows 10','0','登录成功','2019-12-23 15:11:20'),(261,'admin','127.0.0.1','内网IP','Chrome','Windows 10','0','登录成功','2019-12-23 15:14:44'),(262,'admin','127.0.0.1','内网IP','Chrome','Windows 10','0','登录成功','2019-12-23 15:23:04'),(263,'admin','127.0.0.1','内网IP','Chrome','Windows 10','0','登录成功','2019-12-23 15:47:59'),(264,'admin','127.0.0.1','内网IP','Chrome','Windows 10','0','登录成功','2019-12-23 15:55:19'),(265,'admin','127.0.0.1','内网IP','Chrome','Windows 10','0','登录成功','2019-12-23 15:59:58'),(266,'admin','127.0.0.1','内网IP','Chrome','Windows 10','0','登录成功','2019-12-23 16:10:58'),(267,'admin','127.0.0.1','内网IP','Chrome','Windows 10','0','登录成功','2019-12-23 16:12:29'),(268,'admin','127.0.0.1','内网IP','Chrome','Windows 10','0','登录成功','2019-12-23 16:15:35'),(269,'admin','127.0.0.1','内网IP','Chrome','Windows 10','0','登录成功','2019-12-23 16:20:19'),(270,'admin','127.0.0.1','内网IP','Chrome','Windows 10','0','登录成功','2019-12-23 16:49:27'),(271,'admin','127.0.0.1','内网IP','Chrome','Windows 10','0','退出成功','2019-12-23 16:56:35'),(272,'admin','127.0.0.1','内网IP','Chrome','Windows 10','0','登录成功','2019-12-23 16:56:38'),(273,'admin','127.0.0.1','内网IP','Chrome','Windows 10','1','验证码错误','2019-12-24 17:26:17'),(274,'admin','127.0.0.1','内网IP','Chrome','Windows 10','0','登录成功','2019-12-24 17:26:20'),(275,'admin','127.0.0.1','内网IP','Chrome','Windows 10','0','登录成功','2019-12-25 08:45:13'),(276,'admin','127.0.0.1','内网IP','Chrome','Windows 10','0','登录成功','2019-12-25 08:53:10'),(277,'admin','127.0.0.1','内网IP','Chrome','Windows 10','0','登录成功','2019-12-25 09:16:27'),(278,'admin','127.0.0.1','内网IP','Chrome','Windows 10','0','登录成功','2019-12-26 11:19:31'),(279,'admin','127.0.0.1','内网IP','Chrome','Windows 10','0','登录成功','2019-12-26 15:05:27'),(280,'admin','127.0.0.1','内网IP','Chrome','Windows 10','0','登录成功','2019-12-26 15:37:19'),(281,'admin','127.0.0.1','内网IP','Chrome','Windows 10','0','登录成功','2019-12-26 17:21:34'),(282,'admin','127.0.0.1','内网IP','Chrome','Windows 10','0','登录成功','2019-12-26 17:23:03'),(283,'admin','127.0.0.1','内网IP','Chrome','Windows 10','0','登录成功','2019-12-26 17:28:38'),(284,'admin','127.0.0.1','内网IP','Chrome','Windows 10','0','登录成功','2019-12-26 17:49:29'),(285,'admin','127.0.0.1','内网IP','Chrome','Windows 10','0','登录成功','2019-12-26 17:55:59'),(286,'admin','127.0.0.1','内网IP','Chrome','Windows 10','0','登录成功','2019-12-26 18:06:17'),(287,'admin','127.0.0.1','内网IP','Chrome','Windows 10','0','登录成功','2019-12-26 18:07:44'),(288,'admin','127.0.0.1','内网IP','Chrome','Windows 10','0','登录成功','2019-12-26 18:09:27'),(289,'admin','127.0.0.1','内网IP','Chrome','Windows 10','0','登录成功','2019-12-26 18:11:02'),(290,'admin','127.0.0.1','内网IP','Chrome','Windows 10','0','登录成功','2019-12-26 18:12:13'),(291,'admin','127.0.0.1','内网IP','Chrome','Windows 10','0','登录成功','2019-12-26 18:15:49'),(292,'admin','127.0.0.1','内网IP','Chrome','Windows 10','0','登录成功','2019-12-26 19:05:23'),(293,'admin','127.0.0.1','内网IP','Chrome','Windows 10','0','登录成功','2019-12-27 09:51:01'),(294,'admin','127.0.0.1','内网IP','Chrome','Windows 10','0','登录成功','2019-12-27 11:08:10'),(295,'admin','127.0.0.1','内网IP','Chrome','Windows 10','0','登录成功','2019-12-27 11:36:38'),(296,'admin','127.0.0.1','内网IP','Chrome','Windows 10','0','登录成功','2019-12-27 11:49:44'),(297,'admin','127.0.0.1','内网IP','Chrome','Windows 10','0','登录成功','2019-12-27 11:56:24'),(298,'admin','127.0.0.1','内网IP','Chrome','Windows 10','1','验证码错误','2019-12-27 11:57:49'),(299,'admin','127.0.0.1','内网IP','Chrome','Windows 10','0','登录成功','2019-12-27 11:57:52'),(300,'admin','127.0.0.1','内网IP','Chrome','Windows 10','0','登录成功','2019-12-27 12:00:03'),(301,'admin','127.0.0.1','内网IP','Chrome','Windows 10','0','登录成功','2019-12-27 12:01:36'),(302,'admin','127.0.0.1','内网IP','Chrome','Windows 10','0','登录成功','2019-12-27 14:09:34'),(303,'admin','127.0.0.1','内网IP','Chrome','Windows 10','0','登录成功','2019-12-27 14:23:08'),(304,'admin','127.0.0.1','内网IP','Chrome','Windows 10','0','登录成功','2019-12-27 14:54:08'),(305,'admin','127.0.0.1','内网IP','Chrome','Windows 10','0','登录成功','2019-12-27 15:01:10'),(306,'admin','127.0.0.1','内网IP','Chrome','Windows 10','0','登录成功','2019-12-27 15:24:20'),(307,'admin','127.0.0.1','内网IP','Chrome','Windows 10','0','登录成功','2019-12-27 16:00:10'),(308,'admin','127.0.0.1','内网IP','Chrome','Windows 10','0','登录成功','2019-12-27 16:30:58'),(309,'admin','127.0.0.1','内网IP','Chrome','Windows 10','0','登录成功','2019-12-27 16:32:01'),(310,'admin','127.0.0.1','内网IP','Chrome','Windows 10','0','登录成功','2019-12-27 16:42:23'),(311,'admin','127.0.0.1','内网IP','Chrome','Windows 10','0','登录成功','2019-12-27 17:03:41'),(312,'admin','127.0.0.1','内网IP','Chrome','Windows 10','0','登录成功','2019-12-27 17:33:04'),(313,'admin','127.0.0.1','内网IP','Chrome','Windows 10','0','登录成功','2019-12-27 17:34:44'),(314,'admin','127.0.0.1','内网IP','Chrome','Windows 10','1','验证码错误','2019-12-27 17:36:22'),(315,'admin','127.0.0.1','内网IP','Chrome','Windows 10','0','登录成功','2019-12-27 17:36:25'),(316,'admin','127.0.0.1','内网IP','Chrome','Windows 10','0','登录成功','2019-12-30 10:54:49'),(317,'admin','127.0.0.1','内网IP','Chrome','Windows 10','0','登录成功','2019-12-31 13:52:31'),(318,'admin','127.0.0.1','内网IP','Chrome','Windows 10','0','登录成功','2019-12-31 13:53:34'),(319,'admin','127.0.0.1','内网IP','Chrome','Windows 10','0','退出成功','2019-12-31 13:54:30'),(320,'163401010314','127.0.0.1','内网IP','Chrome','Windows 10','1','密码输入错误1次','2019-12-31 13:54:51'),(321,'163401010314','127.0.0.1','内网IP','Chrome','Windows 10','1','密码输入错误2次','2019-12-31 13:55:40'),(322,'163401010312','127.0.0.1','内网IP','Chrome','Windows 10','1','密码输入错误1次','2019-12-31 13:55:53'),(323,'admin','127.0.0.1','内网IP','Chrome','Windows 10','0','登录成功','2019-12-31 13:56:05'),(324,'admin','127.0.0.1','内网IP','Chrome','Windows 10','0','退出成功','2019-12-31 13:56:59'),(325,'163401010314','127.0.0.1','内网IP','Chrome','Windows 10','1','密码输入错误3次','2019-12-31 13:57:08'),(326,'163401010314','127.0.0.1','内网IP','Chrome','Windows 10','1','密码输入错误4次','2019-12-31 13:57:14'),(327,'admin','127.0.0.1','内网IP','Chrome','Windows 10','0','登录成功','2019-12-31 13:57:55'),(328,'admin','127.0.0.1','内网IP','Chrome','Windows 10','0','退出成功','2019-12-31 13:59:05'),(329,'test','127.0.0.1','内网IP','Chrome','Windows 10','1','密码输入错误1次','2019-12-31 13:59:14'),(330,'admin','127.0.0.1','内网IP','Chrome','Windows 10','1','验证码错误','2019-12-31 13:59:43'),(331,'admin','127.0.0.1','内网IP','Chrome','Windows 10','0','登录成功','2019-12-31 13:59:45'),(332,'admin','127.0.0.1','内网IP','Chrome','Windows 10','0','退出成功','2019-12-31 14:01:02'),(333,'test','127.0.0.1','内网IP','Chrome','Windows 10','1','验证码错误','2019-12-31 14:01:15'),(334,'test','127.0.0.1','内网IP','Chrome','Windows 10','1','密码输入错误2次','2019-12-31 14:01:22'),(335,'admin','127.0.0.1','内网IP','Chrome','Windows 10','0','登录成功','2019-12-31 14:05:59'),(336,'admin','127.0.0.1','内网IP','Chrome','Windows 10','0','退出成功','2019-12-31 14:07:07'),(337,'8888','127.0.0.1','内网IP','Chrome','Windows 10','0','登录成功','2019-12-31 14:07:17'),(338,'8888','127.0.0.1','内网IP','Chrome','Windows 10','0','退出成功','2019-12-31 14:07:38'),(339,'admin','127.0.0.1','内网IP','Chrome','Windows 10','0','登录成功','2019-12-31 14:07:44'),(340,'admin','127.0.0.1','内网IP','Chrome','Windows 10','0','退出成功','2019-12-31 14:08:09'),(341,'8888','127.0.0.1','内网IP','Chrome','Windows 10','0','登录成功','2019-12-31 14:08:20'),(342,'8888','127.0.0.1','内网IP','Chrome','Windows 10','0','退出成功','2019-12-31 14:08:45'),(343,'test','127.0.0.1','内网IP','Chrome','Windows 10','1','密码输入错误3次','2019-12-31 14:08:51'),(344,'admin','127.0.0.1','内网IP','Chrome','Windows 10','1','验证码错误','2019-12-31 14:09:01'),(345,'admin','127.0.0.1','内网IP','Chrome','Windows 10','0','登录成功','2019-12-31 14:09:05'),(346,'admin','127.0.0.1','内网IP','Chrome','Windows 10','0','登录成功','2019-12-31 14:10:02'),(347,'admin','127.0.0.1','内网IP','Chrome','Windows 10','0','退出成功','2019-12-31 14:12:16'),(348,'163401010314','127.0.0.1','内网IP','Chrome','Windows 10','1','密码输入错误1次','2019-12-31 14:12:26'),(349,'admin','127.0.0.1','内网IP','Chrome','Windows 10','0','登录成功','2019-12-31 14:12:55'),(350,'admin','127.0.0.1','内网IP','Chrome','Windows 10','0','退出成功','2019-12-31 14:13:01'),(351,'163401010314','127.0.0.1','内网IP','Chrome','Windows 10','1','密码输入错误2次','2019-12-31 14:13:11'),(352,'163401010314','127.0.0.1','内网IP','Chrome','Windows 10','1','密码输入错误1次','2019-12-31 14:17:08'),(353,'163401010314','127.0.0.1','内网IP','Chrome','Windows 10','1','密码输入错误1次','2019-12-31 14:18:35'),(354,'admin','127.0.0.1','内网IP','Chrome','Windows 10','0','登录成功','2019-12-31 14:20:50'),(355,'admin','127.0.0.1','内网IP','Chrome','Windows 10','0','退出成功','2019-12-31 14:21:46'),(356,'000','127.0.0.1','内网IP','Chrome','Windows 10','1','用户不存在/密码错误','2019-12-31 14:21:52'),(357,'admin','127.0.0.1','内网IP','Chrome','Windows 10','0','登录成功','2019-12-31 14:22:00'),(358,'admin','127.0.0.1','内网IP','Chrome','Windows 10','0','退出成功','2019-12-31 14:22:36'),(359,'ry','127.0.0.1','内网IP','Chrome','Windows 10','1','密码输入错误1次','2019-12-31 14:22:43'),(360,'ry','127.0.0.1','内网IP','Chrome','Windows 10','1','密码输入错误2次','2019-12-31 14:22:50'),(361,'ry','127.0.0.1','内网IP','Chrome','Windows 10','1','密码输入错误3次','2019-12-31 14:23:13'),(362,'admin','127.0.0.1','内网IP','Chrome','Windows 10','0','登录成功','2019-12-31 14:23:40'),(363,'admin','127.0.0.1','内网IP','Chrome','Windows 10','0','退出成功','2019-12-31 14:37:13'),(364,'test2','127.0.0.1','内网IP','Chrome','Windows 10','1','密码输入错误1次','2019-12-31 14:37:24'),(365,'test2','127.0.0.1','内网IP','Chrome','Windows 10','1','密码输入错误2次','2019-12-31 14:37:31'),(366,'test1','127.0.0.1','内网IP','Chrome','Windows 10','1','密码输入错误1次','2019-12-31 14:37:45'),(367,'test2','127.0.0.1','内网IP','Chrome','Windows 10','0','登录成功','2019-12-31 14:37:53'),(368,'test2','127.0.0.1','内网IP','Chrome','Windows 10','0','退出成功','2019-12-31 14:38:10'),(369,'test2','127.0.0.1','内网IP','Chrome','Windows 10','0','登录成功','2019-12-31 14:38:19'),(370,'test2','127.0.0.1','内网IP','Chrome','Windows 10','0','退出成功','2019-12-31 14:38:22'),(371,'test1','127.0.0.1','内网IP','Chrome','Windows 10','1','密码输入错误2次','2019-12-31 14:38:32'),(372,'test1','127.0.0.1','内网IP','Chrome','Windows 10','1','密码输入错误3次','2019-12-31 14:39:18'),(373,'admin','127.0.0.1','内网IP','Chrome','Windows 10','1','验证码错误','2019-12-31 14:40:06'),(374,'admin','127.0.0.1','内网IP','Chrome','Windows 10','0','登录成功','2019-12-31 14:40:09'),(375,'admin','127.0.0.1','内网IP','Chrome','Windows 10','0','登录成功','2019-12-31 14:42:33'),(376,'admin','127.0.0.1','内网IP','Chrome','Windows 10','0','登录成功','2019-12-31 14:56:26'),(377,'admin','127.0.0.1','内网IP','Chrome','Windows 10','0','退出成功','2019-12-31 14:56:59'),(378,'test3','127.0.0.1','内网IP','Chrome','Windows 10','0','登录成功','2019-12-31 14:57:07'),(379,'test3','127.0.0.1','内网IP','Chrome','Windows 10','0','退出成功','2019-12-31 14:57:17'),(380,'admin','127.0.0.1','内网IP','Chrome','Windows 10','0','登录成功','2019-12-31 14:58:42'),(381,'admin','127.0.0.1','内网IP','Chrome','Windows 10','0','退出成功','2019-12-31 14:59:08'),(382,'ry','127.0.0.1','内网IP','Chrome','Windows 10','1','用户不存在/密码错误','2019-12-31 14:59:14'),(383,'ry','127.0.0.1','内网IP','Chrome','Windows 10','1','用户不存在/密码错误','2019-12-31 14:59:23'),(384,'admin','127.0.0.1','内网IP','Chrome','Windows 10','0','登录成功','2019-12-31 14:59:52'),(385,'admin','127.0.0.1','内网IP','Chrome','Windows 10','0','退出成功','2019-12-31 15:01:02'),(386,'ry','127.0.0.1','内网IP','Chrome','Windows 10','1','用户不存在/密码错误','2019-12-31 15:01:10'),(387,'admin','127.0.0.1','内网IP','Chrome','Windows 10','0','登录成功','2019-12-31 15:01:26'),(388,'admin','127.0.0.1','内网IP','Chrome','Windows 10','0','登录成功','2019-12-31 15:03:08'),(389,'admin','127.0.0.1','内网IP','Chrome','Windows 10','0','退出成功','2019-12-31 15:03:39'),(390,'163401010314','127.0.0.1','内网IP','Chrome','Windows 10','0','登录成功','2019-12-31 15:03:49'),(391,'163401010314','127.0.0.1','内网IP','Chrome','Windows 10','0','退出成功','2019-12-31 15:04:02'),(392,'admin','127.0.0.1','内网IP','Chrome','Windows 10','0','登录成功','2019-12-31 15:04:06'),(393,'admin','127.0.0.1','内网IP','Chrome','Windows 10','0','退出成功','2019-12-31 15:06:25'),(394,'163401010314','127.0.0.1','内网IP','Chrome','Windows 10','0','登录成功','2019-12-31 15:06:34'),(395,'163401010314','127.0.0.1','内网IP','Chrome','Windows 10','0','退出成功','2019-12-31 15:06:42'),(396,'admin','127.0.0.1','内网IP','Chrome','Windows 10','0','登录成功','2019-12-31 15:06:44'),(397,'admin','127.0.0.1','内网IP','Chrome','Windows 10','0','退出成功','2019-12-31 15:09:18'),(398,'163401010314','127.0.0.1','内网IP','Chrome','Windows 10','0','登录成功','2019-12-31 15:09:27'),(399,'163401010314','127.0.0.1','内网IP','Chrome','Windows 10','0','退出成功','2019-12-31 15:09:45'),(400,'admin','127.0.0.1','内网IP','Chrome','Windows 10','1','验证码错误','2019-12-31 15:09:49'),(401,'admin','127.0.0.1','内网IP','Chrome','Windows 10','0','登录成功','2019-12-31 15:09:52'),(402,'admin','127.0.0.1','内网IP','Chrome','Windows 10','0','退出成功','2019-12-31 15:14:01'),(403,'163401010314','127.0.0.1','内网IP','Chrome','Windows 10','0','登录成功','2019-12-31 15:14:09'),(404,'163401010314','127.0.0.1','内网IP','Chrome','Windows 10','0','退出成功','2019-12-31 15:14:17'),(405,'admin','127.0.0.1','内网IP','Chrome','Windows 10','0','登录成功','2019-12-31 15:14:19'),(406,'admin','127.0.0.1','内网IP','Chrome','Windows 10','0','退出成功','2019-12-31 15:14:40'),(407,'163401010314','127.0.0.1','内网IP','Chrome','Windows 10','1','密码输入错误1次','2019-12-31 15:14:46'),(408,'163401010314','127.0.0.1','内网IP','Chrome','Windows 10','0','登录成功','2019-12-31 15:14:51'),(409,'163401010314','127.0.0.1','内网IP','Chrome','Windows 10','0','退出成功','2019-12-31 15:15:01'),(410,'admin','127.0.0.1','内网IP','Chrome','Windows 10','1','验证码错误','2019-12-31 15:15:12'),(411,'admin','127.0.0.1','内网IP','Chrome','Windows 10','1','验证码错误','2019-12-31 15:15:15'),(412,'admin','127.0.0.1','内网IP','Chrome','Windows 10','0','登录成功','2019-12-31 15:15:19'),(413,'admin','127.0.0.1','内网IP','Chrome','Windows 10','0','登录成功','2019-12-31 15:27:52'),(414,'admin','127.0.0.1','内网IP','Chrome','Windows 10','0','退出成功','2019-12-31 15:28:20'),(415,'163401010314','127.0.0.1','内网IP','Chrome','Windows 10','0','登录成功','2019-12-31 15:28:30'),(416,'163401010314','127.0.0.1','内网IP','Chrome','Windows 10','0','退出成功','2019-12-31 15:31:24'),(417,'admin','127.0.0.1','内网IP','Chrome','Windows 10','1','验证码错误','2019-12-31 15:31:27'),(418,'admin','127.0.0.1','内网IP','Chrome','Windows 10','1','验证码错误','2019-12-31 15:31:30'),(419,'admin','127.0.0.1','内网IP','Chrome','Windows 10','0','登录成功','2019-12-31 15:31:33'),(420,'admin','127.0.0.1','内网IP','Chrome','Windows 10','0','退出成功','2019-12-31 15:34:49'),(421,'163401010314','127.0.0.1','内网IP','Chrome','Windows 10','0','登录成功','2019-12-31 15:34:59'),(422,'163401010314','127.0.0.1','内网IP','Chrome','Windows 10','0','退出成功','2019-12-31 15:35:09'),(423,'admin','127.0.0.1','内网IP','Chrome','Windows 10','0','登录成功','2019-12-31 15:35:12'),(424,'163401010314','127.0.0.1','内网IP','Chrome','Windows 10','0','登录成功','2019-12-31 15:37:13'),(425,'163401010314','127.0.0.1','内网IP','Chrome','Windows 10','0','退出成功','2019-12-31 15:37:28'),(426,'admin','127.0.0.1','内网IP','Chrome','Windows 10','0','登录成功','2019-12-31 15:37:31'),(427,'163401010314','127.0.0.1','内网IP','Chrome','Windows 10','1','验证码错误','2019-12-31 15:44:23'),(428,'163401010314','127.0.0.1','内网IP','Chrome','Windows 10','0','登录成功','2019-12-31 15:44:26'),(429,'163401010314','127.0.0.1','内网IP','Chrome','Windows 10','0','退出成功','2019-12-31 15:44:37'),(430,'admin','127.0.0.1','内网IP','Chrome','Windows 10','0','登录成功','2019-12-31 15:44:40'),(431,'163401010314','127.0.0.1','内网IP','Chrome','Windows 10','0','登录成功','2019-12-31 15:56:57'),(432,'163401010314','127.0.0.1','内网IP','Chrome','Windows 10','0','退出成功','2019-12-31 15:57:44'),(433,'admin','127.0.0.1','内网IP','Chrome','Windows 10','0','登录成功','2019-12-31 15:57:59'),(434,'163401010314','127.0.0.1','内网IP','Chrome','Windows 10','0','登录成功','2019-12-31 16:05:23'),(435,'163401010314','127.0.0.1','内网IP','Chrome','Windows 10','0','登录成功','2019-12-31 16:09:32'),(436,'163401010314','127.0.0.1','内网IP','Chrome','Windows 10','0','退出成功','2019-12-31 16:10:23'),(437,'admin','127.0.0.1','内网IP','Chrome','Windows 10','0','登录成功','2019-12-31 16:10:27'),(438,'admin','127.0.0.1','内网IP','Chrome','Windows 10','0','退出成功','2019-12-31 16:11:32'),(439,'163401010314','127.0.0.1','内网IP','Chrome','Windows 10','0','登录成功','2019-12-31 16:11:41'),(440,'163401010314','127.0.0.1','内网IP','Chrome','Windows 10','0','退出成功','2019-12-31 16:11:49'),(441,'admin','127.0.0.1','内网IP','Chrome','Windows 10','0','登录成功','2019-12-31 16:11:52'),(442,'admin','127.0.0.1','内网IP','Chrome','Windows 10','0','退出成功','2019-12-31 16:13:05'),(443,'163401010314','127.0.0.1','内网IP','Chrome','Windows 10','0','登录成功','2019-12-31 16:13:18'),(444,'163401010314','127.0.0.1','内网IP','Chrome','Windows 10','0','退出成功','2019-12-31 16:13:29'),(445,'admin','127.0.0.1','内网IP','Chrome','Windows 10','0','登录成功','2019-12-31 16:13:38'),(446,'admin','127.0.0.1','内网IP','Chrome','Windows 10','0','退出成功','2019-12-31 16:15:09'),(447,'163401010314','127.0.0.1','内网IP','Chrome','Windows 10','0','登录成功','2019-12-31 16:15:18'),(448,'163401010314','127.0.0.1','内网IP','Chrome','Windows 10','0','退出成功','2019-12-31 16:15:43'),(449,'admin','127.0.0.1','内网IP','Chrome','Windows 10','0','登录成功','2019-12-31 16:15:47'),(450,'admin','127.0.0.1','内网IP','Chrome','Windows 10','0','退出成功','2019-12-31 16:17:56'),(451,'test','127.0.0.1','内网IP','Chrome','Windows 10','0','登录成功','2019-12-31 16:18:05'),(452,'test','127.0.0.1','内网IP','Chrome','Windows 10','1','验证码错误','2019-12-31 16:20:35'),(453,'test','127.0.0.1','内网IP','Chrome','Windows 10','0','登录成功','2019-12-31 16:20:37'),(454,'test','127.0.0.1','内网IP','Chrome','Windows 10','0','退出成功','2019-12-31 16:20:55'),(455,'admin','127.0.0.1','内网IP','Chrome','Windows 10','0','登录成功','2019-12-31 16:21:09'),(456,'admin','127.0.0.1','内网IP','Chrome','Windows 10','0','退出成功','2019-12-31 16:21:28'),(457,'163401010314','127.0.0.1','内网IP','Chrome','Windows 10','1','验证码错误','2019-12-31 16:21:42'),(458,'163401010314','127.0.0.1','内网IP','Chrome','Windows 10','0','登录成功','2019-12-31 16:21:44'),(459,'163401010314','127.0.0.1','内网IP','Chrome','Windows 10','0','退出成功','2019-12-31 16:22:04'),(460,'test','127.0.0.1','内网IP','Chrome','Windows 10','0','登录成功','2019-12-31 16:22:15'),(461,'test','127.0.0.1','内网IP','Chrome','Windows 10','0','退出成功','2019-12-31 16:22:34'),(462,'163401010314','127.0.0.1','内网IP','Chrome','Windows 10','0','登录成功','2019-12-31 16:22:48'),(463,'test','127.0.0.1','内网IP','Chrome','Windows 10','0','登录成功','2019-12-31 16:25:39'),(464,'test','127.0.0.1','内网IP','Chrome','Windows 10','0','退出成功','2019-12-31 16:26:13'),(465,'admin','127.0.0.1','内网IP','Chrome','Windows 10','0','登录成功','2019-12-31 16:26:16'),(466,'admin','127.0.0.1','内网IP','Chrome','Windows 10','0','退出成功','2019-12-31 16:27:38'),(467,'admin','127.0.0.1','内网IP','Chrome','Windows 10','0','登录成功','2019-12-31 16:30:32'),(468,'admin','127.0.0.1','内网IP','Chrome','Windows 10','0','退出成功','2019-12-31 16:31:10'),(469,'163401010314','127.0.0.1','内网IP','Chrome','Windows 10','0','登录成功','2020-01-01 13:20:22'),(470,'163401010314','127.0.0.1','内网IP','Chrome','Windows 10','0','退出成功','2020-01-01 13:22:26'),(471,'test','127.0.0.1','内网IP','Chrome','Windows 10','0','登录成功','2020-01-01 13:22:33'),(472,'test','127.0.0.1','内网IP','Chrome','Windows 10','0','退出成功','2020-01-01 13:24:42'),(473,'admin','127.0.0.1','内网IP','Chrome','Windows 10','0','登录成功','2020-01-01 13:24:46'),(474,'admin','127.0.0.1','内网IP','Chrome','Windows 10','0','登录成功','2020-01-01 13:26:47'),(475,'admin','127.0.0.1','内网IP','Chrome','Windows 10','0','退出成功','2020-01-01 13:27:42'),(476,'test','127.0.0.1','内网IP','Chrome','Windows 10','0','登录成功','2020-01-01 13:28:02'),(477,'test','127.0.0.1','内网IP','Chrome','Windows 10','0','退出成功','2020-01-01 13:34:13'),(478,'admin','127.0.0.1','内网IP','Chrome','Windows 10','0','登录成功','2020-01-01 13:34:17'),(479,'admin','127.0.0.1','内网IP','Chrome','Windows 10','0','退出成功','2020-01-01 13:35:28'),(480,'test','127.0.0.1','内网IP','Chrome','Windows 10','0','登录成功','2020-01-01 13:35:38'),(481,'test','127.0.0.1','内网IP','Chrome','Windows 10','0','退出成功','2020-01-01 13:35:55'),(482,'163401010314','127.0.0.1','内网IP','Chrome','Windows 10','0','登录成功','2020-01-01 13:36:13'),(483,'admin','127.0.0.1','内网IP','Chrome','Windows 10','1','验证码错误','2020-01-01 15:18:06'),(484,'admin','127.0.0.1','内网IP','Chrome','Windows 10','0','登录成功','2020-01-01 15:18:10'),(485,'admin','127.0.0.1','内网IP','Chrome','Windows 10','1','验证码错误','2020-01-02 23:23:45'),(486,'admin','127.0.0.1','内网IP','Chrome','Windows 10','0','登录成功','2020-01-02 23:23:48'),(487,'admin','127.0.0.1','内网IP','Chrome','Windows 10','0','登录成功','2020-01-03 08:37:13'),(488,'admin','127.0.0.1','内网IP','Chrome','Windows 10','0','退出成功','2020-01-03 08:37:20'),(489,'test','127.0.0.1','内网IP','Chrome','Windows 10','0','登录成功','2020-01-03 08:37:26'),(490,'test','127.0.0.1','内网IP','Chrome','Windows 10','0','登录成功','2020-01-03 08:42:54'),(491,'test','127.0.0.1','内网IP','Chrome','Windows 10','0','退出成功','2020-01-03 08:45:43'),(492,'163401010314','127.0.0.1','内网IP','Chrome','Windows 10','1','验证码错误','2020-01-03 08:45:54'),(493,'163401010314','127.0.0.1','内网IP','Chrome','Windows 10','0','登录成功','2020-01-03 08:45:57'),(494,'163401010314','127.0.0.1','内网IP','Chrome','Windows 10','0','退出成功','2020-01-03 08:50:25'),(495,'test','127.0.0.1','内网IP','Chrome','Windows 10','0','登录成功','2020-01-03 08:50:30'),(496,'test','127.0.0.1','内网IP','Chrome','Windows 10','0','退出成功','2020-01-03 09:01:13'),(497,'admin','127.0.0.1','内网IP','Chrome','Windows 10','0','登录成功','2020-01-03 09:01:17'),(498,'admin','127.0.0.1','内网IP','Chrome','Windows 10','0','退出成功','2020-01-03 09:01:59'),(499,'163401010314','127.0.0.1','内网IP','Chrome','Windows 10','1','验证码错误','2020-01-03 09:02:06'),(500,'163401010314','127.0.0.1','内网IP','Chrome','Windows 10','1','密码输入错误1次','2020-01-03 09:02:10'),(501,'163401010314','127.0.0.1','内网IP','Chrome','Windows 10','0','登录成功','2020-01-03 09:02:18'),(502,'163401010314','127.0.0.1','内网IP','Chrome','Windows 10','0','退出成功','2020-01-03 09:03:03'),(503,'admin','127.0.0.1','内网IP','Chrome','Windows 10','1','验证码错误','2020-01-03 09:03:08'),(504,'admin','127.0.0.1','内网IP','Chrome','Windows 10','0','登录成功','2020-01-03 09:03:13'),(505,'admin','127.0.0.1','内网IP','Chrome','Windows 10','0','退出成功','2020-01-03 09:04:19'),(506,'163401010314','127.0.0.1','内网IP','Chrome','Windows 10','0','登录成功','2020-01-03 09:09:11'),(507,'163401010314','127.0.0.1','内网IP','Chrome','Windows 10','0','退出成功','2020-01-03 09:09:32'),(508,'test','127.0.0.1','内网IP','Chrome','Windows 10','0','登录成功','2020-01-03 09:09:40'),(509,'test','127.0.0.1','内网IP','Chrome','Windows 10','0','登录成功','2020-01-03 09:11:39'),(510,'test','127.0.0.1','内网IP','Chrome','Windows 10','0','登录成功','2020-01-03 09:14:02'),(511,'admin','127.0.0.1','内网IP','Chrome','Windows 10','0','登录成功','2020-01-03 17:59:45'),(512,'admin','127.0.0.1','内网IP','Chrome','Windows 10','0','登录成功','2020-01-04 17:09:30'),(513,'admin','127.0.0.1','内网IP','Chrome','Windows 10','0','退出成功','2020-01-04 17:26:48'),(514,'163401010314','127.0.0.1','内网IP','Chrome','Windows 10','1','密码输入错误1次','2020-01-04 17:26:59'),(515,'163401010314','127.0.0.1','内网IP','Chrome','Windows 10','1','密码输入错误2次','2020-01-04 17:27:04'),(516,'163401010314','127.0.0.1','内网IP','Chrome','Windows 10','0','登录成功','2020-01-04 17:27:10'),(517,'163401010314','127.0.0.1','内网IP','Chrome','Windows 10','0','退出成功','2020-01-04 18:36:52'),(518,'admin','127.0.0.1','内网IP','Chrome','Windows 10','0','登录成功','2020-01-04 18:36:56'),(519,'admin','127.0.0.1','内网IP','Chrome','Windows 10','0','退出成功','2020-01-04 18:54:29'),(520,'test','127.0.0.1','内网IP','Chrome','Windows 10','0','登录成功','2020-01-04 18:54:35'),(521,'test','127.0.0.1','内网IP','Chrome','Windows 10','0','退出成功','2020-01-04 18:55:37'),(522,'163401010314','127.0.0.1','内网IP','Chrome','Windows 10','0','登录成功','2020-01-04 18:55:49'),(523,'163401010314','127.0.0.1','内网IP','Chrome','Windows 10','0','退出成功','2020-01-04 18:56:18'),(524,'admin','127.0.0.1','内网IP','Chrome','Windows 10','0','登录成功','2020-01-05 16:01:19'),(525,'admin','127.0.0.1','内网IP','Chrome','Windows 10','0','登录成功','2020-01-05 16:35:24'),(526,'admin','127.0.0.1','内网IP','Chrome','Windows 10','0','登录成功','2020-01-05 16:45:51'),(527,'admin','127.0.0.1','内网IP','Chrome','Windows 10','0','登录成功','2020-01-05 17:18:11'),(528,'admin','127.0.0.1','内网IP','Chrome','Windows 10','0','登录成功','2020-01-05 17:23:12'),(529,'admin','127.0.0.1','内网IP','Chrome','Windows 10','0','登录成功','2020-01-05 17:25:51'),(530,'admin','127.0.0.1','内网IP','Chrome','Windows 10','0','登录成功','2020-01-05 17:32:21'),(531,'admin','127.0.0.1','内网IP','Chrome','Windows 10','0','登录成功','2020-01-05 17:41:36'),(532,'admin','127.0.0.1','内网IP','Chrome','Windows 10','0','登录成功','2020-01-05 18:07:07'),(533,'admin','127.0.0.1','内网IP','Chrome','Windows 10','0','登录成功','2020-01-05 18:10:55'),(534,'admin','127.0.0.1','内网IP','Chrome','Windows 10','0','登录成功','2020-01-05 18:34:33'),(535,'admin','127.0.0.1','内网IP','Chrome','Windows 10','0','登录成功','2020-01-05 18:36:39'),(536,'admin','127.0.0.1','内网IP','Chrome','Windows 10','1','验证码错误','2020-01-06 11:34:39'),(537,'admin','127.0.0.1','内网IP','Chrome','Windows 10','0','登录成功','2020-01-06 11:34:43'),(538,'admin','127.0.0.1','内网IP','Chrome','Windows 10','1','验证码错误','2020-01-06 12:09:45'),(539,'admin','127.0.0.1','内网IP','Chrome','Windows 10','0','登录成功','2020-01-06 12:09:48'),(540,'admin','223.104.235.120','XX XX','Chrome','Windows 10','0','登录成功','2020-01-06 12:25:04'),(541,'admin','127.0.0.1','内网IP','Chrome','Windows 10','1','验证码错误','2020-01-06 12:33:55'),(542,'admin','127.0.0.1','内网IP','Chrome','Windows 10','1','验证码错误','2020-01-06 12:33:57'),(543,'admin','127.0.0.1','内网IP','Chrome','Windows 10','0','登录成功','2020-01-06 12:34:01'),(544,'admin','223.104.235.120','辽宁 沈阳','Chrome','Windows 10','0','登录成功','2020-01-06 12:51:45'),(545,'admin','223.104.235.120','XX XX','Chrome','Windows 10','0','登录成功','2020-01-06 13:18:29'),(546,'admin','127.0.0.1','内网IP','Chrome','Windows 10','0','登录成功','2020-01-06 13:19:45'),(547,'admin','223.104.235.120','XX XX','Chrome','Windows 10','0','退出成功','2020-01-06 13:28:20'),(548,'test','223.104.235.120','辽宁 沈阳','Chrome','Windows 10','0','登录成功','2020-01-06 13:28:30'),(549,'test','223.104.235.120','辽宁 沈阳','Chrome','Windows 10','0','退出成功','2020-01-06 13:46:54'),(550,'admin','223.104.235.120','辽宁 沈阳','Chrome','Windows 10','0','登录成功','2020-01-06 13:46:58'),(551,'admin','127.0.0.1','内网IP','Chrome','Windows 10','0','登录成功','2020-01-06 13:49:54'),(552,'admin','223.104.235.120','辽宁 沈阳','Chrome','Windows 10','0','登录成功','2020-01-06 14:03:58'),(553,'admin','223.104.235.120','XX XX','Chrome','Windows 10','0','退出成功','2020-01-06 14:05:00'),(554,'test','223.104.235.120','辽宁 沈阳','Chrome','Windows 10','0','登录成功','2020-01-06 14:05:05'),(555,'test','223.104.235.120','辽宁 沈阳','Chrome','Windows 10','0','退出成功','2020-01-06 14:05:15'),(556,'163401010314','223.104.235.120','XX XX','Chrome','Windows 10','0','登录成功','2020-01-06 14:05:25'),(557,'163401010314','223.104.235.120','辽宁 沈阳','Chrome','Windows 10','0','退出成功','2020-01-06 14:05:43'),(558,'admin','202.112.30.6','辽宁 沈阳','Chrome Mobile','Android 1.x','0','登录成功','2020-01-06 14:07:20'),(559,'admin','223.104.235.120','辽宁 沈阳','Chrome','Windows 10','1','验证码错误','2020-01-06 14:10:06'),(560,'admin','223.104.235.120','辽宁 沈阳','Chrome','Windows 10','0','登录成功','2020-01-06 14:10:09'),(561,'admin','223.104.235.120','辽宁 沈阳','Chrome','Windows 10','0','退出成功','2020-01-06 14:10:13'),(562,'admin','202.112.30.6','辽宁 沈阳','Chrome Mobile','Android 1.x','0','退出成功','2020-01-06 14:10:39'),(563,'163401010312','202.112.30.6','辽宁 沈阳','Chrome Mobile','Android 1.x','1','密码输入错误1次','2020-01-06 14:11:00'),(564,'163401010311','202.112.30.6','辽宁 沈阳','Chrome Mobile','Android 1.x','1','密码输入错误1次','2020-01-06 14:11:09'),(565,'163401010314','202.112.30.6','辽宁 沈阳','Chrome Mobile','Android 1.x','0','登录成功','2020-01-06 14:11:27'),(566,'163401010314','202.112.30.6','辽宁 沈阳','Chrome Mobile','Android 1.x','0','退出成功','2020-01-06 14:12:46'),(567,'163401010314','202.112.30.6','辽宁 沈阳','Chrome Mobile','Android 1.x','1','密码输入错误1次','2020-01-06 14:12:57'),(568,'163401010314','202.112.30.6','辽宁 沈阳','Chrome Mobile','Android 1.x','0','登录成功','2020-01-06 14:13:08'),(569,'163401010314','202.112.30.6','辽宁 沈阳','Chrome Mobile','Android 1.x','0','退出成功','2020-01-06 14:15:54'),(570,'test','202.112.30.6','辽宁 沈阳','Internet Explorer 11','Windows 10','0','登录成功','2020-01-06 14:18:08'),(571,'test','202.112.30.6','辽宁 沈阳','Internet Explorer 11','Windows 10','0','退出成功','2020-01-06 14:23:04'),(572,'admin','202.112.30.6','辽宁 沈阳','Internet Explorer 11','Windows 10','0','登录成功','2020-01-06 14:23:26'),(573,'163401010314','223.104.235.120','辽宁 沈阳','Chrome','Windows 10','0','登录成功','2020-01-06 14:23:45'),(574,'163401010314','223.104.235.120','辽宁 沈阳','Chrome','Windows 10','0','退出成功','2020-01-06 14:24:24'),(575,'test','223.104.235.120','辽宁 沈阳','Chrome','Windows 10','0','登录成功','2020-01-06 14:24:29'),(576,'test','223.104.235.120','辽宁 沈阳','Chrome','Windows 10','0','退出成功','2020-01-06 14:26:51'),(577,'admin','202.112.30.6','辽宁 沈阳','Internet Explorer 11','Windows 10','0','退出成功','2020-01-06 14:26:52'),(578,'admin','223.104.235.120','辽宁 沈阳','Chrome','Windows 10','0','登录成功','2020-01-06 14:26:54'),(579,'test','202.112.30.6','辽宁 沈阳','Internet Explorer 11','Windows 10','0','登录成功','2020-01-06 14:27:19'),(580,'admin','223.104.235.120','辽宁 沈阳','Chrome','Windows 10','0','退出成功','2020-01-06 14:28:05'),(581,'test','223.104.235.120','辽宁 沈阳','Chrome','Windows 10','0','登录成功','2020-01-06 14:28:09'),(582,'test','202.112.30.6','辽宁 沈阳','Internet Explorer 11','Windows 10','0','退出成功','2020-01-06 14:28:30'),(583,'163401010314','202.112.30.6','辽宁 沈阳','Internet Explorer 11','Windows 10','0','登录成功','2020-01-06 14:29:00'),(584,'test','223.104.235.120','辽宁 沈阳','Chrome','Windows 10','0','退出成功','2020-01-06 14:29:25'),(585,'admin','223.104.235.120','辽宁 沈阳','Chrome','Windows 10','0','登录成功','2020-01-06 14:29:28'),(586,'163401010314','202.112.30.6','辽宁 沈阳','Internet Explorer 11','Windows 10','0','退出成功','2020-01-06 14:31:25'),(587,'admin','202.112.30.6','XX XX','Internet Explorer 11','Windows 10','0','登录成功','2020-01-06 14:32:05'),(588,'admin','223.104.235.120','辽宁 沈阳','Chrome','Windows 10','0','登录成功','2020-01-06 14:36:42'),(589,'admin','223.104.235.120','辽宁 沈阳','Chrome','Windows 10','0','退出成功','2020-01-06 14:37:28'),(590,'admin','202.112.30.6','辽宁 沈阳','Internet Explorer 11','Windows 10','0','登录成功','2020-01-06 14:37:38'),(591,'admin','202.112.30.6','辽宁 沈阳','Internet Explorer 11','Windows 10','0','退出成功','2020-01-06 14:56:05'),(592,'test','202.112.30.6','辽宁 沈阳','Internet Explorer 11','Windows 10','0','登录成功','2020-01-06 14:56:30'),(593,'test','202.112.30.6','辽宁 沈阳','Internet Explorer 11','Windows 10','0','退出成功','2020-01-06 15:04:06'),(594,'163401010314','202.112.30.6','辽宁 沈阳','Internet Explorer 11','Windows 10','0','登录成功','2020-01-06 15:04:27'),(595,'163401010314','202.112.30.6','XX XX','Internet Explorer 11','Windows 10','0','退出成功','2020-01-06 15:05:57'),(596,'admin','202.112.30.6','XX XX','Internet Explorer 11','Windows 10','0','登录成功','2020-01-06 15:06:03'),(597,'admin','202.112.30.6','辽宁 沈阳','Internet Explorer 11','Windows 10','0','退出成功','2020-01-06 15:08:51'),(598,'test','202.112.30.6','辽宁 沈阳','Internet Explorer 11','Windows 10','0','登录成功','2020-01-06 15:09:15'),(599,'test','202.112.30.6','辽宁 沈阳','Internet Explorer 11','Windows 10','0','退出成功','2020-01-06 15:12:16'),(600,'163401010314','202.112.30.6','XX XX','Internet Explorer 11','Windows 10','1','密码输入错误1次','2020-01-06 15:12:34'),(601,'163401010314','202.112.30.6','辽宁 沈阳','Internet Explorer 11','Windows 10','0','登录成功','2020-01-06 15:12:47'),(602,'163401010314','202.112.30.6','辽宁 沈阳','Internet Explorer 11','Windows 10','0','退出成功','2020-01-06 15:13:49'),(603,'tset','202.112.30.6','辽宁 沈阳','Internet Explorer 11','Windows 10','1','用户不存在/密码错误','2020-01-06 15:14:06'),(604,'test','202.112.30.6','辽宁 沈阳','Internet Explorer 11','Windows 10','0','登录成功','2020-01-06 15:14:28'),(605,'admin','223.104.235.120','辽宁 沈阳','Chrome','Windows 10','0','登录成功','2020-01-06 15:14:46'),(606,'admin','223.104.235.120','辽宁 沈阳','Chrome','Windows 10','0','退出成功','2020-01-06 15:15:32'),(607,'test','202.112.30.6','XX XX','Internet Explorer 11','Windows 10','0','退出成功','2020-01-06 15:15:39'),(608,'admin','202.112.30.6','XX XX','Internet Explorer 11','Windows 10','1','密码输入错误1次','2020-01-06 15:15:52'),(609,'admin','202.112.30.6','辽宁 沈阳','Internet Explorer 11','Windows 10','1','密码输入错误2次','2020-01-06 15:16:09'),(610,'admin','202.112.30.6','辽宁 沈阳','Internet Explorer 11','Windows 10','1','密码输入错误3次','2020-01-06 15:16:37'),(611,'admin','202.112.30.6','XX XX','Internet Explorer 11','Windows 10','1','密码输入错误4次','2020-01-06 15:16:57'),(612,'test','202.112.30.6','辽宁 沈阳','Internet Explorer 11','Windows 10','1','验证码错误','2020-01-06 15:17:09'),(613,'test','202.112.30.6','辽宁 沈阳','Internet Explorer 11','Windows 10','0','登录成功','2020-01-06 15:17:13'),(614,'test','202.112.30.6','辽宁 沈阳','Internet Explorer 11','Windows 10','0','退出成功','2020-01-06 15:18:00'),(615,'admin','202.112.30.6','辽宁 沈阳','Internet Explorer 11','Windows 10','1','密码输入错误5次','2020-01-06 15:18:13'),(616,'admin','223.104.235.120','辽宁 沈阳','Chrome','Windows 10','1','验证码错误','2020-01-06 15:19:34'),(617,'admin','223.104.235.120','辽宁 沈阳','Chrome','Windows 10','1','密码输入错误5次，帐户锁定10分钟','2020-01-06 15:19:36'),(618,'admin','202.112.30.6','辽宁 沈阳','Internet Explorer 11','Windows 10','1','用户不存在/密码错误','2020-01-06 15:19:38'),(619,'admin','202.112.30.6','辽宁 沈阳','Chrome Mobile','Android 1.x','1','密码输入错误5次，帐户锁定10分钟','2020-01-06 15:20:07'),(620,'163401010314','202.112.30.6','辽宁 沈阳','Chrome Mobile','Android 1.x','0','登录成功','2020-01-06 15:20:39'),(621,'163401010314','202.112.30.6','辽宁 沈阳','Internet Explorer 11','Windows 10','0','登录成功','2020-01-06 15:20:45'),(622,'admin','223.104.235.120','辽宁 沈阳','Chrome','Windows 10','1','密码输入错误5次，帐户锁定10分钟','2020-01-06 15:21:07'),(623,'163401010314','202.112.30.6','辽宁 沈阳','Internet Explorer 11','Windows 10','0','退出成功','2020-01-06 15:29:01'),(624,'test','202.112.30.6','辽宁 沈阳','Internet Explorer 11','Windows 10','0','登录成功','2020-01-06 15:29:19'),(625,'test','202.112.30.6','辽宁 沈阳','Internet Explorer 11','Windows 10','0','退出成功','2020-01-06 15:31:29'),(626,'163401010314','202.112.30.6','辽宁 沈阳','Internet Explorer 11','Windows 10','0','登录成功','2020-01-06 15:31:50'),(627,'admin','223.104.235.120','辽宁 沈阳','Chrome','Windows 10','0','登录成功','2020-01-06 15:32:27'),(628,'163401010314','202.112.30.6','辽宁 沈阳','Internet Explorer 11','Windows 10','0','退出成功','2020-01-06 15:32:35'),(629,'test','202.112.30.6','辽宁 沈阳','Internet Explorer 11','Windows 10','0','登录成功','2020-01-06 15:32:56'),(630,'test','202.112.30.6','辽宁 沈阳','Internet Explorer 11','Windows 10','0','退出成功','2020-01-06 15:35:04'),(631,'admin','202.112.30.6','辽宁 沈阳','Internet Explorer 11','Windows 10','0','登录成功','2020-01-06 15:35:33'),(632,'admin','202.112.30.6','辽宁 沈阳','Internet Explorer 11','Windows 10','0','退出成功','2020-01-06 15:37:51'),(633,'163401010316','202.112.30.6','辽宁 沈阳','Internet Explorer 11','Windows 10','1','验证码错误','2020-01-06 15:38:11'),(634,'163401010316','202.112.30.6','辽宁 沈阳','Internet Explorer 11','Windows 10','0','登录成功','2020-01-06 15:38:19'),(635,'163401010316','202.112.30.6','辽宁 沈阳','Internet Explorer 11','Windows 10','0','退出成功','2020-01-06 15:38:51'),(636,'test','202.112.30.6','辽宁 沈阳','Internet Explorer 11','Windows 10','0','登录成功','2020-01-06 15:39:08'),(637,'test','202.112.30.6','辽宁 沈阳','Internet Explorer 11','Windows 10','0','退出成功','2020-01-06 15:40:04'),(638,'admin','202.112.30.6','辽宁 沈阳','Internet Explorer 11','Windows 10','0','登录成功','2020-01-06 15:40:19'),(639,'admin','202.112.30.6','辽宁 沈阳','Internet Explorer 11','Windows 10','0','退出成功','2020-01-06 15:42:19'),(640,'163401010310','202.112.30.6','辽宁 沈阳','Internet Explorer 11','Windows 10','0','登录成功','2020-01-06 15:42:48'),(641,'163401010310','202.112.30.6','辽宁 沈阳','Internet Explorer 11','Windows 10','0','退出成功','2020-01-06 15:43:08'),(642,'test','202.112.30.6','XX XX','Internet Explorer 11','Windows 10','0','登录成功','2020-01-06 15:43:29'),(643,'admin','223.104.235.120','XX XX','Chrome','Windows 10','0','退出成功','2020-01-06 15:46:37'),(644,'test','223.104.235.120','XX XX','Chrome','Windows 10','0','登录成功','2020-01-06 15:46:42'),(645,'test','202.112.30.6','辽宁 沈阳','Internet Explorer 11','Windows 10','0','退出成功','2020-01-06 16:07:30'),(646,'163401010310','202.112.30.6','辽宁 沈阳','Internet Explorer 11','Windows 10','0','登录成功','2020-01-06 16:07:51'),(647,'163401010310','202.112.30.6','辽宁 沈阳','Internet Explorer 11','Windows 10','0','退出成功','2020-01-06 16:08:52'),(648,'163401010314','202.112.30.6','辽宁 沈阳','Internet Explorer 11','Windows 10','0','登录成功','2020-01-06 16:09:04'),(649,'test','223.104.235.120','辽宁 沈阳','Chrome','Windows 10','0','登录成功','2020-01-06 16:19:22'),(650,'test','223.104.235.120','辽宁 沈阳','Chrome','Windows 10','0','退出成功','2020-01-06 16:19:34'),(651,'163401010314','223.104.235.120','XX XX','Chrome','Windows 10','0','登录成功','2020-01-06 16:19:39'),(652,'163401010314','223.104.235.120','辽宁 沈阳','Chrome','Windows 10','0','退出成功','2020-01-06 16:19:45'),(653,'admin','223.104.235.120','辽宁 沈阳','Chrome','Windows 10','0','登录成功','2020-01-06 16:19:49'),(654,'admin','127.0.0.1','内网IP','Chrome','Windows 10','0','登录成功','2020-01-06 16:58:08'),(655,'admin','127.0.0.1','内网IP','Chrome','Windows 10','0','登录成功','2020-01-06 17:56:40'),(656,'admin','223.104.235.120','辽宁 沈阳','Chrome','Windows 10','0','登录成功','2020-01-06 18:02:19'),(657,'163401010310','202.112.30.6','辽宁 沈阳','Internet Explorer 11','Windows 10','1','用户不存在/密码错误','2020-01-06 18:22:50'),(658,'163401010314','202.112.30.6','辽宁 沈阳','Internet Explorer 11','Windows 10','0','登录成功','2020-01-06 18:23:10'),(659,'163401010314','202.112.30.6','辽宁 沈阳','Internet Explorer 11','Windows 10','0','退出成功','2020-01-06 18:24:46'),(660,'admin','202.112.30.6','辽宁 沈阳','Internet Explorer 11','Windows 10','0','登录成功','2020-01-06 18:25:13'),(661,'admin','202.112.30.6','辽宁 沈阳','Internet Explorer 11','Windows 10','0','退出成功','2020-01-06 18:29:31'),(662,'admin','202.112.30.6','辽宁 沈阳','Internet Explorer 11','Windows 10','0','登录成功','2020-01-06 18:34:19'),(663,'admin','202.112.30.6','辽宁 沈阳','Internet Explorer 11','Windows 10','0','退出成功','2020-01-06 18:35:23'),(664,'admin','202.112.30.6','XX XX','Internet Explorer 11','Windows 10','0','登录成功','2020-01-06 20:46:54'),(665,'admin','127.0.0.1','内网IP','Chrome','Windows 10','0','登录成功','2020-01-06 22:45:12'),(666,'admin','127.0.0.1','内网IP','Chrome','Windows 10','0','登录成功','2020-01-06 22:59:59'),(667,'admin','127.0.0.1','内网IP','Chrome','Windows 10','0','退出成功','2020-01-06 23:05:00'),(668,'163401010319','127.0.0.1','内网IP','Chrome','Windows 10','0','登录成功','2020-01-06 23:05:25'),(669,'163401010319','127.0.0.1','内网IP','Chrome','Windows 10','0','退出成功','2020-01-06 23:05:49'),(670,'163401010320','127.0.0.1','内网IP','Chrome','Windows 10','1','验证码错误','2020-01-06 23:06:05'),(671,'163401010320','127.0.0.1','内网IP','Chrome','Windows 10','0','登录成功','2020-01-06 23:06:10'),(672,'163401010320','127.0.0.1','内网IP','Chrome','Windows 10','0','退出成功','2020-01-06 23:06:26'),(673,'163401010321','127.0.0.1','内网IP','Chrome','Windows 10','0','登录成功','2020-01-06 23:06:38'),(674,'163401010321','127.0.0.1','内网IP','Chrome','Windows 10','0','退出成功','2020-01-06 23:06:53'),(675,'163401010322','127.0.0.1','内网IP','Chrome','Windows 10','0','登录成功','2020-01-06 23:07:04'),(676,'163401010322','127.0.0.1','内网IP','Chrome','Windows 10','0','退出成功','2020-01-06 23:07:30'),(677,'163401010323','127.0.0.1','内网IP','Chrome','Windows 10','0','登录成功','2020-01-06 23:07:41'),(678,'163401010323','127.0.0.1','内网IP','Chrome','Windows 10','0','退出成功','2020-01-06 23:08:10'),(679,'163401010314','127.0.0.1','内网IP','Chrome','Windows 10','0','登录成功','2020-01-06 23:08:22'),(680,'163401010314','127.0.0.1','内网IP','Chrome','Windows 10','1','验证码错误','2020-01-06 23:10:58'),(681,'163401010314','127.0.0.1','内网IP','Chrome','Windows 10','0','登录成功','2020-01-06 23:11:01'),(682,'163401010314','127.0.0.1','内网IP','Chrome','Windows 10','0','登录成功','2020-01-06 23:21:40'),(683,'163401010314','127.0.0.1','内网IP','Chrome','Windows 10','0','退出成功','2020-01-06 23:22:00'),(684,'163401010319','127.0.0.1','内网IP','Chrome','Windows 10','0','登录成功','2020-01-06 23:22:21'),(685,'163401010314','127.0.0.1','内网IP','Chrome','Windows 10','1','密码输入错误1次','2020-01-06 23:42:37'),(686,'163401010314','127.0.0.1','内网IP','Chrome','Windows 10','0','登录成功','2020-01-06 23:42:42'),(687,'163401010314','127.0.0.1','内网IP','Chrome','Windows 10','0','退出成功','2020-01-06 23:42:52'),(688,'163401010319','127.0.0.1','内网IP','Chrome','Windows 10','0','登录成功','2020-01-06 23:43:04'),(689,'163401010314','127.0.0.1','内网IP','Chrome','Windows 10','0','登录成功','2020-01-06 23:53:31'),(690,'163401010314','127.0.0.1','内网IP','Chrome','Windows 10','0','退出成功','2020-01-06 23:53:39'),(691,'163401010319','127.0.0.1','内网IP','Chrome','Windows 10','0','登录成功','2020-01-06 23:53:52'),(692,'163401010319','127.0.0.1','内网IP','Chrome','Windows 10','0','登录成功','2020-01-07 00:23:57'),(693,'163401010319','127.0.0.1','内网IP','Chrome','Windows 10','0','退出成功','2020-01-07 00:24:09'),(694,'admin','127.0.0.1','内网IP','Chrome','Windows 10','0','登录成功','2020-01-07 00:24:12'),(695,'admin','127.0.0.1','内网IP','Chrome','Windows 10','0','登录成功','2020-01-07 00:28:54'),(696,'admin','127.0.0.1','内网IP','Chrome','Windows 10','0','登录成功','2020-01-07 00:35:35'),(697,'admin','127.0.0.1','内网IP','Chrome','Windows 10','0','退出成功','2020-01-07 00:37:33'),(698,'163401010314','127.0.0.1','内网IP','Chrome','Windows 10','0','登录成功','2020-01-07 00:37:44'),(699,'163401010314','127.0.0.1','内网IP','Chrome','Windows 10','0','退出成功','2020-01-07 00:37:58'),(700,'163401010319','127.0.0.1','内网IP','Chrome','Windows 10','1','验证码错误','2020-01-07 00:38:13'),(701,'163401010319','127.0.0.1','内网IP','Chrome','Windows 10','0','登录成功','2020-01-07 00:38:15'),(702,'163401010319','127.0.0.1','内网IP','Chrome','Windows 10','0','登录成功','2020-01-07 00:39:49'),(703,'163401010319','127.0.0.1','内网IP','Chrome','Windows 10','0','登录成功','2020-01-07 00:41:12'),(704,'163401010319','127.0.0.1','内网IP','Chrome','Windows 10','0','退出成功','2020-01-07 00:45:09'),(705,'163401010314','127.0.0.1','内网IP','Chrome','Windows 10','0','登录成功','2020-01-07 00:45:21'),(706,'admin','127.0.0.1','内网IP','Chrome','Windows 10','0','登录成功','2020-01-07 00:48:20'),(707,'admin','127.0.0.1','内网IP','Chrome','Windows 10','0','退出成功','2020-01-07 00:48:32'),(708,'163401010314','127.0.0.1','内网IP','Chrome','Windows 10','0','登录成功','2020-01-07 00:48:45'),(709,'163401010314','127.0.0.1','内网IP','Chrome','Windows 10','0','退出成功','2020-01-07 00:51:48'),(710,'163401010319','127.0.0.1','内网IP','Chrome','Windows 10','0','登录成功','2020-01-07 00:52:03'),(711,'163401010319','127.0.0.1','内网IP','Chrome','Windows 10','0','退出成功','2020-01-07 00:52:24'),(712,'163401010311','127.0.0.1','内网IP','Chrome','Windows 10','0','登录成功','2020-01-07 00:52:39'),(713,'163401010311','127.0.0.1','内网IP','Chrome','Windows 10','0','退出成功','2020-01-07 00:53:16'),(714,'163401010319','127.0.0.1','内网IP','Chrome','Windows 10','0','登录成功','2020-01-07 00:53:36'),(715,'163401010319','127.0.0.1','内网IP','Chrome','Windows 10','0','登录成功','2020-01-07 01:12:56'),(716,'163401010319','127.0.0.1','内网IP','Chrome','Windows 10','0','退出成功','2020-01-07 01:13:06'),(717,'admin','127.0.0.1','内网IP','Chrome','Windows 10','0','登录成功','2020-01-07 01:13:12'),(718,'admin','127.0.0.1','内网IP','Chrome','Windows 10','0','登录成功','2020-01-07 01:16:34'),(719,'admin','127.0.0.1','内网IP','Chrome','Windows 10','0','登录成功','2020-01-07 01:21:35'),(720,'admin','223.104.235.120','辽宁 沈阳','Chrome','Windows 10','0','登录成功','2020-01-07 01:28:52'),(721,'admin','223.104.235.120','辽宁 沈阳','Chrome','Windows 10','0','退出成功','2020-01-07 01:34:36'),(722,'163401010319','223.104.235.120','XX XX','Chrome','Windows 10','0','登录成功','2020-01-07 01:34:48'),(723,'admin','202.112.30.6','辽宁 沈阳','Chrome Mobile','Android 1.x','0','登录成功','2020-01-07 07:33:45'),(724,'admin','202.112.30.6','辽宁 沈阳','Internet Explorer 11','Windows 10','1','验证码错误','2020-01-07 08:21:24'),(725,'admin','202.112.30.6','辽宁 沈阳','Internet Explorer 11','Windows 10','0','登录成功','2020-01-07 08:21:32'),(726,'admin','202.112.30.6','XX XX','Internet Explorer 11','Windows 10','0','退出成功','2020-01-07 08:21:55'),(727,'admin','202.112.30.6','XX XX','Internet Explorer 11','Windows 10','1','验证码错误','2020-01-07 08:22:02'),(728,'admin','202.112.30.6','辽宁 沈阳','Internet Explorer 11','Windows 10','1','验证码错误','2020-01-07 08:22:10'),(729,'admin','202.112.30.6','辽宁 沈阳','Internet Explorer 11','Windows 10','0','登录成功','2020-01-07 08:22:19'),(730,'admin','202.112.30.6','辽宁 沈阳','Internet Explorer 11','Windows 10','0','退出成功','2020-01-07 08:24:46'),(731,'163401010312','202.112.30.6','辽宁 沈阳','Internet Explorer 11','Windows 10','0','登录成功','2020-01-07 08:25:31'),(732,'163401010312','202.112.30.6','辽宁 沈阳','Internet Explorer 11','Windows 10','0','退出成功','2020-01-07 08:35:17'),(733,'admin','202.112.30.6','辽宁 沈阳','Internet Explorer 11','Windows 10','0','登录成功','2020-01-07 08:39:46'),(734,'admin','202.112.30.6','辽宁 沈阳','Internet Explorer 11','Windows 10','0','退出成功','2020-01-07 08:41:07'),(735,'163401010312','202.112.30.6','XX XX','Internet Explorer 11','Windows 10','0','登录成功','2020-01-07 08:41:35'),(736,'163401010312','202.112.30.6','辽宁 沈阳','Internet Explorer 11','Windows 10','0','退出成功','2020-01-07 08:51:44'),(737,'admin','202.112.30.6','辽宁 沈阳','Internet Explorer 11','Windows 10','0','登录成功','2020-01-07 08:51:53'),(738,'admin','202.112.30.6','辽宁 沈阳','Internet Explorer 11','Windows 10','0','退出成功','2020-01-07 08:56:58'),(739,'admin','223.104.235.120','辽宁 沈阳','Chrome','Windows 10','0','登录成功','2020-01-07 15:58:10'),(740,'admin','223.104.235.120','XX XX','Chrome','Windows 10','0','退出成功','2020-01-07 16:00:22'),(741,'163401010314','59.46.65.112','辽宁 沈阳','Chrome','Windows 10','0','登录成功','2020-01-07 18:18:52'),(742,'163401010314','59.46.65.112','XX XX','Chrome','Windows 10','0','退出成功','2020-01-07 18:21:15'),(743,'163401010319','59.46.65.112','辽宁 沈阳','Chrome','Windows 10','0','登录成功','2020-01-07 18:21:37'),(744,'163401010319','59.46.65.112','XX XX','Chrome','Windows 10','0','退出成功','2020-01-07 18:22:13'),(745,'admin','59.46.65.112','辽宁 沈阳','Chrome','Windows 10','0','登录成功','2020-01-07 18:22:34'),(746,'admin','59.46.65.112','辽宁 沈阳','Chrome','Windows 10','0','退出成功','2020-01-07 18:24:36'),(747,'163401010314','59.46.65.112','辽宁 沈阳','Chrome','Windows 10','0','登录成功','2020-01-07 18:24:47'),(748,'163401010314','59.46.65.112','辽宁 沈阳','Chrome','Windows 10','0','退出成功','2020-01-07 18:25:11'),(749,'admin','59.46.65.112','辽宁 沈阳','Chrome','Windows 10','0','登录成功','2020-01-07 18:25:45'),(750,'admin','59.46.65.112','辽宁 沈阳','Chrome','Windows 10','0','登录成功','2020-01-07 18:26:23'),(751,'admin','202.112.30.6','辽宁 沈阳','Internet Explorer 11','Windows 10','1','验证码错误','2020-01-07 19:01:12'),(752,'admin','202.112.30.6','辽宁 沈阳','Internet Explorer 11','Windows 10','0','登录成功','2020-01-07 19:01:19'),(753,'admin','202.112.30.6','XX XX','Internet Explorer 11','Windows 10','0','退出成功','2020-01-07 19:15:42'),(754,'admin','202.112.30.6','辽宁 沈阳','Internet Explorer 11','Windows 10','1','验证码错误','2020-01-07 21:39:20'),(755,'admin','202.112.30.6','辽宁 沈阳','Internet Explorer 11','Windows 10','0','登录成功','2020-01-07 21:39:26'),(756,'admin','202.112.30.6','辽宁 沈阳','Internet Explorer 11','Windows 10','0','退出成功','2020-01-07 21:41:43'),(757,'admin','202.112.30.6','辽宁 沈阳','Internet Explorer 11','Windows 10','0','登录成功','2020-01-07 21:42:10'),(758,'admin','202.112.30.6','XX XX','Internet Explorer 11','Windows 10','0','退出成功','2020-01-07 21:49:16'),(759,'163401010312','202.112.30.6','辽宁 沈阳','Internet Explorer 11','Windows 10','0','登录成功','2020-01-07 21:49:40'),(760,'163401010312','202.112.30.6','辽宁 沈阳','Internet Explorer 11','Windows 10','0','退出成功','2020-01-07 21:50:48'),(761,'admin','202.112.30.6','辽宁 沈阳','Internet Explorer 11','Windows 10','0','登录成功','2020-01-08 08:50:01'),(762,'admin','202.112.30.6','辽宁 沈阳','Internet Explorer 11','Windows 10','0','退出成功','2020-01-08 08:55:30'),(763,'admin','59.46.65.112','辽宁 沈阳','Chrome','Windows 10','1','验证码错误','2020-01-08 12:14:51'),(764,'admin','59.46.65.112','辽宁 沈阳','Chrome','Windows 10','0','登录成功','2020-01-08 12:15:01'),(765,'admin','223.104.235.61','辽宁 沈阳','Chrome','Windows 10','0','登录成功','2020-01-08 12:33:54'),(766,'1634010103119','59.46.65.112','辽宁 沈阳','Chrome','Windows 10','1','用户不存在/密码错误','2020-01-08 13:13:44'),(767,'163401010319','59.46.65.112','辽宁 沈阳','Chrome','Windows 10','0','登录成功','2020-01-08 13:13:53'),(768,'163401010319','59.46.65.112','辽宁 沈阳','Chrome','Windows 10','0','退出成功','2020-01-08 13:20:52'),(769,'admin','223.104.235.61','辽宁 沈阳','Chrome','Windows 10','0','登录成功','2020-01-08 13:34:58'),(770,'admin','223.104.235.61','辽宁 沈阳','Chrome','Windows 10','0','退出成功','2020-01-08 13:35:38'),(771,'163401010314','223.104.235.61','辽宁 沈阳','Chrome','Windows 10','0','登录成功','2020-01-08 13:35:50'),(772,'163401010314','223.104.235.61','辽宁 沈阳','Chrome','Windows 10','0','退出成功','2020-01-08 13:35:52'),(773,'163401010319','223.104.235.61','辽宁 沈阳','Chrome','Windows 10','0','登录成功','2020-01-08 13:36:00'),(774,'163401010319','223.104.235.61','辽宁 沈阳','Chrome','Windows 10','0','退出成功','2020-01-08 13:36:06'),(775,'admin','223.104.235.35','辽宁 沈阳','Chrome','Windows 10','0','登录成功','2020-01-08 15:27:00'),(776,'admin','223.104.235.35','辽宁 沈阳','Chrome','Windows 10','0','登录成功','2020-01-08 16:17:46'),(777,'admin','223.104.235.35','辽宁 沈阳','Chrome','Windows 10','0','退出成功','2020-01-08 16:22:45'),(778,'163401010319','223.104.235.35','辽宁 沈阳','Chrome','Windows 10','0','登录成功','2020-01-08 16:23:05'),(779,'163401010319','223.104.235.35','辽宁 沈阳','Chrome','Windows 10','0','退出成功','2020-01-08 16:27:00'),(780,'163401010311','223.104.235.35','辽宁 沈阳','Chrome','Windows 10','0','登录成功','2020-01-08 16:27:08'),(781,'163401010311','223.104.235.35','辽宁 沈阳','Chrome','Windows 10','0','退出成功','2020-01-08 16:30:47'),(782,'admin','223.104.235.35','辽宁 沈阳','Chrome','Windows 10','0','登录成功','2020-01-08 16:31:00'),(783,'admin','223.104.235.35','辽宁 沈阳','Chrome','Windows 10','0','退出成功','2020-01-08 16:32:53'),(784,'163401010319','223.104.235.35','辽宁 沈阳','Chrome','Windows 10','0','登录成功','2020-01-08 16:33:09'),(785,'admin','202.112.30.6','辽宁 沈阳','Internet Explorer 11','Windows 10','0','登录成功','2020-01-08 18:04:49'),(786,'admin','112.40.206.152','辽宁 本溪','Chrome','Windows 10','0','登录成功','2020-01-12 15:45:30'),(787,'admin','112.40.206.152','辽宁 本溪','Chrome','Windows 10','0','退出成功','2020-01-12 15:51:08'),(788,'admin','127.0.0.1','内网IP','Chrome','Windows 10','1','验证码错误','2020-01-18 19:17:04'),(789,'admin','127.0.0.1','内网IP','Chrome','Windows 10','1','验证码错误','2020-01-18 19:17:08'),(790,'admin','127.0.0.1','内网IP','Chrome','Windows 10','0','登录成功','2020-01-18 19:17:12'),(791,'admin','127.0.0.1','内网IP','Chrome','Windows 10','0','登录成功','2020-01-20 21:02:49'),(792,'admin','127.0.0.1','内网IP','Chrome','Windows 10','0','登录成功','2020-01-20 21:07:26'),(793,'admin','127.0.0.1','内网IP','Chrome','Windows 10','0','登录成功','2020-01-20 21:08:46'),(794,'admin','127.0.0.1','内网IP','Chrome','Windows 10','0','登录成功','2020-01-20 21:09:53'),(795,'admin','127.0.0.1','内网IP','Chrome','Windows 10','0','登录成功','2020-01-20 22:15:02'),(796,'admin','127.0.0.1','内网IP','Chrome','Windows 10','0','登录成功','2020-01-20 22:23:54'),(797,'admin','127.0.0.1','内网IP','Chrome','Windows 10','1','验证码错误','2020-01-20 22:47:53'),(798,'admin','127.0.0.1','内网IP','Chrome','Windows 10','0','登录成功','2020-01-20 22:47:56'),(799,'admin','127.0.0.1','内网IP','Chrome','Windows 10','0','登录成功','2020-01-21 20:03:07'),(800,'admin','127.0.0.1','内网IP','Chrome','Windows 10','0','登录成功','2020-01-21 20:46:12'),(801,'admin','127.0.0.1','内网IP','Chrome','Windows 10','0','登录成功','2020-01-21 21:12:35'),(802,'admin','127.0.0.1','内网IP','Chrome','Windows 10','0','登录成功','2020-01-21 21:25:14'),(803,'admin','127.0.0.1','内网IP','Chrome','Windows 10','0','登录成功','2020-01-21 22:28:10'),(804,'admin','127.0.0.1','内网IP','Chrome','Windows 10','0','登录成功','2020-01-21 22:31:05'),(805,'admin','127.0.0.1','内网IP','Chrome','Windows 10','0','登录成功','2020-01-21 22:34:18'),(806,'admin','127.0.0.1','内网IP','Chrome','Windows 10','0','登录成功','2020-01-21 22:37:46'),(807,'admin','127.0.0.1','内网IP','Chrome','Windows 10','0','登录成功','2020-01-21 22:40:25'),(808,'admin','127.0.0.1','内网IP','Chrome','Windows 10','0','登录成功','2020-01-21 22:50:18'),(809,'admin','127.0.0.1','内网IP','Chrome','Windows 10','0','登录成功','2020-01-21 22:55:29'),(810,'admin','127.0.0.1','内网IP','Chrome','Windows 10','0','登录成功','2020-01-21 23:10:40'),(811,'admin','127.0.0.1','内网IP','Chrome','Windows 10','1','验证码错误','2020-01-21 23:13:35'),(812,'admin','127.0.0.1','内网IP','Chrome','Windows 10','1','验证码错误','2020-01-21 23:13:39'),(813,'admin','127.0.0.1','内网IP','Chrome','Windows 10','1','验证码错误','2020-01-21 23:13:43'),(814,'admin','127.0.0.1','内网IP','Chrome','Windows 10','0','登录成功','2020-01-21 23:13:46'),(815,'admin','127.0.0.1','内网IP','Chrome','Windows 10','0','登录成功','2020-01-21 23:18:21'),(816,'admin','127.0.0.1','内网IP','Chrome','Windows 10','1','验证码错误','2020-01-22 13:08:34'),(817,'admin','127.0.0.1','内网IP','Chrome','Windows 10','1','验证码错误','2020-01-22 13:08:38'),(818,'admin','127.0.0.1','内网IP','Chrome','Windows 10','1','验证码错误','2020-01-22 13:08:44'),(819,'admin','127.0.0.1','内网IP','Chrome','Windows 10','0','登录成功','2020-01-22 13:08:49'),(820,'admin','127.0.0.1','内网IP','Chrome','Windows 10','0','登录成功','2020-01-22 14:10:50'),(821,'admin','127.0.0.1','内网IP','Chrome','Windows 10','0','登录成功','2020-01-22 15:49:42'),(822,'admin','127.0.0.1','内网IP','Chrome','Windows 10','1','验证码错误','2020-01-22 15:57:17'),(823,'admin','127.0.0.1','内网IP','Chrome','Windows 10','0','登录成功','2020-01-22 15:57:19'),(824,'admin','127.0.0.1','内网IP','Chrome','Windows 10','0','登录成功','2020-01-22 16:42:09'),(825,'admin','127.0.0.1','内网IP','Chrome','Windows 10','0','登录成功','2020-01-22 18:12:55'),(826,'admin','127.0.0.1','内网IP','Chrome','Windows 10','1','验证码错误','2020-01-22 19:09:00'),(827,'admin','127.0.0.1','内网IP','Chrome','Windows 10','0','登录成功','2020-01-22 19:09:03'),(828,'admin','127.0.0.1','内网IP','Chrome','Windows 10','0','登录成功','2020-01-22 19:53:26'),(829,'admin','127.0.0.1','内网IP','Chrome','Windows 10','0','登录成功','2020-01-22 20:23:50'),(830,'admin','127.0.0.1','内网IP','Chrome','Windows 10','0','登录成功','2020-01-22 21:15:51'),(831,'admin','127.0.0.1','内网IP','Chrome','Windows 10','0','登录成功','2020-01-22 21:53:40'),(832,'admin','127.0.0.1','内网IP','Chrome','Windows 10','1','验证码错误','2020-01-22 21:55:13'),(833,'admin','127.0.0.1','内网IP','Chrome','Windows 10','0','登录成功','2020-01-22 21:55:16'),(834,'admin','127.0.0.1','内网IP','Chrome','Windows 10','0','登录成功','2020-01-22 21:58:16'),(835,'admin','127.0.0.1','内网IP','Chrome','Windows 10','0','登录成功','2020-01-22 22:00:13'),(836,'admin','127.0.0.1','内网IP','Chrome','Windows 10','0','登录成功','2020-01-22 22:05:03'),(837,'admin','127.0.0.1','内网IP','Chrome','Windows 10','0','登录成功','2020-01-22 22:15:32'),(838,'admin','127.0.0.1','内网IP','Chrome','Windows 10','1','验证码错误','2020-01-22 22:17:36'),(839,'admin','127.0.0.1','内网IP','Chrome','Windows 10','1','验证码错误','2020-01-22 22:17:39'),(840,'admin','127.0.0.1','内网IP','Chrome','Windows 10','0','登录成功','2020-01-22 22:17:43'),(841,'admin','127.0.0.1','内网IP','Chrome','Windows 10','0','登录成功','2020-01-22 22:22:31'),(842,'admin','127.0.0.1','内网IP','Chrome','Windows 10','0','登录成功','2020-01-22 22:25:52'),(843,'admin','127.0.0.1','内网IP','Chrome','Windows 10','0','登录成功','2020-01-23 19:15:32'),(844,'admin','127.0.0.1','内网IP','Chrome','Windows 10','0','登录成功','2020-01-23 19:22:06'),(845,'admin','127.0.0.1','内网IP','Chrome','Windows 10','0','登录成功','2020-01-23 21:37:32'),(846,'admin','127.0.0.1','内网IP','Chrome','Windows 10','0','登录成功','2020-01-23 21:47:55'),(847,'admin','127.0.0.1','内网IP','Chrome','Windows 10','1','验证码错误','2020-01-23 21:49:14'),(848,'admin','127.0.0.1','内网IP','Chrome','Windows 10','0','登录成功','2020-01-23 21:49:19'),(849,'admin','127.0.0.1','内网IP','Chrome','Windows 10','0','登录成功','2020-01-23 22:03:57'),(850,'admin','127.0.0.1','内网IP','Chrome','Windows 10','0','登录成功','2020-01-23 23:05:36'),(851,'admin','127.0.0.1','内网IP','Chrome','Windows 10','0','登录成功','2020-01-23 23:08:04'),(852,'admin','127.0.0.1','内网IP','Chrome','Windows 10','0','登录成功','2020-01-31 13:45:53'),(853,'admin','127.0.0.1','内网IP','Chrome','Windows 10','0','登录成功','2020-02-01 14:57:49'),(854,'admin','127.0.0.1','内网IP','Chrome','Windows 10','0','登录成功','2020-02-01 15:30:20'),(855,'admin','127.0.0.1','内网IP','Chrome','Windows 10','0','登录成功','2020-02-01 16:04:55'),(856,'admin','127.0.0.1','内网IP','Chrome','Windows 10','0','登录成功','2020-02-01 16:44:51'),(857,'admin','127.0.0.1','内网IP','Chrome','Windows 10','0','登录成功','2020-02-01 20:16:50'),(858,'admin','127.0.0.1','内网IP','Chrome','Windows 10','0','登录成功','2020-02-01 20:22:28'),(859,'admin','127.0.0.1','内网IP','Chrome','Windows 10','0','登录成功','2020-02-01 20:24:18'),(860,'admin','127.0.0.1','内网IP','Chrome','Windows 10','0','登录成功','2020-02-01 20:46:45'),(861,'admin','127.0.0.1','内网IP','Chrome','Windows 10','0','登录成功','2020-02-01 20:53:59'),(862,'admin','127.0.0.1','内网IP','Chrome','Windows 10','0','登录成功','2020-02-01 20:58:09'),(863,'admin','127.0.0.1','内网IP','Chrome','Windows 10','0','登录成功','2020-02-01 21:00:04'),(864,'admin','127.0.0.1','内网IP','Chrome','Windows 10','0','登录成功','2020-02-01 21:02:40'),(865,'admin','127.0.0.1','内网IP','Chrome','Windows 10','0','登录成功','2020-02-02 14:22:46'),(866,'admin','127.0.0.1','内网IP','Chrome','Windows 10','0','登录成功','2020-02-02 15:43:53'),(867,'admin','127.0.0.1','内网IP','Chrome','Windows 10','1','验证码错误','2020-02-02 17:06:11'),(868,'admin','127.0.0.1','内网IP','Chrome','Windows 10','0','登录成功','2020-02-02 17:06:14'),(869,'admin','127.0.0.1','内网IP','Chrome','Windows 10','1','验证码错误','2020-02-02 17:48:02'),(870,'admin','127.0.0.1','内网IP','Chrome','Windows 10','0','登录成功','2020-02-02 17:48:06'),(871,'admin','127.0.0.1','内网IP','Chrome','Windows 10','0','登录成功','2020-02-02 18:37:22'),(872,'admin','127.0.0.1','内网IP','Chrome','Windows 10','0','登录成功','2020-02-02 18:38:32'),(873,'admin','127.0.0.1','内网IP','Chrome','Windows 10','0','登录成功','2020-02-02 18:42:23'),(874,'admin','127.0.0.1','内网IP','Chrome','Windows 10','0','登录成功','2020-02-03 10:54:53'),(875,'admin','127.0.0.1','内网IP','Chrome','Windows 10','0','登录成功','2020-02-03 11:21:04'),(876,'admin','127.0.0.1','内网IP','Chrome','Windows 10','0','登录成功','2020-02-03 11:28:57'),(877,'admin','127.0.0.1','内网IP','Chrome','Windows 10','0','登录成功','2020-02-03 11:42:31'),(878,'admin','127.0.0.1','内网IP','Chrome','Windows 10','0','登录成功','2020-02-03 12:22:01'),(879,'admin','127.0.0.1','内网IP','Chrome','Windows 10','0','登录成功','2020-02-03 14:06:59'),(880,'admin','127.0.0.1','内网IP','Chrome','Windows 10','0','登录成功','2020-02-03 14:11:32'),(881,'admin','127.0.0.1','内网IP','Chrome','Windows 10','0','登录成功','2020-02-03 14:13:15'),(882,'admin','127.0.0.1','内网IP','Chrome','Windows 10','0','登录成功','2020-02-03 14:48:21'),(883,'admin','127.0.0.1','内网IP','Chrome','Windows 10','0','登录成功','2020-02-03 16:11:54'),(884,'admin','127.0.0.1','内网IP','Chrome','Windows 10','0','登录成功','2020-02-03 16:33:35'),(885,'admin','127.0.0.1','内网IP','Chrome','Windows 10','0','登录成功','2020-02-03 16:40:01'),(886,'admin','127.0.0.1','内网IP','Chrome','Windows 10','0','登录成功','2020-02-03 16:44:58'),(887,'admin','127.0.0.1','内网IP','Chrome','Windows 10','0','登录成功','2020-02-03 16:57:50'),(888,'admin','127.0.0.1','内网IP','Chrome','Windows 10','0','登录成功','2020-02-03 17:02:50'),(889,'admin','127.0.0.1','内网IP','Chrome','Windows 10','0','登录成功','2020-02-03 19:09:47'),(890,'admin','127.0.0.1','内网IP','Chrome','Windows 10','0','登录成功','2020-02-03 19:26:06'),(891,'admin','127.0.0.1','内网IP','Chrome','Windows 10','0','登录成功','2020-02-03 19:40:35'),(892,'admin','127.0.0.1','内网IP','Chrome','Windows 10','1','验证码错误','2020-02-03 20:13:24'),(893,'admin','127.0.0.1','内网IP','Chrome','Windows 10','0','登录成功','2020-02-03 20:13:28'),(894,'admin','127.0.0.1','内网IP','Chrome','Windows 10','0','登录成功','2020-02-03 20:14:37'),(895,'admin','127.0.0.1','内网IP','Chrome','Windows 10','1','验证码错误','2020-02-03 20:16:26'),(896,'admin','127.0.0.1','内网IP','Chrome','Windows 10','0','登录成功','2020-02-03 20:16:29'),(897,'admin','127.0.0.1','内网IP','Chrome','Windows 10','0','登录成功','2020-02-03 20:19:13'),(898,'admin','127.0.0.1','内网IP','Chrome','Windows 10','0','登录成功','2020-02-03 20:20:55'),(899,'admin','127.0.0.1','内网IP','Chrome','Windows 10','0','登录成功','2020-02-03 20:22:03'),(900,'admin','127.0.0.1','内网IP','Chrome','Windows 10','0','登录成功','2020-02-03 20:33:49'),(901,'admin','127.0.0.1','内网IP','Chrome','Windows 10','0','登录成功','2020-02-03 20:54:26'),(902,'admin','127.0.0.1','内网IP','Chrome','Windows 10','0','登录成功','2020-02-03 20:55:26'),(903,'admin','127.0.0.1','内网IP','Chrome','Windows 10','1','验证码错误','2020-02-03 20:59:44'),(904,'admin','127.0.0.1','内网IP','Chrome','Windows 10','0','登录成功','2020-02-03 20:59:47'),(905,'admin','127.0.0.1','内网IP','Chrome','Windows 10','1','验证码错误','2020-02-03 21:10:29'),(906,'admin','127.0.0.1','内网IP','Chrome','Windows 10','0','登录成功','2020-02-03 21:10:32'),(907,'admin','127.0.0.1','内网IP','Chrome','Windows 10','0','登录成功','2020-02-03 21:11:54'),(908,'admin','127.0.0.1','内网IP','Chrome','Windows 10','0','登录成功','2020-02-03 21:17:45'),(909,'admin','127.0.0.1','内网IP','Chrome','Windows 10','0','登录成功','2020-02-03 21:25:42'),(910,'admin','127.0.0.1','内网IP','Chrome','Windows 10','0','登录成功','2020-02-03 21:36:16'),(911,'admin','127.0.0.1','内网IP','Chrome','Windows 10','0','登录成功','2020-02-03 21:40:41'),(912,'admin','127.0.0.1','内网IP','Chrome','Windows 10','1','验证码错误','2020-02-04 10:14:02'),(913,'admin','127.0.0.1','内网IP','Chrome','Windows 10','0','登录成功','2020-02-04 10:14:07'),(914,'admin','127.0.0.1','内网IP','Chrome','Windows 10','0','登录成功','2020-02-04 11:12:52'),(915,'admin','127.0.0.1','内网IP','Chrome','Windows 10','0','登录成功','2020-02-04 11:40:11'),(916,'admin','127.0.0.1','内网IP','Chrome','Windows 10','0','登录成功','2020-02-04 11:42:14'),(917,'admin','127.0.0.1','内网IP','Chrome','Windows 10','0','登录成功','2020-02-04 11:43:18'),(918,'admin','127.0.0.1','内网IP','Chrome','Windows 10','1','验证码错误','2020-02-04 11:48:19'),(919,'admin','127.0.0.1','内网IP','Chrome','Windows 10','1','验证码错误','2020-02-04 11:48:23'),(920,'admin','127.0.0.1','内网IP','Chrome','Windows 10','0','登录成功','2020-02-04 11:48:25'),(921,'admin','127.0.0.1','内网IP','Chrome','Windows 10','0','登录成功','2020-02-04 11:56:19'),(922,'admin','127.0.0.1','内网IP','Chrome','Windows 10','0','登录成功','2020-02-04 12:02:47'),(923,'admin','127.0.0.1','内网IP','Chrome','Windows 10','0','登录成功','2020-02-04 16:25:59'),(924,'admin','127.0.0.1','内网IP','Chrome','Windows 10','0','登录成功','2020-02-04 17:06:36'),(925,'admin','127.0.0.1','内网IP','Chrome','Windows 10','0','登录成功','2020-02-04 18:06:59'),(926,'admin','127.0.0.1','内网IP','Chrome','Windows 10','0','登录成功','2020-02-04 19:08:25'),(927,'admin','127.0.0.1','内网IP','Chrome','Windows 10','0','登录成功','2020-02-04 19:17:50'),(928,'admin','127.0.0.1','内网IP','Chrome','Windows 10','0','登录成功','2020-02-04 21:24:56'),(929,'admin','127.0.0.1','内网IP','Chrome','Windows 10','0','登录成功','2020-02-04 21:52:30'),(930,'admin','127.0.0.1','内网IP','Chrome','Windows 10','0','登录成功','2020-02-04 21:54:07'),(931,'admin','127.0.0.1','内网IP','Chrome','Windows 10','0','登录成功','2020-02-04 22:01:58'),(932,'admin','127.0.0.1','内网IP','Chrome','Windows 10','0','登录成功','2020-02-05 14:54:57'),(933,'admin','127.0.0.1','内网IP','Chrome','Windows 10','0','登录成功','2020-02-05 15:01:42'),(934,'admin','127.0.0.1','内网IP','Chrome','Windows 10','0','登录成功','2020-02-05 20:32:41'),(935,'admin','127.0.0.1','内网IP','Chrome','Windows 10','0','登录成功','2020-02-05 20:46:15'),(936,'admin','127.0.0.1','内网IP','Chrome','Windows 10','0','登录成功','2020-02-05 20:47:57'),(937,'admin','127.0.0.1','内网IP','Chrome','Windows 10','0','登录成功','2020-02-05 21:13:40'),(938,'admin','127.0.0.1','内网IP','Chrome','Windows 10','0','登录成功','2020-02-05 21:23:11'),(939,'admin','127.0.0.1','内网IP','Chrome','Windows 10','0','登录成功','2020-02-05 21:25:00'),(940,'admin','127.0.0.1','内网IP','Chrome','Windows 10','1','验证码错误','2020-02-05 21:27:31'),(941,'admin','127.0.0.1','内网IP','Chrome','Windows 10','0','登录成功','2020-02-05 21:27:34'),(942,'admin','127.0.0.1','内网IP','Chrome','Windows 10','1','验证码错误','2020-02-05 21:29:02'),(943,'admin','127.0.0.1','内网IP','Chrome','Windows 10','0','登录成功','2020-02-05 21:29:07'),(944,'admin','127.0.0.1','内网IP','Chrome','Windows 10','0','登录成功','2020-02-05 21:34:50'),(945,'admin','127.0.0.1','内网IP','Chrome','Windows 10','0','登录成功','2020-02-05 21:39:07'),(946,'admin','127.0.0.1','内网IP','Chrome','Windows 10','0','登录成功','2020-02-05 22:12:39'),(947,'admin','127.0.0.1','内网IP','Chrome','Windows 10','0','登录成功','2020-02-05 22:15:50'),(948,'admin','127.0.0.1','内网IP','Chrome','Windows 10','1','验证码错误','2020-02-05 22:20:42'),(949,'admin','127.0.0.1','内网IP','Chrome','Windows 10','0','登录成功','2020-02-05 22:20:45'),(950,'admin','127.0.0.1','内网IP','Chrome','Windows 10','0','登录成功','2020-02-05 22:24:52'),(951,'admin','127.0.0.1','内网IP','Chrome','Windows 10','0','登录成功','2020-02-05 22:26:54'),(952,'admin','127.0.0.1','内网IP','Chrome','Windows 10','0','登录成功','2020-02-05 22:27:59'),(953,'admin','127.0.0.1','内网IP','Chrome','Windows 10','0','登录成功','2020-02-05 22:33:58'),(954,'admin','127.0.0.1','内网IP','Chrome','Windows 10','0','登录成功','2020-02-05 23:28:06'),(955,'admin','127.0.0.1','内网IP','Chrome','Windows 10','0','登录成功','2020-02-05 23:31:24'),(956,'admin','127.0.0.1','内网IP','Chrome','Windows 10','0','登录成功','2020-02-05 23:32:19'),(957,'admin','127.0.0.1','内网IP','Chrome','Windows 10','0','登录成功','2020-02-06 00:06:25'),(958,'admin','127.0.0.1','内网IP','Chrome','Windows 10','0','登录成功','2020-02-06 00:54:49'),(959,'admin','127.0.0.1','内网IP','Chrome','Windows 10','0','登录成功','2020-02-06 00:55:07'),(960,'admin','127.0.0.1','内网IP','Chrome','Windows 10','0','登录成功','2020-02-06 00:56:00'),(961,'admin','127.0.0.1','内网IP','Chrome','Windows 10','0','登录成功','2020-02-06 01:18:46'),(962,'admin','127.0.0.1','内网IP','Chrome','Windows 10','0','登录成功','2020-02-06 01:19:52'),(963,'admin','127.0.0.1','内网IP','Chrome','Windows 10','0','登录成功','2020-02-06 01:22:08'),(964,'admin','127.0.0.1','内网IP','Chrome','Windows 10','1','验证码错误','2020-02-06 01:26:37'),(965,'admin','127.0.0.1','内网IP','Chrome','Windows 10','0','登录成功','2020-02-06 01:26:40'),(966,'admin','127.0.0.1','内网IP','Chrome','Windows 10','0','登录成功','2020-02-06 01:28:22'),(967,'admin','127.0.0.1','内网IP','Chrome','Windows 10','0','登录成功','2020-02-06 14:03:34'),(968,'admin','127.0.0.1','内网IP','Chrome','Windows 10','0','登录成功','2020-02-06 15:24:17'),(969,'admin','127.0.0.1','内网IP','Chrome','Windows 10','0','登录成功','2020-02-06 15:53:03'),(970,'admin','127.0.0.1','内网IP','Chrome','Windows 10','1','验证码错误','2020-02-06 16:57:52'),(971,'admin','127.0.0.1','内网IP','Chrome','Windows 10','1','验证码错误','2020-02-06 16:57:58'),(972,'admin','127.0.0.1','内网IP','Chrome','Windows 10','0','登录成功','2020-02-06 16:58:03'),(973,'admin','127.0.0.1','内网IP','Chrome','Windows 10','0','登录成功','2020-02-06 18:00:16'),(974,'admin','127.0.0.1','内网IP','Chrome','Windows 10','0','登录成功','2020-02-06 18:31:36'),(975,'admin','127.0.0.1','内网IP','Chrome','Windows 10','0','登录成功','2020-02-06 18:35:07'),(976,'admin','127.0.0.1','内网IP','Chrome','Windows 10','0','登录成功','2020-02-06 18:49:26'),(977,'admin','127.0.0.1','内网IP','Chrome','Windows 10','0','登录成功','2020-02-06 19:09:13'),(978,'admin','127.0.0.1','内网IP','Chrome','Windows 10','0','登录成功','2020-02-06 19:34:07'),(979,'admin','127.0.0.1','内网IP','Chrome','Windows 10','0','登录成功','2020-02-06 19:39:52'),(980,'admin','127.0.0.1','内网IP','Chrome','Windows 10','0','登录成功','2020-02-06 19:51:02'),(981,'admin','127.0.0.1','内网IP','Chrome','Windows 10','0','登录成功','2020-02-06 23:46:01'),(982,'admin','127.0.0.1','内网IP','Chrome','Windows 10','1','验证码错误','2020-02-07 00:01:48'),(983,'admin','127.0.0.1','内网IP','Chrome','Windows 10','0','登录成功','2020-02-07 00:01:52'),(984,'admin','127.0.0.1','内网IP','Chrome','Windows 10','0','登录成功','2020-02-07 00:23:55'),(985,'admin','127.0.0.1','内网IP','Chrome','Windows 10','0','登录成功','2020-02-07 00:36:21'),(986,'admin','127.0.0.1','内网IP','Chrome','Windows 10','0','登录成功','2020-02-07 00:37:44'),(987,'admin','127.0.0.1','内网IP','Chrome','Windows 10','0','登录成功','2020-02-07 14:44:56'),(988,'admin','127.0.0.1','内网IP','Chrome','Windows 10','1','验证码错误','2020-02-07 15:47:45'),(989,'admin','127.0.0.1','内网IP','Chrome','Windows 10','0','登录成功','2020-02-07 15:47:49'),(990,'admin','127.0.0.1','内网IP','Chrome','Windows 10','0','登录成功','2020-02-07 16:41:11'),(991,'admin','127.0.0.1','内网IP','Chrome','Windows 10','0','登录成功','2020-02-07 18:04:54'),(992,'admin','127.0.0.1','内网IP','Chrome','Windows 10','0','登录成功','2020-02-08 16:08:24'),(993,'admin','127.0.0.1','内网IP','Chrome','Windows 10','0','登录成功','2020-02-08 16:42:09'),(994,'admin','127.0.0.1','内网IP','Chrome','Windows 10','0','登录成功','2020-02-08 17:30:08'),(995,'admin','127.0.0.1','内网IP','Chrome','Windows 10','0','登录成功','2020-02-08 17:48:24'),(996,'admin','127.0.0.1','内网IP','Chrome','Windows 10','0','登录成功','2020-02-08 18:03:12'),(997,'admin','127.0.0.1','内网IP','Chrome','Windows 10','0','登录成功','2020-02-08 18:51:07'),(998,'admin','127.0.0.1','内网IP','Chrome','Windows 10','0','登录成功','2020-02-08 18:52:29'),(999,'admin','127.0.0.1','内网IP','Chrome','Windows 10','0','登录成功','2020-02-09 13:30:13'),(1000,'admin','127.0.0.1','内网IP','Chrome','Windows 10','1','验证码错误','2020-02-09 14:28:13'),(1001,'admin','127.0.0.1','内网IP','Chrome','Windows 10','0','登录成功','2020-02-09 14:28:16'),(1002,'admin','127.0.0.1','内网IP','Chrome','Windows 10','0','登录成功','2020-02-09 15:44:14'),(1003,'admin','127.0.0.1','内网IP','Chrome','Windows 10','0','登录成功','2020-02-09 16:11:28'),(1004,'admin','127.0.0.1','内网IP','Chrome','Windows 10','0','登录成功','2020-02-09 17:39:14'),(1005,'admin','127.0.0.1','内网IP','Chrome','Windows 10','0','登录成功','2020-02-09 17:44:41'),(1006,'admin','127.0.0.1','内网IP','Chrome','Windows 10','0','登录成功','2020-02-09 17:48:32'),(1007,'admin','127.0.0.1','内网IP','Chrome','Windows 10','0','登录成功','2020-02-09 17:51:23'),(1008,'admin','127.0.0.1','内网IP','Chrome','Windows 10','1','验证码错误','2020-02-09 17:54:24'),(1009,'admin','127.0.0.1','内网IP','Chrome','Windows 10','0','登录成功','2020-02-09 17:54:27'),(1010,'admin','127.0.0.1','内网IP','Chrome','Windows 10','0','登录成功','2020-02-09 17:56:44'),(1011,'admin','127.0.0.1','内网IP','Chrome','Windows 10','0','登录成功','2020-02-09 17:59:44'),(1012,'admin','127.0.0.1','内网IP','Chrome','Windows 10','0','登录成功','2020-02-09 18:04:49'),(1013,'admin','127.0.0.1','内网IP','Chrome','Windows 10','0','登录成功','2020-02-09 18:12:27'),(1014,'admin','127.0.0.1','内网IP','Chrome','Windows 10','0','登录成功','2020-02-09 18:16:43'),(1015,'admin','127.0.0.1','内网IP','Chrome','Windows 10','0','登录成功','2020-02-09 18:18:48'),(1016,'admin','127.0.0.1','内网IP','Chrome','Windows 10','1','验证码错误','2020-02-09 18:22:58'),(1017,'admin','127.0.0.1','内网IP','Chrome','Windows 10','1','验证码错误','2020-02-09 18:23:02'),(1018,'admin','127.0.0.1','内网IP','Chrome','Windows 10','0','登录成功','2020-02-09 18:23:05'),(1019,'admin','127.0.0.1','内网IP','Chrome','Windows 10','0','登录成功','2020-02-09 18:26:18'),(1020,'admin','127.0.0.1','内网IP','Chrome','Windows 10','0','登录成功','2020-02-09 18:38:15'),(1021,'admin','127.0.0.1','内网IP','Chrome','Windows 10','0','登录成功','2020-02-09 18:39:58'),(1022,'admin','127.0.0.1','内网IP','Chrome','Windows 10','1','验证码错误','2020-02-09 18:45:51'),(1023,'admin','127.0.0.1','内网IP','Chrome','Windows 10','0','登录成功','2020-02-09 18:45:57'),(1024,'admin','127.0.0.1','内网IP','Chrome','Windows 10','0','登录成功','2020-02-09 18:54:53'),(1025,'admin','127.0.0.1','内网IP','Chrome','Windows 10','0','登录成功','2020-02-09 18:58:58'),(1026,'admin','127.0.0.1','内网IP','Chrome','Windows 10','0','登录成功','2020-02-09 19:10:01'),(1027,'admin','127.0.0.1','内网IP','Chrome','Windows 10','1','验证码错误','2020-02-09 19:11:46'),(1028,'admin','127.0.0.1','内网IP','Chrome','Windows 10','0','登录成功','2020-02-09 19:11:50'),(1029,'admin','127.0.0.1','内网IP','Chrome','Windows 10','0','登录成功','2020-02-09 19:16:38'),(1030,'admin','127.0.0.1','内网IP','Chrome','Windows 10','0','登录成功','2020-02-09 20:27:57'),(1031,'admin','127.0.0.1','内网IP','Chrome','Windows 10','0','登录成功','2020-02-09 20:29:33'),(1032,'admin','127.0.0.1','内网IP','Chrome','Windows 10','0','登录成功','2020-02-09 20:34:39'),(1033,'admin','127.0.0.1','内网IP','Chrome','Windows 10','0','登录成功','2020-02-09 20:41:44'),(1034,'admin','127.0.0.1','内网IP','Chrome','Windows 10','0','登录成功','2020-02-09 20:45:19'),(1035,'admin','127.0.0.1','内网IP','Chrome','Windows 10','0','登录成功','2020-02-09 20:45:56'),(1036,'admin','127.0.0.1','内网IP','Chrome','Windows 10','0','登录成功','2020-02-09 20:49:37'),(1037,'admin','127.0.0.1','内网IP','Chrome','Windows 10','0','登录成功','2020-02-09 20:57:25'),(1038,'admin','127.0.0.1','内网IP','Chrome','Windows 10','0','登录成功','2020-02-09 20:59:33'),(1039,'admin','127.0.0.1','内网IP','Chrome','Windows 10','0','登录成功','2020-02-09 21:05:20'),(1040,'admin','127.0.0.1','内网IP','Chrome','Windows 10','0','登录成功','2020-02-09 21:09:51'),(1041,'admin','127.0.0.1','内网IP','Chrome','Windows 10','0','登录成功','2020-02-10 13:56:29'),(1042,'admin','127.0.0.1','内网IP','Chrome','Windows 10','0','登录成功','2020-02-10 13:57:34'),(1043,'admin','127.0.0.1','内网IP','Chrome','Windows 10','1','验证码错误','2020-02-10 14:02:15'),(1044,'admin','127.0.0.1','内网IP','Chrome','Windows 10','0','登录成功','2020-02-10 14:02:18'),(1045,'admin','127.0.0.1','内网IP','Chrome','Windows 10','0','登录成功','2020-02-10 14:05:22'),(1046,'admin','127.0.0.1','内网IP','Chrome','Windows 10','0','登录成功','2020-02-10 14:44:59'),(1047,'admin','127.0.0.1','内网IP','Chrome','Windows 10','0','登录成功','2020-02-10 14:46:46'),(1048,'admin','127.0.0.1','内网IP','Chrome','Windows 10','0','登录成功','2020-02-10 17:14:46'),(1049,'admin','127.0.0.1','内网IP','Chrome','Windows 10','0','登录成功','2020-02-10 17:34:20'),(1050,'admin','127.0.0.1','内网IP','Chrome','Windows 10','1','验证码错误','2020-02-10 17:43:13'),(1051,'admin','127.0.0.1','内网IP','Chrome','Windows 10','0','登录成功','2020-02-10 17:43:16'),(1052,'admin','112.40.207.225','辽宁 本溪','Chrome','Windows 10','0','登录成功','2020-02-10 18:18:34'),(1053,'admin','112.40.207.225','辽宁 本溪','Chrome','Windows 10','0','登录成功','2020-02-10 19:02:11'),(1054,'admin','112.40.207.225','辽宁 本溪','Chrome','Windows 10','0','登录成功','2020-02-11 20:46:18'),(1055,'admin','112.40.207.225','辽宁 本溪','Chrome','Windows 10','0','登录成功','2020-02-11 20:46:51'),(1056,'admin','112.40.207.225','辽宁 本溪','Chrome','Windows 10','0','登录成功','2020-02-11 21:40:21'),(1057,'admin','112.40.206.87','XX XX','Chrome','Windows 10','0','登录成功','2020-02-23 00:02:12'),(1058,'admin','120.231.206.254','XX XX','Chrome','Windows 10','0','登录成功','2020-02-23 14:46:53'),(1059,'admin','223.102.238.33','XX XX','Internet Explorer 11','Windows 10','0','登录成功','2020-02-24 12:45:36'),(1060,'admin','218.30.116.186','XX XX','Chrome','Windows 10','0','登录成功','2020-03-02 17:27:21'),(1061,'admin','112.40.207.108','XX XX','Chrome','Windows 10','0','登录成功','2020-03-06 13:12:57'),(1062,'admin','112.40.207.108','XX XX','Chrome','Windows 10','0','退出成功','2020-03-06 13:15:50'),(1063,'163401010314','112.40.207.108','XX XX','Chrome','Windows 10','0','登录成功','2020-03-06 13:16:04'),(1064,'163401010314','112.40.207.108','辽宁 本溪','Chrome','Windows 10','0','退出成功','2020-03-06 13:16:30'),(1065,'163401010319','112.40.207.108','辽宁 本溪','Chrome','Windows 10','1','密码输入错误1次','2020-03-06 13:16:40'),(1066,'163401010319','112.40.207.108','XX XX','Chrome','Windows 10','0','登录成功','2020-03-06 13:16:52'),(1067,'163401010319','112.40.207.108','辽宁 本溪','Chrome','Windows 10','0','退出成功','2020-03-06 13:16:59'),(1068,'admin','106.120.214.142','XX XX','Chrome 8','Mac OS X','0','登录成功','2020-03-11 15:06:31'),(1069,'admin','223.102.238.236','XX XX','Chrome','Windows 10','0','登录成功','2020-03-28 23:15:36'),(1070,'admin','223.102.238.236','XX XX','Chrome','Windows 10','0','登录成功','2020-03-30 17:52:46'),(1071,'admin','223.102.238.236','辽宁 本溪','Chrome','Windows 10','0','登录成功','2020-03-30 18:01:54'),(1072,'admin','223.102.238.236','辽宁 本溪','Chrome','Windows 10','0','登录成功','2020-03-30 18:41:21'),(1073,'admin','223.102.238.236','辽宁 本溪','Chrome','Windows 10','0','登录成功','2020-04-03 00:45:40'),(1074,'admin','112.40.203.221','XX XX','Chrome','Windows 10','0','登录成功','2020-04-09 10:58:43'),(1075,'admin','112.40.203.221','辽宁 本溪','Firefox 7','Windows 10','0','登录成功','2020-04-09 10:59:04'),(1076,'admin','112.40.203.221','辽宁 本溪','Internet Explorer 11','Windows 10','0','登录成功','2020-04-09 11:00:33'),(1077,'admin','112.40.203.221','辽宁 本溪','Firefox 7','Windows 10','0','登录成功','2020-04-09 11:09:15'),(1078,'admin','112.40.203.221','辽宁 本溪','Chrome','Android','0','登录成功','2020-04-09 11:17:50'),(1079,'admin','223.89.219.86','XX XX','Chrome','Windows 10','0','登录成功','2020-04-09 11:25:10'),(1080,'admin','223.246.205.178','XX XX','Chrome Mobile','Android Mobile','1','验证码错误','2020-04-09 11:29:35'),(1081,'admin','223.246.205.178','XX XX','Chrome Mobile','Android Mobile','1','验证码错误','2020-04-09 11:29:36'),(1082,'admin','223.246.205.178','XX XX','Chrome Mobile','Android Mobile','0','登录成功','2020-04-09 11:29:43'),(1083,'admin','112.40.203.221','XX XX','Internet Explorer 11','Windows 7','0','登录成功','2020-04-09 11:33:34'),(1084,'admin','112.40.203.31','XX XX','Firefox 7','Windows 10','0','登录成功','2020-04-18 20:29:38'),(1085,'admin','112.40.203.31','XX XX','Chrome','Windows 10','0','登录成功','2020-04-18 20:33:09'),(1086,'admin','112.40.203.31','辽宁 本溪','Chrome','Windows 10','0','登录成功','2020-04-18 21:12:56'),(1087,'admin','112.40.203.31','XX XX','Chrome','Windows 10','0','登录成功','2020-04-20 20:37:00'),(1088,'admin','112.40.203.31','XX XX','Chrome','Windows 10','0','登录成功','2020-04-20 23:34:18'),(1089,'admin','112.40.200.53','XX XX','Firefox 7','Windows 10','0','登录成功','2020-04-25 17:38:13'),(1090,'admin','112.40.200.53','XX XX','Firefox 7','Windows 10','0','登录成功','2020-04-25 17:42:06'),(1091,'admin','112.40.200.53','XX XX','Firefox 7','Windows 10','0','登录成功','2020-04-25 17:43:41'),(1092,'admin','112.40.200.53','辽宁 本溪','Firefox 7','Windows 10','0','登录成功','2020-04-25 17:43:43'),(1093,'admin','112.40.200.53','XX XX','Firefox 7','Windows 10','0','登录成功','2020-04-25 18:38:10'),(1094,'admin','221.221.147.24','XX XX','Chrome 8','Windows 10','0','登录成功','2020-05-01 09:37:12'),(1095,'admin','221.221.147.24','XX XX','Chrome 8','Windows 10','0','登录成功','2020-05-01 11:20:39'),(1096,'admin','221.221.147.24','XX XX','Chrome 8','Windows 10','1','验证码错误','2020-05-01 20:40:48'),(1097,'admin','221.221.147.24','XX XX','Chrome 8','Windows 10','0','登录成功','2020-05-01 20:40:52'),(1098,'admin','127.0.0.1','内网IP','Chrome 8','Windows 10','0','登录成功','2020-05-06 18:55:38'),(1099,'admin','223.102.220.188','XX XX','Chrome 8','Windows 10','0','登录成功','2020-05-06 18:57:17'),(1100,'admin','127.0.0.1','内网IP','Firefox 7','Windows 10','1','验证码错误','2020-05-12 15:38:23'),(1101,'admin','127.0.0.1','内网IP','Firefox 7','Windows 10','0','登录成功','2020-05-12 15:38:28'),(1102,'admin','127.0.0.1','内网IP','Firefox 7','Windows 10','0','登录成功','2020-05-12 18:32:11'),(1103,'admin','127.0.0.1','内网IP','Chrome 8','Windows 10','0','登录成功','2020-05-12 19:46:10'),(1104,'admin','127.0.0.1','内网IP','Firefox 7','Windows 10','0','登录成功','2020-05-13 15:30:46'),(1105,'admin','127.0.0.1','内网IP','Firefox 7','Windows 10','0','登录成功','2020-05-13 15:41:16'),(1106,'admin','127.0.0.1','内网IP','Firefox 7','Windows 10','0','登录成功','2020-05-13 15:47:10'),(1107,'admin','127.0.0.1','内网IP','Firefox 7','Windows 10','0','登录成功','2020-05-13 15:47:42'),(1108,'admin','127.0.0.1','内网IP','Firefox 7','Windows 10','0','登录成功','2020-05-13 15:48:34'),(1109,'admin','127.0.0.1','内网IP','Firefox 7','Windows 10','0','登录成功','2020-05-13 15:49:38'),(1110,'admin','127.0.0.1','内网IP','Firefox 7','Windows 10','0','登录成功','2020-05-13 15:53:06'),(1111,'admin','127.0.0.1','内网IP','Firefox 7','Windows 10','0','登录成功','2020-05-13 16:00:18'),(1112,'admin','127.0.0.1','内网IP','Firefox 7','Windows 10','0','登录成功','2020-05-13 16:22:12'),(1113,'admin','127.0.0.1','内网IP','Firefox 7','Windows 10','0','登录成功','2020-05-13 16:48:07'),(1114,'admin','127.0.0.1','内网IP','Firefox 7','Windows 10','1','验证码错误','2020-05-13 16:50:36'),(1115,'admin','127.0.0.1','内网IP','Firefox 7','Windows 10','0','登录成功','2020-05-13 16:50:39'),(1116,'admin','127.0.0.1','内网IP','Firefox 7','Windows 10','0','登录成功','2020-05-13 16:54:15'),(1117,'admin','127.0.0.1','内网IP','Firefox 7','Windows 10','0','登录成功','2020-05-13 16:54:53'),(1118,'admin','127.0.0.1','内网IP','Firefox 7','Windows 10','0','登录成功','2020-05-13 16:58:03'),(1119,'admin','127.0.0.1','内网IP','Firefox 7','Windows 10','0','登录成功','2020-05-13 16:59:10'),(1120,'admin','127.0.0.1','内网IP','Firefox 7','Windows 10','0','登录成功','2020-05-13 17:00:52'),(1121,'admin','127.0.0.1','内网IP','Firefox 7','Windows 10','0','登录成功','2020-05-13 17:01:20'),(1122,'admin','127.0.0.1','内网IP','Firefox 7','Windows 10','0','登录成功','2020-05-13 17:03:46'),(1123,'admin','127.0.0.1','内网IP','Firefox 7','Windows 10','1','验证码错误','2020-05-13 17:06:10'),(1124,'admin','127.0.0.1','内网IP','Firefox 7','Windows 10','0','登录成功','2020-05-13 17:06:12'),(1125,'admin','127.0.0.1','内网IP','Firefox 7','Windows 10','0','登录成功','2020-05-13 17:07:06'),(1126,'admin','127.0.0.1','内网IP','Firefox 7','Windows 10','0','登录成功','2020-05-13 17:08:53'),(1127,'admin','127.0.0.1','内网IP','Firefox 7','Windows 10','0','登录成功','2020-05-13 17:10:05'),(1128,'admin','127.0.0.1','内网IP','Firefox 7','Windows 10','0','登录成功','2020-05-13 17:10:41'),(1129,'admin','127.0.0.1','内网IP','Firefox 7','Windows 10','0','登录成功','2020-05-13 17:11:27'),(1130,'admin','127.0.0.1','内网IP','Firefox 7','Windows 10','0','登录成功','2020-05-13 17:15:03'),(1131,'admin','127.0.0.1','内网IP','Firefox 7','Windows 10','0','登录成功','2020-05-13 17:15:35'),(1132,'admin','127.0.0.1','内网IP','Firefox 7','Windows 10','0','登录成功','2020-05-13 17:16:22'),(1133,'admin','127.0.0.1','内网IP','Firefox 7','Windows 10','0','登录成功','2020-05-13 17:17:23'),(1134,'admin','127.0.0.1','内网IP','Firefox 7','Windows 10','0','登录成功','2020-05-13 17:24:47'),(1135,'admin','127.0.0.1','内网IP','Firefox 7','Windows 10','0','登录成功','2020-05-13 17:26:05'),(1136,'admin','127.0.0.1','内网IP','Firefox 7','Windows 10','0','登录成功','2020-05-13 17:27:45'),(1137,'admin','127.0.0.1','内网IP','Firefox 7','Windows 10','0','登录成功','2020-05-13 17:28:47'),(1138,'admin','127.0.0.1','内网IP','Firefox 7','Windows 10','0','登录成功','2020-05-13 17:30:11'),(1139,'admin','127.0.0.1','内网IP','Firefox 7','Windows 10','0','登录成功','2020-05-13 17:31:26'),(1140,'admin','127.0.0.1','内网IP','Firefox 7','Windows 10','0','登录成功','2020-05-13 17:34:40'),(1141,'admin','127.0.0.1','内网IP','Firefox 7','Windows 10','0','登录成功','2020-05-13 17:37:55'),(1142,'admin','127.0.0.1','内网IP','Firefox 7','Windows 10','0','登录成功','2020-05-13 17:38:26'),(1143,'admin','127.0.0.1','内网IP','Firefox 7','Windows 10','0','登录成功','2020-05-13 20:25:00'),(1144,'admin','127.0.0.1','内网IP','Firefox 7','Windows 10','0','登录成功','2020-05-13 20:28:34'),(1145,'admin','127.0.0.1','内网IP','Firefox 7','Windows 10','0','登录成功','2020-05-13 21:57:03'),(1146,'admin','127.0.0.1','内网IP','Firefox 7','Windows 10','0','登录成功','2020-05-13 22:00:26'),(1147,'admin','127.0.0.1','内网IP','Firefox 7','Windows 10','0','登录成功','2020-05-13 22:01:45'),(1148,'admin','127.0.0.1','内网IP','Firefox 7','Windows 10','0','登录成功','2020-05-13 22:03:27'),(1149,'admin','127.0.0.1','内网IP','Firefox 7','Windows 10','1','验证码错误','2020-05-13 22:09:03'),(1150,'admin','127.0.0.1','内网IP','Firefox 7','Windows 10','0','登录成功','2020-05-13 22:09:07'),(1151,'admin','127.0.0.1','内网IP','Firefox 7','Windows 10','0','登录成功','2020-05-13 22:13:17'),(1152,'admin','127.0.0.1','内网IP','Firefox 7','Windows 10','0','登录成功','2020-05-13 22:14:17'),(1153,'admin','127.0.0.1','内网IP','Firefox 7','Windows 10','0','登录成功','2020-05-13 22:15:35'),(1154,'admin','127.0.0.1','内网IP','Firefox 7','Windows 10','0','登录成功','2020-05-13 22:26:23'),(1155,'admin','127.0.0.1','内网IP','Firefox 7','Windows 10','0','登录成功','2020-05-13 22:28:08'),(1156,'admin','127.0.0.1','内网IP','Firefox 7','Windows 10','0','登录成功','2020-05-13 23:55:46'),(1157,'admin','127.0.0.1','内网IP','Firefox 7','Windows 10','0','登录成功','2020-05-14 00:35:39'),(1158,'admin','127.0.0.1','内网IP','Firefox 7','Windows 10','0','登录成功','2020-05-14 00:45:56'),(1159,'admin','127.0.0.1','内网IP','Firefox 7','Windows 10','0','登录成功','2020-05-14 00:49:03'),(1160,'admin','127.0.0.1','内网IP','Firefox 7','Windows 10','0','登录成功','2020-05-14 00:56:00'),(1161,'admin','127.0.0.1','内网IP','Firefox 7','Windows 10','0','登录成功','2020-05-14 00:59:02'),(1162,'admin','127.0.0.1','内网IP','Firefox 7','Windows 10','1','验证码错误','2020-05-14 01:07:00'),(1163,'admin','127.0.0.1','内网IP','Firefox 7','Windows 10','0','登录成功','2020-05-14 01:07:04'),(1164,'admin','127.0.0.1','内网IP','Firefox 7','Windows 10','0','登录成功','2020-05-14 01:08:20'),(1165,'admin','127.0.0.1','内网IP','Firefox 7','Windows 10','0','登录成功','2020-05-14 01:10:48'),(1166,'admin','127.0.0.1','内网IP','Firefox 7','Windows 10','0','登录成功','2020-05-14 01:12:10'),(1167,'admin','127.0.0.1','内网IP','Firefox 7','Windows 10','0','登录成功','2020-05-14 01:29:10'),(1168,'admin','127.0.0.1','内网IP','Firefox 7','Windows 10','0','登录成功','2020-05-14 01:31:22'),(1169,'admin','127.0.0.1','内网IP','Firefox 7','Windows 10','0','登录成功','2020-05-14 01:32:04'),(1170,'admin','127.0.0.1','内网IP','Firefox 7','Windows 10','0','登录成功','2020-05-14 01:34:47'),(1171,'admin','127.0.0.1','内网IP','Firefox 7','Windows 10','0','登录成功','2020-05-14 01:37:25'),(1172,'admin','127.0.0.1','内网IP','Firefox 7','Windows 10','0','登录成功','2020-05-14 01:40:44'),(1173,'admin','127.0.0.1','内网IP','Firefox 7','Windows 10','0','登录成功','2020-05-14 01:41:58'),(1174,'admin','127.0.0.1','内网IP','Firefox 7','Windows 10','0','登录成功','2020-05-14 01:45:02'),(1175,'admin','127.0.0.1','内网IP','Firefox 7','Windows 10','0','登录成功','2020-05-14 01:48:11'),(1176,'admin','127.0.0.1','内网IP','Firefox 7','Windows 10','0','登录成功','2020-05-14 01:49:56'),(1177,'admin','127.0.0.1','内网IP','Firefox 7','Windows 10','0','登录成功','2020-05-14 01:51:21'),(1178,'admin','127.0.0.1','内网IP','Firefox 7','Windows 10','0','登录成功','2020-05-14 01:52:38'),(1179,'admin','127.0.0.1','内网IP','Firefox 7','Windows 10','0','登录成功','2020-05-14 02:08:56'),(1180,'admin','127.0.0.1','内网IP','Firefox 7','Windows 10','0','登录成功','2020-05-14 02:12:06'),(1181,'admin','127.0.0.1','内网IP','Firefox 7','Windows 10','0','登录成功','2020-05-14 02:18:52'),(1182,'admin','127.0.0.1','内网IP','Firefox 7','Windows 10','0','登录成功','2020-05-14 02:20:07'),(1183,'admin','127.0.0.1','内网IP','Firefox 7','Windows 10','0','登录成功','2020-05-14 18:57:33'),(1184,'admin','127.0.0.1','内网IP','Firefox 7','Windows 10','0','登录成功','2020-05-14 19:03:51'),(1185,'admin','127.0.0.1','内网IP','Firefox 7','Windows 10','0','登录成功','2020-05-14 19:10:26'),(1186,'admin','127.0.0.1','内网IP','Firefox 7','Windows 10','0','登录成功','2020-05-14 19:11:41'),(1187,'admin','127.0.0.1','内网IP','Firefox 7','Windows 10','1','验证码错误','2020-05-14 19:13:44'),(1188,'admin','127.0.0.1','内网IP','Firefox 7','Windows 10','0','登录成功','2020-05-14 19:13:46'),(1189,'admin','127.0.0.1','内网IP','Firefox 7','Windows 10','0','登录成功','2020-05-14 19:15:13'),(1190,'admin','127.0.0.1','内网IP','Firefox 7','Windows 10','0','登录成功','2020-05-14 19:16:03'),(1191,'admin','127.0.0.1','内网IP','Firefox 7','Windows 10','0','登录成功','2020-05-14 19:22:30'),(1192,'admin','127.0.0.1','内网IP','Firefox 7','Windows 10','0','登录成功','2020-05-14 19:28:11'),(1193,'admin','127.0.0.1','内网IP','Firefox 7','Windows 10','1','验证码错误','2020-05-14 19:31:25'),(1194,'admin','127.0.0.1','内网IP','Firefox 7','Windows 10','0','登录成功','2020-05-14 19:31:29'),(1195,'admin','127.0.0.1','内网IP','Firefox 7','Windows 10','0','登录成功','2020-05-14 19:32:33'),(1196,'admin','127.0.0.1','内网IP','Firefox 7','Windows 10','0','登录成功','2020-05-14 19:33:24'),(1197,'admin','127.0.0.1','内网IP','Firefox 7','Windows 10','0','登录成功','2020-05-14 19:35:45'),(1198,'admin','127.0.0.1','内网IP','Firefox 7','Windows 10','0','登录成功','2020-05-14 19:37:12'),(1199,'admin','127.0.0.1','内网IP','Firefox 7','Windows 10','0','登录成功','2020-05-14 19:38:13'),(1200,'admin','127.0.0.1','内网IP','Firefox 7','Windows 10','0','登录成功','2020-05-14 22:17:11'),(1201,'admin','127.0.0.1','内网IP','Firefox 7','Windows 10','0','登录成功','2020-05-14 22:21:59'),(1202,'admin','127.0.0.1','内网IP','Firefox 7','Windows 10','0','登录成功','2020-05-14 22:24:02'),(1203,'admin','127.0.0.1','内网IP','Firefox 7','Windows 10','0','登录成功','2020-05-14 22:28:07'),(1204,'admin','127.0.0.1','内网IP','Firefox 7','Windows 10','0','登录成功','2020-05-14 22:30:32'),(1205,'admin','127.0.0.1','内网IP','Firefox 7','Windows 10','0','登录成功','2020-05-14 22:32:03'),(1206,'admin','127.0.0.1','内网IP','Firefox 7','Windows 10','1','验证码错误','2020-05-14 22:33:33'),(1207,'admin','127.0.0.1','内网IP','Firefox 7','Windows 10','0','登录成功','2020-05-14 22:33:35'),(1208,'admin','127.0.0.1','内网IP','Firefox 7','Windows 10','0','登录成功','2020-05-14 22:36:42');
INSERT INTO `sys_logininfor` VALUES (1209,'admin','127.0.0.1','内网IP','Firefox 7','Windows 10','0','登录成功','2020-05-14 22:49:49'),(1210,'admin','127.0.0.1','内网IP','Firefox 7','Windows 10','0','登录成功','2020-05-14 22:51:24'),(1211,'admin','127.0.0.1','内网IP','Firefox 7','Windows 10','0','登录成功','2020-05-14 22:52:17'),(1212,'admin','127.0.0.1','内网IP','Firefox 7','Windows 10','0','登录成功','2020-05-14 23:03:16'),(1213,'admin','127.0.0.1','内网IP','Firefox 7','Windows 10','0','登录成功','2020-05-14 23:05:05'),(1214,'admin','127.0.0.1','内网IP','Firefox 7','Windows 10','0','登录成功','2020-05-14 23:47:10'),(1215,'admin','127.0.0.1','内网IP','Firefox 7','Windows 10','0','登录成功','2020-05-15 13:56:00'),(1216,'admin','127.0.0.1','内网IP','Firefox 7','Windows 10','0','登录成功','2020-05-15 13:58:47'),(1217,'admin','127.0.0.1','内网IP','Firefox 7','Windows 10','0','登录成功','2020-05-15 14:01:26'),(1218,'admin','127.0.0.1','内网IP','Firefox 7','Windows 10','0','登录成功','2020-05-15 14:03:50'),(1219,'admin','127.0.0.1','内网IP','Firefox 7','Windows 10','1','验证码错误','2020-05-15 14:12:03'),(1220,'admin','127.0.0.1','内网IP','Firefox 7','Windows 10','0','登录成功','2020-05-15 14:12:06'),(1221,'admin','127.0.0.1','内网IP','Firefox 7','Windows 10','1','验证码错误','2020-05-15 14:13:55'),(1222,'admin','127.0.0.1','内网IP','Firefox 7','Windows 10','0','登录成功','2020-05-15 14:13:58'),(1223,'admin','127.0.0.1','内网IP','Firefox 7','Windows 10','1','验证码错误','2020-05-15 14:16:22'),(1224,'admin','127.0.0.1','内网IP','Firefox 7','Windows 10','0','登录成功','2020-05-15 14:16:25'),(1225,'admin','127.0.0.1','内网IP','Chrome 8','Windows 10','0','登录成功','2020-05-15 14:19:07'),(1226,'admin','127.0.0.1','内网IP','Firefox 7','Windows 10','0','登录成功','2020-05-15 14:30:11'),(1227,'admin','127.0.0.1','内网IP','Firefox 7','Windows 10','0','登录成功','2020-05-15 14:34:47'),(1228,'admin','127.0.0.1','内网IP','Firefox 7','Windows 10','0','登录成功','2020-05-15 14:41:49'),(1229,'admin','127.0.0.1','内网IP','Firefox 7','Windows 10','0','登录成功','2020-05-15 14:48:06'),(1230,'admin','127.0.0.1','内网IP','Firefox 7','Windows 10','0','登录成功','2020-05-15 14:49:43'),(1231,'admin','127.0.0.1','内网IP','Firefox 7','Windows 10','0','登录成功','2020-05-15 14:56:10'),(1232,'admin','127.0.0.1','内网IP','Firefox 7','Windows 10','0','登录成功','2020-05-15 15:06:33'),(1233,'admin','127.0.0.1','内网IP','Firefox 7','Windows 10','0','登录成功','2020-05-15 15:08:01'),(1234,'admin','127.0.0.1','内网IP','Firefox 7','Windows 10','1','验证码错误','2020-05-15 15:14:29'),(1235,'admin','127.0.0.1','内网IP','Firefox 7','Windows 10','0','登录成功','2020-05-15 15:14:32'),(1236,'admin','127.0.0.1','内网IP','Firefox 7','Windows 10','0','登录成功','2020-05-15 15:15:22'),(1237,'admin','127.0.0.1','内网IP','Chrome 8','Windows 10','1','验证码错误','2020-06-09 13:35:07'),(1238,'admin','127.0.0.1','内网IP','Chrome 8','Windows 10','0','登录成功','2020-06-09 13:35:10'),(1239,'admin','127.0.0.1','内网IP','Chrome 8','Windows 10','1','验证码错误','2020-06-09 17:12:04'),(1240,'admin','127.0.0.1','内网IP','Chrome 8','Windows 10','0','登录成功','2020-06-09 17:12:07'),(1241,'admin','127.0.0.1','内网IP','Chrome 8','Windows 10','0','登录成功','2020-06-09 18:19:01'),(1242,'admin','127.0.0.1','内网IP','Chrome 8','Windows 10','1','验证码错误','2020-06-09 22:02:04'),(1243,'admin','127.0.0.1','内网IP','Chrome 8','Windows 10','0','登录成功','2020-06-09 22:02:07'),(1244,'admin','127.0.0.1','内网IP','Chrome 8','Windows 10','0','登录成功','2020-06-09 22:09:08'),(1245,'admin','127.0.0.1','内网IP','Chrome 8','Windows 10','0','登录成功','2020-06-09 22:13:52'),(1246,'admin','127.0.0.1','内网IP','Chrome 8','Windows 10','0','登录成功','2020-06-09 22:21:13'),(1247,'admin','127.0.0.1','内网IP','Chrome 8','Windows 10','0','登录成功','2020-06-09 22:31:44'),(1248,'admin','127.0.0.1','内网IP','Chrome 8','Windows 10','0','登录成功','2020-06-09 22:38:56'),(1249,'admin','127.0.0.1','内网IP','Chrome 8','Windows 10','0','登录成功','2020-06-09 22:39:54'),(1250,'admin','127.0.0.1','内网IP','Chrome 8','Windows 10','0','登录成功','2020-06-09 22:43:37'),(1251,'admin','127.0.0.1','内网IP','Chrome 8','Windows 10','0','登录成功','2020-06-09 22:45:09'),(1252,'admin','127.0.0.1','内网IP','Chrome 8','Windows 10','0','登录成功','2020-06-09 22:49:57'),(1253,'admin','127.0.0.1','内网IP','Chrome 8','Windows 10','0','登录成功','2020-06-09 23:01:54'),(1254,'admin','127.0.0.1','内网IP','Chrome 8','Windows 10','0','登录成功','2020-06-09 23:24:00'),(1255,'admin','127.0.0.1','内网IP','Chrome 8','Windows 10','0','登录成功','2020-06-09 23:27:57'),(1256,'admin','127.0.0.1','内网IP','Chrome 8','Windows 10','0','登录成功','2020-06-09 23:33:10'),(1257,'163401010319','127.0.0.1','内网IP','Chrome 8','Windows 10','0','登录成功','2020-06-11 14:49:42'),(1258,'admin','127.0.0.1','内网IP','Chrome 8','Windows 10','0','登录成功','2020-06-11 14:49:57'),(1259,'163401010319','127.0.0.1','内网IP','Chrome 8','Windows 10','0','登录成功','2020-06-11 14:56:32'),(1260,'163401010319','127.0.0.1','内网IP','Chrome 8','Windows 10','1','密码输入错误1次','2020-06-11 14:56:51'),(1261,'163401010319','127.0.0.1','内网IP','Chrome 8','Windows 10','0','登录成功','2020-06-11 14:56:57'),(1262,'admin','127.0.0.1','内网IP','Chrome 8','Windows 10','0','登录成功','2020-06-11 14:57:08'),(1263,'admin','127.0.0.1','内网IP','Chrome 8','Windows 10','0','登录成功','2020-06-11 14:58:02'),(1264,'163401010319','127.0.0.1','内网IP','Chrome 8','Windows 10','1','验证码错误','2020-06-11 14:59:01'),(1265,'163401010319','127.0.0.1','内网IP','Chrome 8','Windows 10','1','验证码错误','2020-06-11 14:59:04'),(1266,'163401010319','127.0.0.1','内网IP','Chrome 8','Windows 10','0','登录成功','2020-06-11 14:59:06'),(1267,'admin','127.0.0.1','内网IP','Chrome 8','Windows 10','0','登录成功','2020-06-11 14:59:36'),(1268,'163401010319','127.0.0.1','内网IP','Chrome 8','Windows 10','1','验证码错误','2020-06-11 15:00:29'),(1269,'163401010319','127.0.0.1','内网IP','Chrome 8','Windows 10','0','登录成功','2020-06-11 15:00:33'),(1270,'163401010319','127.0.0.1','内网IP','Chrome 8','Windows 10','1','验证码错误','2020-06-11 15:02:18'),(1271,'admin','127.0.0.1','内网IP','Chrome 8','Windows 10','0','登录成功','2020-06-11 15:02:27'),(1272,'163401010319','127.0.0.1','内网IP','Chrome 8','Windows 10','0','登录成功','2020-06-11 15:02:41'),(1273,'163401010319','127.0.0.1','内网IP','Chrome 8','Windows 10','0','登录成功','2020-06-11 15:04:59'),(1274,'admin','127.0.0.1','内网IP','Chrome 8','Windows 10','0','登录成功','2020-06-11 15:15:04'),(1275,'163401010319','127.0.0.1','内网IP','Chrome 8','Windows 10','0','登录成功','2020-06-11 15:33:53'),(1276,'admin','127.0.0.1','内网IP','Chrome 8','Windows 10','0','登录成功','2020-06-11 15:35:37'),(1277,'163401010319','127.0.0.1','内网IP','Chrome 8','Windows 10','1','验证码错误','2020-06-11 15:36:11'),(1278,'163401010319','127.0.0.1','内网IP','Chrome 8','Windows 10','0','登录成功','2020-06-11 15:36:13'),(1279,'admin','127.0.0.1','内网IP','Chrome 8','Windows 10','0','登录成功','2020-06-11 15:38:14'),(1280,'admin','127.0.0.1','内网IP','Chrome 8','Windows 10','0','登录成功','2020-06-11 15:59:18'),(1281,'admin','127.0.0.1','内网IP','Chrome','Windows 10','0','登录成功','2022-08-22 11:19:12'),(1282,'admin','127.0.0.1','内网IP','Chrome','Windows 10','0','退出成功','2022-08-22 11:19:43'),(1283,'weiguanke','127.0.0.1','内网IP','Chrome','Windows 10','1','验证码错误','2022-08-22 11:20:46'),(1284,'weiguanke','127.0.0.1','内网IP','Chrome','Windows 10','1','密码输入错误1次','2022-08-22 11:20:52'),(1285,'admin','127.0.0.1','内网IP','Chrome','Windows 10','0','登录成功','2022-08-22 11:21:14'),(1286,'admin','127.0.0.1','内网IP','Chrome','Windows 10','0','退出成功','2022-08-22 11:22:03'),(1287,'weiguanke','127.0.0.1','内网IP','Chrome','Windows 10','0','登录成功','2022-08-22 11:22:46'),(1288,'weiguanke','127.0.0.1','内网IP','Chrome','Windows 10','0','退出成功','2022-08-22 11:23:31'),(1289,'admin','127.0.0.1','内网IP','Chrome','Windows 10','0','登录成功','2022-08-22 11:23:33'),(1290,'admin','127.0.0.1','内网IP','Chrome','Windows 10','0','退出成功','2022-08-22 11:24:12'),(1291,'weiguanke','127.0.0.1','内网IP','Chrome','Windows 10','1','验证码错误','2022-08-22 11:24:15'),(1292,'weiguanke','127.0.0.1','内网IP','Chrome','Windows 10','0','登录成功','2022-08-22 11:24:21'),(1293,'admin','127.0.0.1','内网IP','Chrome 11','Windows 10','0','登录成功','2023-03-30 19:58:48'),(1294,'163401010311','127.0.0.1','内网IP','Chrome 11','Windows 10','0','登录成功','2023-03-30 20:03:35'),(1295,'163401010311','127.0.0.1','内网IP','Chrome 11','Windows 10','0','退出成功','2023-03-30 20:05:59'),(1296,'163401010321','127.0.0.1','内网IP','Chrome 11','Windows 10','0','登录成功','2023-03-30 20:06:10'),(1297,'163401010321','127.0.0.1','内网IP','Chrome 11','Windows 10','0','退出成功','2023-03-30 20:11:11'),(1298,'do','127.0.0.1','内网IP','Chrome 11','Windows 10','0','登录成功','2023-03-30 20:11:25'),(1299,'do','127.0.0.1','内网IP','Chrome 11','Windows 10','0','退出成功','2023-03-30 20:12:36'),(1300,'us','127.0.0.1','内网IP','Chrome 11','Windows 10','1','验证码错误','2023-03-30 20:12:45'),(1301,'us','127.0.0.1','内网IP','Chrome 11','Windows 10','0','登录成功','2023-03-30 20:14:19'),(1302,'us','127.0.0.1','内网IP','Chrome 11','Windows 10','0','退出成功','2023-03-30 20:16:27'),(1303,'do','127.0.0.1','内网IP','Chrome 11','Windows 10','0','登录成功','2023-03-30 20:16:36'),(1304,'do','127.0.0.1','内网IP','Chrome 11','Windows 10','0','退出成功','2023-03-30 20:18:22'),(1305,'us','127.0.0.1','内网IP','Chrome 11','Windows 10','0','登录成功','2023-03-30 20:18:31'),(1306,'us','127.0.0.1','内网IP','Chrome 11','Windows 10','0','退出成功','2023-03-30 20:19:51'),(1307,'163401010311','127.0.0.1','内网IP','Chrome 11','Windows 10','0','登录成功','2023-03-30 20:20:06'),(1308,'163401010311','127.0.0.1','内网IP','Chrome 11','Windows 10','0','退出成功','2023-03-30 20:21:30'),(1309,'163401010319','127.0.0.1','内网IP','Chrome 11','Windows 10','0','登录成功','2023-03-30 20:21:38'),(1310,'163401010319','127.0.0.1','内网IP','Chrome 11','Windows 10','0','退出成功','2023-03-30 20:21:55'),(1311,'163401010311','127.0.0.1','内网IP','Chrome 11','Windows 10','0','登录成功','2023-03-30 20:22:15'),(1312,'163401010311','127.0.0.1','内网IP','Chrome 11','Windows 10','0','退出成功','2023-03-30 20:44:39'),(1313,'user','127.0.0.1','内网IP','Chrome 11','Windows 10','0','登录成功','2023-03-30 20:44:48'),(1314,'user','127.0.0.1','内网IP','Chrome 11','Windows 10','0','退出成功','2023-03-30 20:45:00'),(1315,'doctor','127.0.0.1','内网IP','Chrome 11','Windows 10','1','验证码错误','2023-03-30 20:45:11'),(1316,'doctor','127.0.0.1','内网IP','Chrome 11','Windows 10','0','登录成功','2023-03-30 20:45:17'),(1317,'doctor','127.0.0.1','内网IP','Chrome 11','Windows 10','0','退出成功','2023-03-30 21:11:01'),(1318,'user','127.0.0.1','内网IP','Chrome 11','Windows 10','0','登录成功','2023-03-30 21:11:08'),(1319,'user','127.0.0.1','内网IP','Chrome 11','Windows 10','0','退出成功','2023-03-30 21:11:20'),(1320,'doctor','127.0.0.1','内网IP','Chrome 11','Windows 10','0','登录成功','2023-03-30 21:11:29'),(1321,'doctor','127.0.0.1','内网IP','Chrome 11','Windows 10','0','退出成功','2023-03-30 21:21:54'),(1322,'user','127.0.0.1','内网IP','Chrome 11','Windows 10','0','登录成功','2023-03-30 21:22:01'),(1323,'user','127.0.0.1','内网IP','Chrome 11','Windows 10','0','退出成功','2023-03-30 21:36:47'),(1324,'wp','127.0.0.1','内网IP','Chrome 11','Windows 10','0','登录成功','2023-03-30 21:36:55'),(1325,'wp','127.0.0.1','内网IP','Chrome 11','Windows 10','0','退出成功','2023-03-30 21:39:32'),(1326,'doc','127.0.0.1','内网IP','Chrome 11','Windows 10','0','登录成功','2023-03-30 21:39:42'),(1327,'doc','127.0.0.1','内网IP','Chrome 11','Windows 10','0','退出成功','2023-03-30 21:41:18');

#
# Structure for table "sys_menu"
#

DROP TABLE IF EXISTS `sys_menu`;
CREATE TABLE `sys_menu` (
  `menu_id` bigint(20) NOT NULL AUTO_INCREMENT COMMENT '菜单ID',
  `menu_name` varchar(50) NOT NULL COMMENT '菜单名称',
  `parent_id` bigint(20) DEFAULT '0' COMMENT '父菜单ID',
  `order_num` int(4) DEFAULT '0' COMMENT '显示顺序',
  `url` varchar(200) DEFAULT '#' COMMENT '请求地址',
  `target` varchar(20) DEFAULT '' COMMENT '打开方式（menuItem页签 menuBlank新窗口）',
  `menu_type` char(1) DEFAULT '' COMMENT '菜单类型（M目录 C菜单 F按钮）',
  `visible` char(1) DEFAULT '0' COMMENT '菜单状态（0显示 1隐藏）',
  `perms` varchar(100) DEFAULT NULL COMMENT '权限标识',
  `icon` varchar(100) DEFAULT '#' COMMENT '菜单图标',
  `create_by` varchar(64) DEFAULT '' COMMENT '创建者',
  `create_time` datetime DEFAULT NULL COMMENT '创建时间',
  `update_by` varchar(64) DEFAULT '' COMMENT '更新者',
  `update_time` datetime DEFAULT NULL COMMENT '更新时间',
  `remark` varchar(500) DEFAULT '' COMMENT '备注',
  PRIMARY KEY (`menu_id`) USING BTREE
) ENGINE=InnoDB AUTO_INCREMENT=1167 DEFAULT CHARSET=utf8 ROW_FORMAT=COMPACT COMMENT='菜单权限表';

#
# Data for table "sys_menu"
#

INSERT INTO `sys_menu` VALUES (1,'系统管理',0,4,'#','menuItem','M','0','','fa fa-gear','admin','2018-03-16 11:33:00','admin','2020-01-22 16:52:44','系统管理目录'),(2,'系统监控',0,5,'#','menuItem','M','1','','fa fa-video-camera','admin','2018-03-16 11:33:00','admin','2020-06-11 14:58:16','系统监控目录'),(3,'系统工具',0,4,'#','menuItem','M','1','','fa fa-bars','admin','2018-03-16 11:33:00','admin','2020-06-11 14:58:12','系统工具目录'),(100,'用户管理',1,1,'/system/user','','C','0','system:user:view','#','admin','2018-03-16 11:33:00','ry','2018-03-16 11:33:00','用户管理菜单'),(101,'角色信息管理',1,4,'/system/role','menuItem','C','0','system:role:view','fa fa-address-card','admin','2018-03-16 11:33:00','admin','2020-02-11 21:40:49','角色管理菜单'),(102,'菜单管理',1,3,'/system/menu','','C','0','system:menu:view','#','admin','2018-03-16 11:33:00','ry','2018-03-16 11:33:00','菜单管理菜单'),(103,'单位信息管理',1,5,'/system/dept','menuItem','C','0','system:dept:view','#','admin','2018-03-16 11:33:00','admin','2023-03-30 21:17:34','部门管理菜单'),(104,'岗位信息管理',1,6,'/system/post','menuItem','C','0','system:post:view','#','admin','2018-03-16 11:33:00','admin','2023-03-30 21:17:54','岗位管理菜单'),(105,'字典管理',1,6,'/system/dict','menuItem','C','1','system:dict:view','#','admin','2018-03-16 11:33:00','admin','2020-06-11 14:58:48','字典管理菜单'),(106,'参数设置',1,7,'/system/config','menuItem','C','1','system:config:view','#','admin','2018-03-16 11:33:00','admin','2019-12-09 17:59:49','参数设置菜单'),(107,'通知公告',1,8,'/system/notice','menuItem','C','1','system:notice:view','#','admin','2018-03-16 11:33:00','admin','2019-12-09 17:59:33','通知公告菜单'),(108,'日志管理',1,9,'#','menuItem','M','1','','#','admin','2018-03-16 11:33:00','admin','2019-12-09 17:59:16','日志管理菜单'),(109,'在线用户',2,1,'/monitor/online','','C','0','monitor:online:view','#','admin','2018-03-16 11:33:00','ry','2018-03-16 11:33:00','在线用户菜单'),(110,'定时任务',2,2,'/monitor/job','','C','0','monitor:job:view','#','admin','2018-03-16 11:33:00','ry','2018-03-16 11:33:00','定时任务菜单'),(111,'数据监控',2,3,'/monitor/data','','C','0','monitor:data:view','#','admin','2018-03-16 11:33:00','ry','2018-03-16 11:33:00','数据监控菜单'),(112,'服务监控',2,3,'/monitor/server','','C','0','monitor:server:view','#','admin','2018-03-16 11:33:00','ry','2018-03-16 11:33:00','服务监控菜单'),(113,'表单构建',3,1,'/tool/build','','C','0','tool:build:view','#','admin','2018-03-16 11:33:00','ry','2018-03-16 11:33:00','表单构建菜单'),(114,'代码生成',3,2,'/tool/gen','','C','0','tool:gen:view','#','admin','2018-03-16 11:33:00','ry','2018-03-16 11:33:00','代码生成菜单'),(115,'系统接口',3,3,'/tool/swagger','menuItem','C','1','tool:swagger:view','#','admin','2018-03-16 11:33:00','admin','2019-12-09 17:32:52','系统接口菜单'),(500,'操作日志',108,1,'/monitor/operlog','','C','0','monitor:operlog:view','#','admin','2018-03-16 11:33:00','ry','2018-03-16 11:33:00','操作日志菜单'),(501,'登录日志',108,2,'/monitor/logininfor','','C','0','monitor:logininfor:view','#','admin','2018-03-16 11:33:00','ry','2018-03-16 11:33:00','登录日志菜单'),(1000,'用户查询',100,1,'#','','F','0','system:user:list','#','admin','2018-03-16 11:33:00','ry','2018-03-16 11:33:00',''),(1001,'用户新增',100,2,'#','','F','0','system:user:add','#','admin','2018-03-16 11:33:00','ry','2018-03-16 11:33:00',''),(1002,'用户修改',100,3,'#','','F','0','system:user:edit','#','admin','2018-03-16 11:33:00','ry','2018-03-16 11:33:00',''),(1003,'用户删除',100,4,'#','','F','0','system:user:remove','#','admin','2018-03-16 11:33:00','ry','2018-03-16 11:33:00',''),(1004,'用户导出',100,5,'#','','F','0','system:user:export','#','admin','2018-03-16 11:33:00','ry','2018-03-16 11:33:00',''),(1005,'用户导入',100,6,'#','','F','0','system:user:import','#','admin','2018-03-16 11:33:00','ry','2018-03-16 11:33:00',''),(1006,'重置密码',100,7,'#','','F','0','system:user:resetPwd','#','admin','2018-03-16 11:33:00','ry','2018-03-16 11:33:00',''),(1007,'角色查询',101,1,'#','','F','0','system:role:list','#','admin','2018-03-16 11:33:00','ry','2018-03-16 11:33:00',''),(1008,'角色新增',101,2,'#','','F','0','system:role:add','#','admin','2018-03-16 11:33:00','ry','2018-03-16 11:33:00',''),(1009,'角色修改',101,3,'#','','F','0','system:role:edit','#','admin','2018-03-16 11:33:00','ry','2018-03-16 11:33:00',''),(1010,'角色删除',101,4,'#','','F','0','system:role:remove','#','admin','2018-03-16 11:33:00','ry','2018-03-16 11:33:00',''),(1011,'角色导出',101,5,'#','','F','0','system:role:export','#','admin','2018-03-16 11:33:00','ry','2018-03-16 11:33:00',''),(1012,'菜单查询',102,1,'#','','F','0','system:menu:list','#','admin','2018-03-16 11:33:00','ry','2018-03-16 11:33:00',''),(1013,'菜单新增',102,2,'#','','F','0','system:menu:add','#','admin','2018-03-16 11:33:00','ry','2018-03-16 11:33:00',''),(1014,'菜单修改',102,3,'#','','F','0','system:menu:edit','#','admin','2018-03-16 11:33:00','ry','2018-03-16 11:33:00',''),(1015,'菜单删除',102,4,'#','','F','0','system:menu:remove','#','admin','2018-03-16 11:33:00','ry','2018-03-16 11:33:00',''),(1016,'部门查询',103,1,'#','','F','0','system:dept:list','#','admin','2018-03-16 11:33:00','ry','2018-03-16 11:33:00',''),(1017,'部门新增',103,2,'#','','F','0','system:dept:add','#','admin','2018-03-16 11:33:00','ry','2018-03-16 11:33:00',''),(1018,'部门修改',103,3,'#','','F','0','system:dept:edit','#','admin','2018-03-16 11:33:00','ry','2018-03-16 11:33:00',''),(1019,'部门删除',103,4,'#','','F','0','system:dept:remove','#','admin','2018-03-16 11:33:00','ry','2018-03-16 11:33:00',''),(1020,'岗位查询',104,1,'#','','F','0','system:post:list','#','admin','2018-03-16 11:33:00','ry','2018-03-16 11:33:00',''),(1021,'岗位新增',104,2,'#','','F','0','system:post:add','#','admin','2018-03-16 11:33:00','ry','2018-03-16 11:33:00',''),(1022,'岗位修改',104,3,'#','','F','0','system:post:edit','#','admin','2018-03-16 11:33:00','ry','2018-03-16 11:33:00',''),(1023,'岗位删除',104,4,'#','','F','0','system:post:remove','#','admin','2018-03-16 11:33:00','ry','2018-03-16 11:33:00',''),(1024,'岗位导出',104,5,'#','','F','0','system:post:export','#','admin','2018-03-16 11:33:00','ry','2018-03-16 11:33:00',''),(1025,'字典查询',105,1,'#','','F','0','system:dict:list','#','admin','2018-03-16 11:33:00','ry','2018-03-16 11:33:00',''),(1026,'字典新增',105,2,'#','','F','0','system:dict:add','#','admin','2018-03-16 11:33:00','ry','2018-03-16 11:33:00',''),(1027,'字典修改',105,3,'#','','F','0','system:dict:edit','#','admin','2018-03-16 11:33:00','ry','2018-03-16 11:33:00',''),(1028,'字典删除',105,4,'#','','F','0','system:dict:remove','#','admin','2018-03-16 11:33:00','ry','2018-03-16 11:33:00',''),(1029,'字典导出',105,5,'#','','F','0','system:dict:export','#','admin','2018-03-16 11:33:00','ry','2018-03-16 11:33:00',''),(1030,'参数查询',106,1,'#','','F','0','system:config:list','#','admin','2018-03-16 11:33:00','ry','2018-03-16 11:33:00',''),(1031,'参数新增',106,2,'#','','F','0','system:config:add','#','admin','2018-03-16 11:33:00','ry','2018-03-16 11:33:00',''),(1032,'参数修改',106,3,'#','','F','0','system:config:edit','#','admin','2018-03-16 11:33:00','ry','2018-03-16 11:33:00',''),(1033,'参数删除',106,4,'#','','F','0','system:config:remove','#','admin','2018-03-16 11:33:00','ry','2018-03-16 11:33:00',''),(1034,'参数导出',106,5,'#','','F','0','system:config:export','#','admin','2018-03-16 11:33:00','ry','2018-03-16 11:33:00',''),(1035,'公告查询',107,1,'#','','F','0','system:notice:list','#','admin','2018-03-16 11:33:00','ry','2018-03-16 11:33:00',''),(1036,'公告新增',107,2,'#','','F','0','system:notice:add','#','admin','2018-03-16 11:33:00','ry','2018-03-16 11:33:00',''),(1037,'公告修改',107,3,'#','','F','0','system:notice:edit','#','admin','2018-03-16 11:33:00','ry','2018-03-16 11:33:00',''),(1038,'公告删除',107,4,'#','','F','0','system:notice:remove','#','admin','2018-03-16 11:33:00','ry','2018-03-16 11:33:00',''),(1039,'操作查询',500,1,'#','','F','0','monitor:operlog:list','#','admin','2018-03-16 11:33:00','ry','2018-03-16 11:33:00',''),(1040,'操作删除',500,2,'#','','F','0','monitor:operlog:remove','#','admin','2018-03-16 11:33:00','ry','2018-03-16 11:33:00',''),(1041,'详细信息',500,3,'#','','F','0','monitor:operlog:detail','#','admin','2018-03-16 11:33:00','ry','2018-03-16 11:33:00',''),(1042,'日志导出',500,4,'#','','F','0','monitor:operlog:export','#','admin','2018-03-16 11:33:00','ry','2018-03-16 11:33:00',''),(1043,'登录查询',501,1,'#','','F','0','monitor:logininfor:list','#','admin','2018-03-16 11:33:00','ry','2018-03-16 11:33:00',''),(1044,'登录删除',501,2,'#','','F','0','monitor:logininfor:remove','#','admin','2018-03-16 11:33:00','ry','2018-03-16 11:33:00',''),(1045,'日志导出',501,3,'#','','F','0','monitor:logininfor:export','#','admin','2018-03-16 11:33:00','ry','2018-03-16 11:33:00',''),(1046,'账户解锁',501,4,'#','','F','0','monitor:logininfor:unlock','#','admin','2018-03-16 11:33:00','ry','2018-03-16 11:33:00',''),(1047,'在线查询',109,1,'#','','F','0','monitor:online:list','#','admin','2018-03-16 11:33:00','ry','2018-03-16 11:33:00',''),(1048,'批量强退',109,2,'#','','F','0','monitor:online:batchForceLogout','#','admin','2018-03-16 11:33:00','ry','2018-03-16 11:33:00',''),(1049,'单条强退',109,3,'#','','F','0','monitor:online:forceLogout','#','admin','2018-03-16 11:33:00','ry','2018-03-16 11:33:00',''),(1050,'任务查询',110,1,'#','','F','0','monitor:job:list','#','admin','2018-03-16 11:33:00','ry','2018-03-16 11:33:00',''),(1051,'任务新增',110,2,'#','','F','0','monitor:job:add','#','admin','2018-03-16 11:33:00','ry','2018-03-16 11:33:00',''),(1052,'任务修改',110,3,'#','','F','0','monitor:job:edit','#','admin','2018-03-16 11:33:00','ry','2018-03-16 11:33:00',''),(1053,'任务删除',110,4,'#','','F','0','monitor:job:remove','#','admin','2018-03-16 11:33:00','ry','2018-03-16 11:33:00',''),(1054,'状态修改',110,5,'#','','F','0','monitor:job:changeStatus','#','admin','2018-03-16 11:33:00','ry','2018-03-16 11:33:00',''),(1055,'任务详细',110,6,'#','','F','0','monitor:job:detail','#','admin','2018-03-16 11:33:00','ry','2018-03-16 11:33:00',''),(1056,'任务导出',110,7,'#','','F','0','monitor:job:export','#','admin','2018-03-16 11:33:00','ry','2018-03-16 11:33:00',''),(1057,'生成查询',114,1,'#','','F','0','tool:gen:list','#','admin','2018-03-16 11:33:00','ry','2018-03-16 11:33:00',''),(1058,'生成修改',114,2,'#','','F','0','tool:gen:edit','#','admin','2018-03-16 11:33:00','ry','2018-03-16 11:33:00',''),(1059,'生成删除',114,3,'#','','F','0','tool:gen:remove','#','admin','2018-03-16 11:33:00','ry','2018-03-16 11:33:00',''),(1060,'预览代码',114,4,'#','','F','0','tool:gen:preview','#','admin','2018-03-16 11:33:00','ry','2018-03-16 11:33:00',''),(1061,'生成代码',114,5,'#','','F','0','tool:gen:code','#','admin','2018-03-16 11:33:00','ry','2018-03-16 11:33:00',''),(1062,'信息管理',0,0,'#','menuItem','M','0',NULL,'fa fa-address-book','admin','2019-12-11 15:44:51','',NULL,''),(1063,'用户信息管理',1062,1,'/project/student','menuItem','C','0','system:student:view','fa fa-address-card','admin','2019-12-11 15:45:58','admin','2023-03-30 20:23:56',''),(1065,'医护信息管理',1062,2,'/project/teacher','menuItem','C','0','system:teacher:view','fa fa-address-card','admin','2019-12-16 10:13:20','admin','2023-03-30 20:24:08',''),(1066,'课程信息管理',1062,3,'/project/course','menuItem','C','1','system:course:view','fa fa-address-card','admin','2019-12-16 10:14:01','admin','2020-01-18 19:19:50',''),(1067,'———',0,1,'#','menuItem','M','1','','fa fa-bar-chart-o','admin','2019-12-16 19:12:31','admin','2023-03-30 21:48:37',''),(1068,'—————-',0,2,'#','menuItem','M','1','','fa fa-bars','admin','2019-12-16 19:12:53','admin','2023-03-30 21:48:53',''),(1069,'已选课程',1067,1,'/project/stuandcou/selected','menuItem','C','0','system:selected:view','#','admin','2019-12-16 19:21:11','admin','2019-12-31 15:51:14',''),(1070,'可选课程',1067,2,'/project/stuandcou/optional','menuItem','C','0','system:optional:view','#','admin','2019-12-16 19:21:40','admin','2019-12-31 15:50:43',''),(1072,'成绩查询',1068,1,'/project/grade/query','menuItem','C','0','system:query:view','#','admin','2019-12-16 19:22:43','admin','2019-12-31 15:58:44',''),(1073,'成绩录入',1068,2,'/project/grade/log','menuItem','C','0','system:log:view','#','admin','2019-12-16 19:23:09','admin','2019-12-31 15:58:26',''),(1074,'查询',1063,1,'#','menuItem','F','0','system:student:list','#','admin','2019-12-31 15:24:02','',NULL,''),(1075,'新增',1063,2,'#','menuItem','F','0','system:student:add','#','admin','2019-12-31 15:24:24','',NULL,''),(1076,'删除',1063,3,'#','menuItem','F','0','system:student:remove','#','admin','2019-12-31 15:24:49','',NULL,''),(1077,'修改',1063,4,'#','menuItem','F','0','system:student:edit','#','admin','2019-12-31 15:25:08','',NULL,''),(1078,'查询',1065,1,'#','menuItem','F','0','system:teacher:list','#','admin','2019-12-31 15:32:35','admin','2019-12-31 15:33:03',''),(1079,'新增',1065,2,'#','menuItem','F','0','system:teacher:add','#','admin','2019-12-31 15:33:42','',NULL,''),(1080,'删除',1065,3,'#','menuItem','F','0','system:teacher:remove','#','admin','2019-12-31 15:34:04','',NULL,''),(1081,'修改',1065,4,'#','menuItem','F','0','system:teacher:edit','#','admin','2019-12-31 15:34:22','',NULL,''),(1082,'查询',1066,1,'#','menuItem','F','0','system:course:list','#','admin','2019-12-31 15:41:55','',NULL,''),(1083,'新增',1066,2,'#','menuItem','F','0','system:course:add','#','admin','2019-12-31 15:42:14','',NULL,''),(1084,'删除',1066,3,'#','menuItem','F','0','system:course:remove','#','admin','2019-12-31 15:42:37','',NULL,''),(1085,'修改',1066,4,'#','menuItem','F','0','system:course:edit','#','admin','2019-12-31 15:42:54','',NULL,''),(1086,'查询',1070,1,'#','menuItem','F','0','system:course:list','#','admin','2019-12-31 15:51:48','',NULL,''),(1087,'选课',1070,2,'#','menuItem','F','0','system:optional:add','#','admin','2019-12-31 15:52:30','admin','2019-12-31 15:54:23',''),(1088,'退选',1069,2,'#','menuItem','F','0','system:selected:remove','#','admin','2019-12-31 15:53:38','',NULL,''),(1089,'查询',1069,1,'#','menuItem','F','0','system:selected:list','#','admin','2019-12-31 15:53:58','',NULL,''),(1090,'查询',1072,1,'#','menuItem','F','0','system:query:list','#','admin','2019-12-31 16:02:17','admin','2019-12-31 16:02:46',''),(1091,'查询',1073,1,'#','menuItem','F','0','system:log:list','#','admin','2019-12-31 16:03:14','',NULL,''),(1092,'修改',1073,2,'#','menuItem','F','0','system:log:edit','#','admin','2019-12-31 16:03:43','',NULL,''),(1093,'成绩统计',1068,3,'/project/grade/all','menuItem','C','0','system:all:view','#','admin','2020-01-07 01:15:29','',NULL,''),(1094,'查询',1093,1,'#','menuItem','F','0','system:all:list','#','admin','2020-01-07 01:29:55','',NULL,''),(1095,'疫苗信息管理',1062,7,'/sau/production','menuItem','C','0','system:production:view','#','admin','2020-01-20 21:04:14','admin','2023-03-30 20:24:47',''),(1096,'生产实习信息查询',1095,1,'#','menuItem','F','0','system:production:list','#','admin','2020-01-20 22:17:34','',NULL,''),(1097,'生产实习信息新增',1095,2,'#','menuItem','F','0','system:production:add','#','admin','2020-01-20 22:18:10','',NULL,''),(1098,'生产实习信息删除',1095,3,'#','menuItem','F','0','system:production:remove','#','admin','2020-01-20 22:18:45','admin','2020-01-20 22:19:17',''),(1099,'生产实习信息修改',1095,4,'#','menuItem','F','0','system:production:edit','#','admin','2020-01-20 22:20:08','',NULL,''),(1100,'顶岗实习信息管理',1062,8,'/sau/work','menuItem','C','1','system:work:view','#','admin','2020-01-20 22:25:16','admin','2023-03-30 20:24:29',''),(1101,'顶岗实习信息查询',1100,1,'#','menuItem','F','0','system:work:list','#','admin','2020-01-20 22:25:54','',NULL,''),(1102,'顶岗实习信息新增',1100,2,'#','menuItem','F','0','system:work:add','#','admin','2020-01-20 22:26:15','',NULL,''),(1103,'顶岗实习信息修改',1100,3,'#','menuItem','F','0','system:work:edit','#','admin','2020-01-20 22:26:36','',NULL,''),(1104,'顶岗实习信息删除',1100,4,'#','menuItem','F','0','system:work:remove','#','admin','2020-01-20 22:27:01','',NULL,''),(1105,'疫苗预约',0,1,'#','menuItem','M','0','','fa fa-address-book-o','admin','2020-01-22 16:45:03','admin','2023-03-30 20:25:30',''),(1106,'————',0,1,'#','menuItem','M','1','','fa fa-address-card','admin','2020-01-22 16:45:29','admin','2023-03-30 21:48:26',''),(1107,'预约管理',0,2,'#','menuItem','M','0','','fa fa-address-card-o','admin','2020-01-22 16:45:54','admin','2023-03-30 20:26:58',''),(1108,'疫苗预约申请',1105,1,'/sau/prodapply','menuItem','C','0','system:prodapply:view','#','admin','2020-01-22 16:49:22','admin','2023-03-30 20:25:51',''),(1109,'我的预约通过',1105,2,'/sau/myprod','menuItem','C','1','system:myprod:view','#','admin','2020-01-22 16:49:38','admin','2023-03-30 21:22:48',''),(1110,'我的成绩',1105,3,'/sau/mygrade','menuItem','C','1','system:mygrade:view','#','admin','2020-01-22 16:49:51','admin','2023-03-30 20:26:16',''),(1111,'顶岗实习申请',1106,1,'/sau/workapply','menuItem','C','0','system:workapply:view','#','admin','2020-01-22 16:50:05','admin','2020-02-04 18:25:06',''),(1112,'我的顶岗实习',1106,2,'/sau/mywork','menuItem','C','0','system:mywork:view','#','admin','2020-01-22 16:50:27','admin','2020-02-06 18:32:15',''),(1113,'我的成绩',1106,3,'/sau/myworkgrade','menuItem','C','0','system:myworkgrade:view','#','admin','2020-01-22 16:50:37','admin','2020-02-06 23:46:46',''),(1114,'用户预约审核',1107,1,'/sau/prodaudit','menuItem','C','0','system:prodaudit:view','#','admin','2020-01-22 16:51:01','admin','2023-03-30 20:27:11',''),(1115,'顶岗实习审核',1107,4,'/sau/workaudit','menuItem','C','1','system:workaudit:view','#','admin','2020-01-22 16:51:32','admin','2023-03-30 20:26:32',''),(1116,'生产实习过程管理',1107,2,'/sau/teaaudit','menuItem','C','1','system:teaaudit:view','#','admin','2020-01-22 16:51:54','admin','2023-03-30 20:27:39',''),(1117,'顶岗实习过程管理',1107,5,'/sau/workteaaudit','menuItem','C','1','system:workteaaudit:edit','#','admin','2020-01-22 16:52:08','admin','2023-03-30 20:26:39',''),(1118,'分享',0,3,'#','menuItem','M','0','','fa fa-comment','admin','2020-01-22 16:52:35','admin','2020-01-22 16:54:45',''),(1119,'信息审核',1118,1,'/sau/talkaudit','menuItem','C','0','system:talkaudit:view','#','admin','2020-01-22 16:53:10','admin','2020-02-10 13:57:56',''),(1120,'我的分享',1118,2,'/sau/mytalk','menuItem','C','0','system:mytalk:view','#','admin','2020-01-22 16:53:23','admin','2020-02-09 15:45:19',''),(1121,'讨论区',1118,3,'/sau/talk','menuItem','C','0','system:talk:view','#','admin','2020-01-22 16:53:33','admin','2020-02-09 15:44:45',''),(1122,'我的申请',1105,4,'/sau/myprodapply','menuItem','C','0','system:myprodapply:view','#','admin','2020-01-22 19:57:43','admin','2020-01-22 22:22:53',''),(1123,'我的申请',1106,4,'/sau/myworkapply','menuItem','C','0','system:myworkapply:view','#','admin','2020-01-22 19:58:16','admin','2020-02-05 22:13:10',''),(1124,'申请顶岗实习',1108,1,'#','menuItem','F','0','system:prodapply:add','#','admin','2020-01-22 21:28:18','',NULL,''),(1125,'查看',1122,1,'#','menuItem','F','0','system:myprodapply:list','#','admin','2020-01-22 21:29:13','admin','2020-01-22 22:21:40',''),(1126,'退选',1122,2,'#','menuItem','F','0','system:myprodapply:remove','#','admin','2020-01-22 21:29:33','admin','2020-01-22 22:21:54',''),(1127,'同意按钮',1114,2,'#','menuItem','F','0','system:prodaudit:agree','#','admin','2020-01-23 22:12:31','admin','2020-02-06 00:10:32',''),(1128,'拒绝按钮',1114,3,'#','menuItem','F','0','system:prodaudit:reject','#','admin','2020-01-23 22:12:54','admin','2020-02-06 00:10:44',''),(1130,'查看',1109,1,'#','menuItem','F','0','system:myprod:list','#','admin','2020-02-02 16:44:35','',NULL,''),(1131,'周报编辑',1109,2,'#','menuItem','F','0','system:myprod:edit','#','admin','2020-02-02 16:45:12','',NULL,''),(1132,'查看',1116,1,'#','menuItem','F','0','system:teaaudit:list','#','admin','2020-02-03 12:22:35','',NULL,''),(1133,'批阅',1116,2,'#','menuItem','F','0','system:teaaudit:edit','#','admin','2020-02-03 12:23:04','',NULL,''),(1134,'生产实习成绩统计',1107,3,'/sau/allgrade','menuItem','C','1','system:allgrade:view','#','admin','2020-02-03 14:49:41','admin','2023-03-30 20:27:47',''),(1135,'顶岗实习成绩统计',1107,6,'/sau/allworkgrade','menuItem','C','1','system:allworkgrade:view','#','admin','2020-02-03 14:50:02','admin','2023-03-30 20:26:46',''),(1136,'查看',1110,1,'#','menuItem','F','0','system:mygrade:list','#','admin','2020-02-03 19:25:31','',NULL,''),(1137,'查看',1134,1,'#','menuItem','F','0','system:allgrade:list','#','admin','2020-02-03 19:39:24','',NULL,''),(1139,'申请顶岗实习',1111,1,'#','menuItem','F','0','system:workapply:add','#','admin','2020-02-04 21:32:01','',NULL,''),(1140,'查看',1123,1,'#','menuItem','F','0','system:myworkapply:list','#','admin','2020-02-05 22:13:49','',NULL,''),(1141,'退选',1123,2,'#','menuItem','F','0','system:myworkapply:remove','#','admin','2020-02-05 22:14:09','',NULL,''),(1142,'查看',1114,1,'#','menuItem','F','0','system:prodaudit:list','#','admin','2020-02-06 00:10:20','',NULL,''),(1143,'查看',1115,1,'#','menuItem','F','0','system:workaudit:list','#','admin','2020-02-06 00:29:38','',NULL,''),(1144,'详情',1115,2,'#','menuItem','F','0','system:workaudit:see','#','admin','2020-02-06 00:30:06','admin','2020-02-08 17:56:21',''),(1145,'同意按钮',1115,3,'#','menuItem','F','0','system:workaudit:agree','#','admin','2020-02-06 00:30:32','',NULL,''),(1146,'拒绝按钮',1115,4,'#','menuItem','F','0','system:workaudit:reject','#','admin','2020-02-06 00:30:57','',NULL,''),(1147,'查看',1112,1,'#','menuItem','F','0','system:mywork:list','#','admin','2020-02-06 18:32:37','',NULL,''),(1148,'填写周报内容',1112,2,'#','menuItem','F','0','system:mywork:edit','#','admin','2020-02-06 18:37:51','',NULL,''),(1149,'查看',1117,1,'#','menuItem','F','0','system:workteaaudit:list','#','admin','2020-02-06 19:09:33','',NULL,''),(1150,'批阅',1117,2,'#','menuItem','F','0','system:workteaaudit:edit','#','admin','2020-02-06 19:09:58','',NULL,''),(1151,'查看',1113,1,'#','menuItem','F','0','system:myworkgrade:list','#','admin','2020-02-06 23:47:08','',NULL,''),(1152,'查看',1135,1,'#','menuItem','F','0','system:allworkgrade:list','#','admin','2020-02-07 00:24:35','',NULL,''),(1153,'详情',1113,2,'#','menuItem','F','0','system:myworkgrade:see','#','admin','2020-02-08 17:55:37','',NULL,''),(1154,'查看',1121,1,'#','menuItem','F','0','system:talk:list','#','admin','2020-02-09 17:40:03','',NULL,''),(1155,'查看',1120,1,'#','menuItem','F','0','system:mytalk:list','#','admin','2020-02-09 17:40:26','',NULL,''),(1157,'删除',1120,3,'#','menuItem','F','0','system:mytalk:remove','#','admin','2020-02-09 17:41:10','',NULL,''),(1158,'修改',1120,4,'#','menuItem','F','0','system:mytalk:edit','#','admin','2020-02-09 17:41:29','',NULL,''),(1159,'新增',1120,2,'#','menuItem','F','0','system:mytalk:add','#','admin','2020-02-09 17:42:13','',NULL,''),(1160,'详情',1121,2,'#','menuItem','F','0','system:talk:see','#','admin','2020-02-09 20:40:37','',NULL,''),(1161,'查看',1119,1,'#','menuItem','F','0','system:talkaudit:list','#','admin','2020-02-10 13:58:33','',NULL,''),(1162,'详情',1119,2,'#','menuItem','F','0','system:talkaudit:see','#','admin','2020-02-10 13:58:57','',NULL,''),(1163,'同意',1119,3,'#','menuItem','F','0','system:talkaudit:agree','#','admin','2020-02-10 13:59:23','',NULL,''),(1164,'拒绝',1119,4,'#','menuItem','F','0','system:talkaudit:reject','#','admin','2020-02-10 13:59:47','',NULL,''),(1165,'查看',1111,1,'#','menuItem','F','0','system:work:list','#','admin','2020-06-11 14:54:29','',NULL,''),(1166,'查看',1108,1,'#','menuItem','F','0','system:production:list','#','admin','2020-06-11 14:55:04','',NULL,'');

#
# Structure for table "sys_notice"
#

DROP TABLE IF EXISTS `sys_notice`;
CREATE TABLE `sys_notice` (
  `notice_id` int(4) NOT NULL AUTO_INCREMENT COMMENT '公告ID',
  `notice_title` varchar(50) NOT NULL COMMENT '公告标题',
  `notice_type` char(1) NOT NULL COMMENT '公告类型（1通知 2公告）',
  `notice_content` varchar(2000) DEFAULT NULL COMMENT '公告内容',
  `status` char(1) DEFAULT '0' COMMENT '公告状态（0正常 1关闭）',
  `create_by` varchar(64) DEFAULT '' COMMENT '创建者',
  `create_time` datetime DEFAULT NULL COMMENT '创建时间',
  `update_by` varchar(64) DEFAULT '' COMMENT '更新者',
  `update_time` datetime DEFAULT NULL COMMENT '更新时间',
  `remark` varchar(255) DEFAULT NULL COMMENT '备注',
  PRIMARY KEY (`notice_id`) USING BTREE
) ENGINE=InnoDB AUTO_INCREMENT=3 DEFAULT CHARSET=utf8 ROW_FORMAT=COMPACT COMMENT='通知公告表';

#
# Data for table "sys_notice"
#

INSERT INTO `sys_notice` VALUES (1,'温馨提醒：2018-07-01 若依新版本发布啦','2','新版本内容','0','admin','2018-03-16 11:33:00','ry','2018-03-16 11:33:00','管理员'),(2,'维护通知：2018-07-01 若依系统凌晨维护','1','维护内容','0','admin','2018-03-16 11:33:00','ry','2018-03-16 11:33:00','管理员');

#
# Structure for table "sys_oper_log"
#

DROP TABLE IF EXISTS `sys_oper_log`;
CREATE TABLE `sys_oper_log` (
  `oper_id` bigint(20) NOT NULL AUTO_INCREMENT COMMENT '日志主键',
  `title` varchar(50) DEFAULT '' COMMENT '模块标题',
  `business_type` int(2) DEFAULT '0' COMMENT '业务类型（0其它 1新增 2修改 3删除）',
  `method` varchar(100) DEFAULT '' COMMENT '方法名称',
  `request_method` varchar(10) DEFAULT '' COMMENT '请求方式',
  `operator_type` int(1) DEFAULT '0' COMMENT '操作类别（0其它 1后台用户 2手机端用户）',
  `oper_name` varchar(50) DEFAULT '' COMMENT '操作人员',
  `dept_name` varchar(50) DEFAULT '' COMMENT '部门名称',
  `oper_url` varchar(255) DEFAULT '' COMMENT '请求URL',
  `oper_ip` varchar(50) DEFAULT '' COMMENT '主机地址',
  `oper_location` varchar(255) DEFAULT '' COMMENT '操作地点',
  `oper_param` varchar(2000) DEFAULT '' COMMENT '请求参数',
  `json_result` varchar(2000) DEFAULT '' COMMENT '返回参数',
  `status` int(1) DEFAULT '0' COMMENT '操作状态（0正常 1异常）',
  `error_msg` varchar(2000) DEFAULT '' COMMENT '错误消息',
  `oper_time` datetime DEFAULT NULL COMMENT '操作时间',
  PRIMARY KEY (`oper_id`) USING BTREE
) ENGINE=InnoDB AUTO_INCREMENT=555 DEFAULT CHARSET=utf8 ROW_FORMAT=COMPACT COMMENT='操作日志记录';

#
# Data for table "sys_oper_log"
#

INSERT INTO `sys_oper_log` VALUES (100,'菜单管理',2,'com.ruoyi.web.controller.system.SysMenuController.editSave()','POST',1,'admin','研发部门','/system/menu/edit','127.0.0.1','内网IP','{\r\n  \"menuId\" : [ \"2\" ],\r\n  \"parentId\" : [ \"0\" ],\r\n  \"menuType\" : [ \"M\" ],\r\n  \"menuName\" : [ \"系统监控\" ],\r\n  \"url\" : [ \"#\" ],\r\n  \"target\" : [ \"menuItem\" ],\r\n  \"perms\" : [ \"\" ],\r\n  \"orderNum\" : [ \"2\" ],\r\n  \"icon\" : [ \"fa fa-video-camera\" ],\r\n  \"visible\" : [ \"1\" ]\r\n}','{\r\n  \"msg\" : \"操作成功\",\r\n  \"code\" : 0\r\n}',0,NULL,'2019-12-09 15:41:43'),(101,'菜单管理',2,'com.ruoyi.web.controller.system.SysMenuController.editSave()','POST',1,'admin','研发部门','/system/menu/edit','127.0.0.1','内网IP','{\r\n  \"menuId\" : [ \"115\" ],\r\n  \"parentId\" : [ \"3\" ],\r\n  \"menuType\" : [ \"C\" ],\r\n  \"menuName\" : [ \"系统接口\" ],\r\n  \"url\" : [ \"/tool/swagger\" ],\r\n  \"target\" : [ \"menuItem\" ],\r\n  \"perms\" : [ \"tool:swagger:view\" ],\r\n  \"orderNum\" : [ \"3\" ],\r\n  \"icon\" : [ \"#\" ],\r\n  \"visible\" : [ \"1\" ]\r\n}','{\r\n  \"msg\" : \"操作成功\",\r\n  \"code\" : 0\r\n}',0,NULL,'2019-12-09 17:32:52'),(102,'部门管理',2,'com.ruoyi.web.controller.system.SysDeptController.editSave()','POST',1,'admin','研发部门','/system/dept/edit','127.0.0.1','内网IP','{\r\n  \"deptId\" : [ \"100\" ],\r\n  \"parentId\" : [ \"0\" ],\r\n  \"parentName\" : [ \"无\" ],\r\n  \"deptName\" : [ \"计算机学院\" ],\r\n  \"orderNum\" : [ \"0\" ],\r\n  \"leader\" : [ \"admin\" ],\r\n  \"phone\" : [ \"15841490867\" ],\r\n  \"email\" : [ \"498155701@qq.com\" ],\r\n  \"status\" : [ \"0\" ]\r\n}','{\r\n  \"msg\" : \"操作成功\",\r\n  \"code\" : 0\r\n}',0,NULL,'2019-12-09 17:36:02'),(103,'部门管理',2,'com.ruoyi.web.controller.system.SysDeptController.editSave()','POST',1,'admin','研发部门','/system/dept/edit','127.0.0.1','内网IP','{\r\n  \"deptId\" : [ \"101\" ],\r\n  \"parentId\" : [ \"100\" ],\r\n  \"parentName\" : [ \"计算机学院\" ],\r\n  \"deptName\" : [ \"计算机科学与技术\" ],\r\n  \"orderNum\" : [ \"1\" ],\r\n  \"leader\" : [ \"admin\" ],\r\n  \"phone\" : [ \"15841490867\" ],\r\n  \"email\" : [ \"498155701@qq.com\" ],\r\n  \"status\" : [ \"0\" ]\r\n}','{\r\n  \"msg\" : \"操作成功\",\r\n  \"code\" : 0\r\n}',0,NULL,'2019-12-09 17:36:28'),(104,'部门管理',2,'com.ruoyi.web.controller.system.SysDeptController.editSave()','POST',1,'admin','研发部门','/system/dept/edit','127.0.0.1','内网IP','{\r\n  \"deptId\" : [ \"102\" ],\r\n  \"parentId\" : [ \"100\" ],\r\n  \"parentName\" : [ \"计算机学院\" ],\r\n  \"deptName\" : [ \"网络工程\" ],\r\n  \"orderNum\" : [ \"2\" ],\r\n  \"leader\" : [ \"网络工程\" ],\r\n  \"phone\" : [ \"15888888888\" ],\r\n  \"email\" : [ \"123@qq.com\" ],\r\n  \"status\" : [ \"0\" ]\r\n}','{\r\n  \"msg\" : \"操作成功\",\r\n  \"code\" : 0\r\n}',0,NULL,'2019-12-09 17:37:44'),(105,'部门管理',1,'com.ruoyi.web.controller.system.SysDeptController.addSave()','POST',1,'admin','研发部门','/system/dept/add','127.0.0.1','内网IP','{\r\n  \"parentId\" : [ \"100\" ],\r\n  \"deptName\" : [ \"软件工程\" ],\r\n  \"orderNum\" : [ \"3\" ],\r\n  \"leader\" : [ \"admin\" ],\r\n  \"phone\" : [ \"15841490867\" ],\r\n  \"email\" : [ \"498155701@qq.com\" ],\r\n  \"status\" : [ \"0\" ]\r\n}','{\r\n  \"msg\" : \"操作成功\",\r\n  \"code\" : 0\r\n}',0,NULL,'2019-12-09 17:38:29'),(106,'部门管理',1,'com.ruoyi.web.controller.system.SysDeptController.addSave()','POST',1,'admin','研发部门','/system/dept/add','127.0.0.1','内网IP','{\r\n  \"parentId\" : [ \"200\" ],\r\n  \"deptName\" : [ \"软件1601班\" ],\r\n  \"orderNum\" : [ \"1\" ],\r\n  \"leader\" : [ \"admin\" ],\r\n  \"phone\" : [ \"15841490867\" ],\r\n  \"email\" : [ \"498155701@qq.com\" ],\r\n  \"status\" : [ \"0\" ]\r\n}','{\r\n  \"msg\" : \"操作成功\",\r\n  \"code\" : 0\r\n}',0,NULL,'2019-12-09 17:39:17'),(107,'部门管理',1,'com.ruoyi.web.controller.system.SysDeptController.addSave()','POST',1,'admin','研发部门','/system/dept/add','127.0.0.1','内网IP','{\r\n  \"parentId\" : [ \"101\" ],\r\n  \"deptName\" : [ \"2016级\" ],\r\n  \"orderNum\" : [ \"1\" ],\r\n  \"leader\" : [ \"admin\" ],\r\n  \"phone\" : [ \"15841490867\" ],\r\n  \"email\" : [ \"498155701@qq.com\" ],\r\n  \"status\" : [ \"0\" ]\r\n}','{\r\n  \"msg\" : \"操作成功\",\r\n  \"code\" : 0\r\n}',0,NULL,'2019-12-09 17:40:04'),(108,'部门管理',3,'com.ruoyi.web.controller.system.SysDeptController.remove()','GET',1,'admin','研发部门','/system/dept/remove/202','127.0.0.1','内网IP','{ }','{\r\n  \"msg\" : \"操作成功\",\r\n  \"code\" : 0\r\n}',0,NULL,'2019-12-09 17:40:14'),(109,'部门管理',1,'com.ruoyi.web.controller.system.SysDeptController.addSave()','POST',1,'admin','研发部门','/system/dept/add','127.0.0.1','内网IP','{\r\n  \"parentId\" : [ \"100\" ],\r\n  \"deptName\" : [ \"2016级\" ],\r\n  \"orderNum\" : [ \"1\" ],\r\n  \"leader\" : [ \"admin\" ],\r\n  \"phone\" : [ \"15841490867\" ],\r\n  \"email\" : [ \"498155701@qq.com\" ],\r\n  \"status\" : [ \"0\" ]\r\n}','{\r\n  \"msg\" : \"操作成功\",\r\n  \"code\" : 0\r\n}',0,NULL,'2019-12-09 17:40:33'),(110,'部门管理',1,'com.ruoyi.web.controller.system.SysDeptController.addSave()','POST',1,'admin','研发部门','/system/dept/add','127.0.0.1','内网IP','{\r\n  \"parentId\" : [ \"203\" ],\r\n  \"deptName\" : [ \"1\" ],\r\n  \"orderNum\" : [ \"1\" ],\r\n  \"leader\" : [ \"1\" ],\r\n  \"phone\" : [ \"15841490867\" ],\r\n  \"email\" : [ \"498155701@qq.com\" ],\r\n  \"status\" : [ \"0\" ]\r\n}','{\r\n  \"msg\" : \"操作成功\",\r\n  \"code\" : 0\r\n}',0,NULL,'2019-12-09 17:41:51'),(111,'部门管理',2,'com.ruoyi.web.controller.system.SysDeptController.editSave()','POST',1,'admin','研发部门','/system/dept/edit','127.0.0.1','内网IP','{\r\n  \"deptId\" : [ \"101\" ],\r\n  \"parentId\" : [ \"203\" ],\r\n  \"parentName\" : [ \"2016级\" ],\r\n  \"deptName\" : [ \"计算机科学与技术\" ],\r\n  \"orderNum\" : [ \"1\" ],\r\n  \"leader\" : [ \"admin\" ],\r\n  \"phone\" : [ \"15841490867\" ],\r\n  \"email\" : [ \"498155701@qq.com\" ],\r\n  \"status\" : [ \"0\" ]\r\n}','{\r\n  \"msg\" : \"操作成功\",\r\n  \"code\" : 0\r\n}',0,NULL,'2019-12-09 17:42:05'),(112,'部门管理',3,'com.ruoyi.web.controller.system.SysDeptController.remove()','GET',1,'admin','研发部门','/system/dept/remove/204','127.0.0.1','内网IP','{ }','{\r\n  \"msg\" : \"操作成功\",\r\n  \"code\" : 0\r\n}',0,NULL,'2019-12-09 17:42:12'),(113,'部门管理',2,'com.ruoyi.web.controller.system.SysDeptController.editSave()','POST',1,'admin','研发部门','/system/dept/edit','127.0.0.1','内网IP','{\r\n  \"deptId\" : [ \"102\" ],\r\n  \"parentId\" : [ \"203\" ],\r\n  \"parentName\" : [ \"2016级\" ],\r\n  \"deptName\" : [ \"网络工程\" ],\r\n  \"orderNum\" : [ \"2\" ],\r\n  \"leader\" : [ \"网络工程\" ],\r\n  \"phone\" : [ \"15888888888\" ],\r\n  \"email\" : [ \"123@qq.com\" ],\r\n  \"status\" : [ \"0\" ]\r\n}','{\r\n  \"msg\" : \"操作成功\",\r\n  \"code\" : 0\r\n}',0,NULL,'2019-12-09 17:42:20'),(114,'部门管理',2,'com.ruoyi.web.controller.system.SysDeptController.editSave()','POST',1,'admin','研发部门','/system/dept/edit','127.0.0.1','内网IP','{\r\n  \"deptId\" : [ \"200\" ],\r\n  \"parentId\" : [ \"203\" ],\r\n  \"parentName\" : [ \"2016级\" ],\r\n  \"deptName\" : [ \"软件工程\" ],\r\n  \"orderNum\" : [ \"3\" ],\r\n  \"leader\" : [ \"admin\" ],\r\n  \"phone\" : [ \"15841490867\" ],\r\n  \"email\" : [ \"498155701@qq.com\" ],\r\n  \"status\" : [ \"0\" ]\r\n}','{\r\n  \"msg\" : \"操作成功\",\r\n  \"code\" : 0\r\n}',0,NULL,'2019-12-09 17:42:33'),(115,'部门管理',2,'com.ruoyi.web.controller.system.SysDeptController.editSave()','POST',1,'admin','研发部门','/system/dept/edit','127.0.0.1','内网IP','{\r\n  \"deptId\" : [ \"103\" ],\r\n  \"parentId\" : [ \"101\" ],\r\n  \"parentName\" : [ \"计算机科学与技术\" ],\r\n  \"deptName\" : [ \"研发部门\" ],\r\n  \"orderNum\" : [ \"1\" ],\r\n  \"leader\" : [ \"admin\" ],\r\n  \"phone\" : [ \"15841490867\" ],\r\n  \"email\" : [ \"498155701@qq.com\" ],\r\n  \"status\" : [ \"0\" ]\r\n}','{\r\n  \"msg\" : \"操作成功\",\r\n  \"code\" : 0\r\n}',0,NULL,'2019-12-09 17:42:50'),(116,'部门管理',1,'com.ruoyi.web.controller.system.SysDeptController.addSave()','POST',1,'admin','研发部门','/system/dept/add','127.0.0.1','内网IP','{\r\n  \"parentId\" : [ \"203\" ],\r\n  \"deptName\" : [ \"物联网工程\" ],\r\n  \"orderNum\" : [ \"4\" ],\r\n  \"leader\" : [ \"admin\" ],\r\n  \"phone\" : [ \"15841490867\" ],\r\n  \"email\" : [ \"498155701@qq.com\" ],\r\n  \"status\" : [ \"0\" ]\r\n}','{\r\n  \"msg\" : \"操作成功\",\r\n  \"code\" : 0\r\n}',0,NULL,'2019-12-09 17:43:33'),(117,'部门管理',1,'com.ruoyi.web.controller.system.SysDeptController.addSave()','POST',1,'admin','研发部门','/system/dept/add','127.0.0.1','内网IP','{\r\n  \"parentId\" : [ \"205\" ],\r\n  \"deptName\" : [ \"物联网1601班\" ],\r\n  \"orderNum\" : [ \"1\" ],\r\n  \"leader\" : [ \"admin\" ],\r\n  \"phone\" : [ \"15841490867\" ],\r\n  \"email\" : [ \"498155701@qq.com\" ],\r\n  \"status\" : [ \"0\" ]\r\n}','{\r\n  \"msg\" : \"操作成功\",\r\n  \"code\" : 0\r\n}',0,NULL,'2019-12-09 17:44:02'),(118,'部门管理',1,'com.ruoyi.web.controller.system.SysDeptController.addSave()','POST',1,'admin','研发部门','/system/dept/add','127.0.0.1','内网IP','{\r\n  \"parentId\" : [ \"200\" ],\r\n  \"deptName\" : [ \"软件1602班\" ],\r\n  \"orderNum\" : [ \"2\" ],\r\n  \"leader\" : [ \"admin\" ],\r\n  \"phone\" : [ \"15841490867\" ],\r\n  \"email\" : [ \"498155701@qq.com\" ],\r\n  \"status\" : [ \"0\" ]\r\n}','{\r\n  \"msg\" : \"操作成功\",\r\n  \"code\" : 0\r\n}',0,NULL,'2019-12-09 17:44:23'),(119,'部门管理',2,'com.ruoyi.web.controller.system.SysDeptController.editSave()','POST',1,'admin','研发部门','/system/dept/edit','127.0.0.1','内网IP','{\r\n  \"deptId\" : [ \"108\" ],\r\n  \"parentId\" : [ \"102\" ],\r\n  \"parentName\" : [ \"网络工程\" ],\r\n  \"deptName\" : [ \"网络1601班\" ],\r\n  \"orderNum\" : [ \"1\" ],\r\n  \"leader\" : [ \"admin\" ],\r\n  \"phone\" : [ \"15841490867\" ],\r\n  \"email\" : [ \"498155701@qq.com\" ],\r\n  \"status\" : [ \"0\" ]\r\n}','{\r\n  \"msg\" : \"操作成功\",\r\n  \"code\" : 0\r\n}',0,NULL,'2019-12-09 17:44:46'),(120,'部门管理',2,'com.ruoyi.web.controller.system.SysDeptController.editSave()','POST',1,'admin','研发部门','/system/dept/edit','127.0.0.1','内网IP','{\r\n  \"deptId\" : [ \"109\" ],\r\n  \"parentId\" : [ \"102\" ],\r\n  \"parentName\" : [ \"网络工程\" ],\r\n  \"deptName\" : [ \"网络1602班\" ],\r\n  \"orderNum\" : [ \"2\" ],\r\n  \"leader\" : [ \"admin\" ],\r\n  \"phone\" : [ \"15841490867\" ],\r\n  \"email\" : [ \"498155701@qq.com\" ],\r\n  \"status\" : [ \"0\" ]\r\n}','{\r\n  \"msg\" : \"操作成功\",\r\n  \"code\" : 0\r\n}',0,NULL,'2019-12-09 17:45:05'),(121,'部门管理',2,'com.ruoyi.web.controller.system.SysDeptController.editSave()','POST',1,'admin','研发部门','/system/dept/edit','127.0.0.1','内网IP','{\r\n  \"deptId\" : [ \"103\" ],\r\n  \"parentId\" : [ \"101\" ],\r\n  \"parentName\" : [ \"计算机科学与技术\" ],\r\n  \"deptName\" : [ \"计科1601班\" ],\r\n  \"orderNum\" : [ \"1\" ],\r\n  \"leader\" : [ \"admin\" ],\r\n  \"phone\" : [ \"15841490867\" ],\r\n  \"email\" : [ \"498155701@qq.com\" ],\r\n  \"status\" : [ \"0\" ]\r\n}','{\r\n  \"msg\" : \"操作成功\",\r\n  \"code\" : 0\r\n}',0,NULL,'2019-12-09 17:45:25'),(122,'部门管理',2,'com.ruoyi.web.controller.system.SysDeptController.editSave()','POST',1,'admin','研发部门','/system/dept/edit','127.0.0.1','内网IP','{\r\n  \"deptId\" : [ \"104\" ],\r\n  \"parentId\" : [ \"101\" ],\r\n  \"parentName\" : [ \"计算机科学与技术\" ],\r\n  \"deptName\" : [ \"计科1603班\" ],\r\n  \"orderNum\" : [ \"2\" ],\r\n  \"leader\" : [ \"admin\" ],\r\n  \"phone\" : [ \"15841490867\" ],\r\n  \"email\" : [ \"498155701@qq.com\" ],\r\n  \"status\" : [ \"0\" ]\r\n}','{\r\n  \"msg\" : \"操作成功\",\r\n  \"code\" : 0\r\n}',0,NULL,'2019-12-09 17:45:44'),(123,'部门管理',2,'com.ruoyi.web.controller.system.SysDeptController.editSave()','POST',1,'admin','研发部门','/system/dept/edit','127.0.0.1','内网IP','{\r\n  \"deptId\" : [ \"105\" ],\r\n  \"parentId\" : [ \"101\" ],\r\n  \"parentName\" : [ \"计算机科学与技术\" ],\r\n  \"deptName\" : [ \"计科1602班\" ],\r\n  \"orderNum\" : [ \"2\" ],\r\n  \"leader\" : [ \"admin\" ],\r\n  \"phone\" : [ \"15841490867\" ],\r\n  \"email\" : [ \"498155701@qq.com\" ],\r\n  \"status\" : [ \"0\" ]\r\n}','{\r\n  \"msg\" : \"操作成功\",\r\n  \"code\" : 0\r\n}',0,NULL,'2019-12-09 17:46:19'),(124,'部门管理',2,'com.ruoyi.web.controller.system.SysDeptController.editSave()','POST',1,'admin','研发部门','/system/dept/edit','127.0.0.1','内网IP','{\r\n  \"deptId\" : [ \"104\" ],\r\n  \"parentId\" : [ \"101\" ],\r\n  \"parentName\" : [ \"计算机科学与技术\" ],\r\n  \"deptName\" : [ \"计科1603班\" ],\r\n  \"orderNum\" : [ \"3\" ],\r\n  \"leader\" : [ \"admin\" ],\r\n  \"phone\" : [ \"15841490867\" ],\r\n  \"email\" : [ \"498155701@qq.com\" ],\r\n  \"status\" : [ \"0\" ]\r\n}','{\r\n  \"msg\" : \"操作成功\",\r\n  \"code\" : 0\r\n}',0,NULL,'2019-12-09 17:46:24'),(125,'部门管理',2,'com.ruoyi.web.controller.system.SysDeptController.editSave()','POST',1,'admin','研发部门','/system/dept/edit','127.0.0.1','内网IP','{\r\n  \"deptId\" : [ \"106\" ],\r\n  \"parentId\" : [ \"101\" ],\r\n  \"parentName\" : [ \"计算机科学与技术\" ],\r\n  \"deptName\" : [ \"计科1604班\" ],\r\n  \"orderNum\" : [ \"4\" ],\r\n  \"leader\" : [ \"admin\" ],\r\n  \"phone\" : [ \"15841490867\" ],\r\n  \"email\" : [ \"498155701@qq.com\" ],\r\n  \"status\" : [ \"0\" ]\r\n}','{\r\n  \"msg\" : \"操作成功\",\r\n  \"code\" : 0\r\n}',0,NULL,'2019-12-09 17:46:44'),(126,'部门管理',2,'com.ruoyi.web.controller.system.SysDeptController.editSave()','POST',1,'admin','研发部门','/system/dept/edit','127.0.0.1','内网IP','{\r\n  \"deptId\" : [ \"107\" ],\r\n  \"parentId\" : [ \"101\" ],\r\n  \"parentName\" : [ \"计算机科学与技术\" ],\r\n  \"deptName\" : [ \"计科1605班\" ],\r\n  \"orderNum\" : [ \"5\" ],\r\n  \"leader\" : [ \"admin\" ],\r\n  \"phone\" : [ \"15841490867\" ],\r\n  \"email\" : [ \"498155701@qq.com\" ],\r\n  \"status\" : [ \"0\" ]\r\n}','{\r\n  \"msg\" : \"操作成功\",\r\n  \"code\" : 0\r\n}',0,NULL,'2019-12-09 17:47:02'),(127,'部门管理',1,'com.ruoyi.web.controller.system.SysDeptController.addSave()','POST',1,'admin','研发部门','/system/dept/add','127.0.0.1','内网IP','{\r\n  \"parentId\" : [ \"100\" ],\r\n  \"deptName\" : [ \"2017级\" ],\r\n  \"orderNum\" : [ \"2\" ],\r\n  \"leader\" : [ \"admin\" ],\r\n  \"phone\" : [ \"15841490867\" ],\r\n  \"email\" : [ \"498155701@qq.com\" ],\r\n  \"status\" : [ \"0\" ]\r\n}','{\r\n  \"msg\" : \"操作成功\",\r\n  \"code\" : 0\r\n}',0,NULL,'2019-12-09 17:47:45'),(128,'部门管理',1,'com.ruoyi.web.controller.system.SysDeptController.addSave()','POST',1,'admin','研发部门','/system/dept/add','127.0.0.1','内网IP','{\r\n  \"parentId\" : [ \"100\" ],\r\n  \"deptName\" : [ \"2018级\" ],\r\n  \"orderNum\" : [ \"3\" ],\r\n  \"leader\" : [ \"admin\" ],\r\n  \"phone\" : [ \"15841490867\" ],\r\n  \"email\" : [ \"498155701@qq.com\" ],\r\n  \"status\" : [ \"0\" ]\r\n}','{\r\n  \"msg\" : \"操作成功\",\r\n  \"code\" : 0\r\n}',0,NULL,'2019-12-09 17:48:18'),(129,'部门管理',1,'com.ruoyi.web.controller.system.SysDeptController.addSave()','POST',1,'admin','研发部门','/system/dept/add','127.0.0.1','内网IP','{\r\n  \"parentId\" : [ \"100\" ],\r\n  \"deptName\" : [ \"2019级\" ],\r\n  \"orderNum\" : [ \"4\" ],\r\n  \"leader\" : [ \"admin\" ],\r\n  \"phone\" : [ \"15841490867\" ],\r\n  \"email\" : [ \"498155701@qq.com\" ],\r\n  \"status\" : [ \"0\" ]\r\n}','{\r\n  \"msg\" : \"操作成功\",\r\n  \"code\" : 0\r\n}',0,NULL,'2019-12-09 17:48:44'),(130,'部门管理',1,'com.ruoyi.web.controller.system.SysDeptController.addSave()','POST',1,'admin','研发部门','/system/dept/add','127.0.0.1','内网IP','{\r\n  \"parentId\" : [ \"208\" ],\r\n  \"deptName\" : [ \"计算机科学与技术\" ],\r\n  \"orderNum\" : [ \"1\" ],\r\n  \"leader\" : [ \"admin\" ],\r\n  \"phone\" : [ \"15841490867\" ],\r\n  \"email\" : [ \"498155701@qq.com\" ],\r\n  \"status\" : [ \"0\" ]\r\n}','{\r\n  \"msg\" : \"操作成功\",\r\n  \"code\" : 0\r\n}',0,NULL,'2019-12-09 17:49:11'),(131,'部门管理',1,'com.ruoyi.web.controller.system.SysDeptController.addSave()','POST',1,'admin','研发部门','/system/dept/add','127.0.0.1','内网IP','{\r\n  \"parentId\" : [ \"209\" ],\r\n  \"deptName\" : [ \"计算机科学与技术\" ],\r\n  \"orderNum\" : [ \"1\" ],\r\n  \"leader\" : [ \"admin\" ],\r\n  \"phone\" : [ \"15841490867\" ],\r\n  \"email\" : [ \"498155701@qq.com\" ],\r\n  \"status\" : [ \"0\" ]\r\n}','{\r\n  \"msg\" : \"操作成功\",\r\n  \"code\" : 0\r\n}',0,NULL,'2019-12-09 17:49:41'),(132,'部门管理',1,'com.ruoyi.web.controller.system.SysDeptController.addSave()','POST',1,'admin','研发部门','/system/dept/add','127.0.0.1','内网IP','{\r\n  \"parentId\" : [ \"210\" ],\r\n  \"deptName\" : [ \"计算机科学与技术\" ],\r\n  \"orderNum\" : [ \"1\" ],\r\n  \"leader\" : [ \"admin\" ],\r\n  \"phone\" : [ \"15841490867\" ],\r\n  \"email\" : [ \"498155701@qq.com\" ],\r\n  \"status\" : [ \"0\" ]\r\n}','{\r\n  \"msg\" : \"操作成功\",\r\n  \"code\" : 0\r\n}',0,NULL,'2019-12-09 17:50:07'),(133,'角色管理',2,'com.ruoyi.web.controller.system.SysRoleController.editSave()','POST',1,'admin','研发部门','/system/role/edit','127.0.0.1','内网IP','{\r\n  \"roleId\" : [ \"2\" ],\r\n  \"roleName\" : [ \"学生\" ],\r\n  \"roleKey\" : [ \"common\" ],\r\n  \"roleSort\" : [ \"2\" ],\r\n  \"status\" : [ \"0\" ],\r\n  \"remark\" : [ \"普通角色\" ],\r\n  \"menuIds\" : [ \"1,100,1000,1001,1002,1003,1004,1005,1006,101,1007,1008,1009,1010,1011,102,1012,1013,1014,1015,103,1016,1017,1018,1019,104,1020,1021,1022,1023,1024,105,1025,1026,1027,1028,1029,106,1030,1031,1032,1033,1034,107,1035,1036,1037,1038,108,500,1039,1040,1041,1042,501,1043,1044,1045,1046,2,109,1047,1048,1049,110,1050,1051,1052,1053,1054,1055,1056,111,112,3,113,114,1057,1058,1059,1060,1061,115\" ]\r\n}','{\r\n  \"msg\" : \"操作成功\",\r\n  \"code\" : 0\r\n}',0,NULL,'2019-12-09 17:52:39'),(134,'用户管理',2,'com.ruoyi.web.controller.system.SysUserController.editSave()','POST',1,'admin','研发部门','/system/user/edit','127.0.0.1','内网IP','{\r\n  \"userId\" : [ \"1\" ],\r\n  \"deptId\" : [ \"103\" ],\r\n  \"userName\" : [ \"若依\" ],\r\n  \"dept.deptName\" : [ \"计科1601班\" ],\r\n  \"phonenumber\" : [ \"15888888888\" ],\r\n  \"email\" : [ \"ry@163.com\" ],\r\n  \"loginName\" : [ \"admin\" ],\r\n  \"sex\" : [ \"1\" ],\r\n  \"role\" : [ \"1\" ],\r\n  \"remark\" : [ \"管理员\" ],\r\n  \"status\" : [ \"0\" ],\r\n  \"roleIds\" : [ \"1\" ],\r\n  \"postIds\" : [ \"1\" ]\r\n}','null',1,'不允许操作超级管理员用户','2019-12-09 17:53:08'),(135,'角色管理',2,'com.ruoyi.web.controller.system.SysRoleController.editSave()','POST',1,'admin','研发部门','/system/role/edit','127.0.0.1','内网IP','{\r\n  \"roleId\" : [ \"2\" ],\r\n  \"roleName\" : [ \"普通用户\" ],\r\n  \"roleKey\" : [ \"common\" ],\r\n  \"roleSort\" : [ \"2\" ],\r\n  \"status\" : [ \"0\" ],\r\n  \"remark\" : [ \"普通角色\" ],\r\n  \"menuIds\" : [ \"1,100,1000,1001,1002,1003,1004,1005,1006,101,1007,1008,1009,1010,1011,102,1012,1013,1014,1015,103,1016,1017,1018,1019,104,1020,1021,1022,1023,1024,105,1025,1026,1027,1028,1029,106,1030,1031,1032,1033,1034,107,1035,1036,1037,1038,108,500,1039,1040,1041,1042,501,1043,1044,1045,1046,2,109,1047,1048,1049,110,1050,1051,1052,1053,1054,1055,1056,111,112,3,113,114,1057,1058,1059,1060,1061,115\" ]\r\n}','{\r\n  \"msg\" : \"操作成功\",\r\n  \"code\" : 0\r\n}',0,NULL,'2019-12-09 17:53:40'),(136,'岗位管理',2,'com.ruoyi.web.controller.system.SysPostController.editSave()','POST',1,'admin','研发部门','/system/post/edit','127.0.0.1','内网IP','{\r\n  \"postId\" : [ \"1\" ],\r\n  \"postName\" : [ \"院长\" ],\r\n  \"postCode\" : [ \"dean\" ],\r\n  \"postSort\" : [ \"1\" ],\r\n  \"status\" : [ \"0\" ],\r\n  \"remark\" : [ \"\" ]\r\n}','{\r\n  \"msg\" : \"操作成功\",\r\n  \"code\" : 0\r\n}',0,NULL,'2019-12-09 17:55:08'),(137,'岗位管理',2,'com.ruoyi.web.controller.system.SysPostController.editSave()','POST',1,'admin','研发部门','/system/post/edit','127.0.0.1','内网IP','{\r\n  \"postId\" : [ \"2\" ],\r\n  \"postName\" : [ \"教授\" ],\r\n  \"postCode\" : [ \"professor\" ],\r\n  \"postSort\" : [ \"2\" ],\r\n  \"status\" : [ \"0\" ],\r\n  \"remark\" : [ \"\" ]\r\n}','{\r\n  \"msg\" : \"操作成功\",\r\n  \"code\" : 0\r\n}',0,NULL,'2019-12-09 17:55:37'),(138,'岗位管理',2,'com.ruoyi.web.controller.system.SysPostController.editSave()','POST',1,'admin','研发部门','/system/post/edit','127.0.0.1','内网IP','{\r\n  \"postId\" : [ \"3\" ],\r\n  \"postName\" : [ \"副教授\" ],\r\n  \"postCode\" : [ \"associate professor\" ],\r\n  \"postSort\" : [ \"3\" ],\r\n  \"status\" : [ \"0\" ],\r\n  \"remark\" : [ \"\" ]\r\n}','{\r\n  \"msg\" : \"操作成功\",\r\n  \"code\" : 0\r\n}',0,NULL,'2019-12-09 17:56:04'),(139,'岗位管理',2,'com.ruoyi.web.controller.system.SysPostController.editSave()','POST',1,'admin','研发部门','/system/post/edit','127.0.0.1','内网IP','{\r\n  \"postId\" : [ \"4\" ],\r\n  \"postName\" : [ \"lecturer\" ],\r\n  \"postCode\" : [ \"user\" ],\r\n  \"postSort\" : [ \"4\" ],\r\n  \"status\" : [ \"0\" ],\r\n  \"remark\" : [ \"\" ]\r\n}','{\r\n  \"msg\" : \"操作成功\",\r\n  \"code\" : 0\r\n}',0,NULL,'2019-12-09 17:56:25'),(140,'岗位管理',2,'com.ruoyi.web.controller.system.SysPostController.editSave()','POST',1,'admin','研发部门','/system/post/edit','127.0.0.1','内网IP','{\r\n  \"postId\" : [ \"4\" ],\r\n  \"postName\" : [ \"讲师\" ],\r\n  \"postCode\" : [ \"lecturer\" ],\r\n  \"postSort\" : [ \"4\" ],\r\n  \"status\" : [ \"0\" ],\r\n  \"remark\" : [ \"\" ]\r\n}','{\r\n  \"msg\" : \"操作成功\",\r\n  \"code\" : 0\r\n}',0,NULL,'2019-12-09 17:56:37'),(141,'岗位管理',1,'com.ruoyi.web.controller.system.SysPostController.addSave()','POST',1,'admin','研发部门','/system/post/add','127.0.0.1','内网IP','{\r\n  \"postName\" : [ \"学生\" ],\r\n  \"postCode\" : [ \"student\" ],\r\n  \"postSort\" : [ \"5\" ],\r\n  \"status\" : [ \"0\" ],\r\n  \"remark\" : [ \"\" ]\r\n}','{\r\n  \"msg\" : \"操作成功\",\r\n  \"code\" : 0\r\n}',0,NULL,'2019-12-09 17:57:03'),(142,'用户管理',2,'com.ruoyi.web.controller.system.SysUserController.editSave()','POST',1,'admin','研发部门','/system/user/edit','127.0.0.1','内网IP','{\r\n  \"userId\" : [ \"1\" ],\r\n  \"deptId\" : [ \"103\" ],\r\n  \"userName\" : [ \"若依\" ],\r\n  \"dept.deptName\" : [ \"计科1601班\" ],\r\n  \"phonenumber\" : [ \"15888888888\" ],\r\n  \"email\" : [ \"ry@163.com\" ],\r\n  \"loginName\" : [ \"admin\" ],\r\n  \"sex\" : [ \"1\" ],\r\n  \"role\" : [ \"1\" ],\r\n  \"remark\" : [ \"管理员\" ],\r\n  \"status\" : [ \"0\" ],\r\n  \"roleIds\" : [ \"1\" ],\r\n  \"postIds\" : [ \"1\" ]\r\n}','null',1,'不允许操作超级管理员用户','2019-12-09 17:57:16'),(143,'用户管理',2,'com.ruoyi.web.controller.system.SysUserController.editSave()','POST',1,'admin','研发部门','/system/user/edit','127.0.0.1','内网IP','{\r\n  \"userId\" : [ \"1\" ],\r\n  \"deptId\" : [ \"103\" ],\r\n  \"userName\" : [ \"若依\" ],\r\n  \"dept.deptName\" : [ \"计科1601班\" ],\r\n  \"phonenumber\" : [ \"15841490867\" ],\r\n  \"email\" : [ \"ry@163.com\" ],\r\n  \"loginName\" : [ \"admin\" ],\r\n  \"sex\" : [ \"1\" ],\r\n  \"role\" : [ \"1\" ],\r\n  \"remark\" : [ \"管理员\" ],\r\n  \"status\" : [ \"0\" ],\r\n  \"roleIds\" : [ \"1\" ],\r\n  \"postIds\" : [ \"1\" ]\r\n}','null',1,'不允许操作超级管理员用户','2019-12-09 17:57:34'),(144,'菜单管理',2,'com.ruoyi.web.controller.system.SysMenuController.editSave()','POST',1,'admin','研发部门','/system/menu/edit','127.0.0.1','内网IP','{\r\n  \"menuId\" : [ \"108\" ],\r\n  \"parentId\" : [ \"1\" ],\r\n  \"menuType\" : [ \"M\" ],\r\n  \"menuName\" : [ \"日志管理\" ],\r\n  \"url\" : [ \"#\" ],\r\n  \"target\" : [ \"menuItem\" ],\r\n  \"perms\" : [ \"\" ],\r\n  \"orderNum\" : [ \"9\" ],\r\n  \"icon\" : [ \"#\" ],\r\n  \"visible\" : [ \"1\" ]\r\n}','{\r\n  \"msg\" : \"操作成功\",\r\n  \"code\" : 0\r\n}',0,NULL,'2019-12-09 17:59:16'),(145,'菜单管理',2,'com.ruoyi.web.controller.system.SysMenuController.editSave()','POST',1,'admin','研发部门','/system/menu/edit','127.0.0.1','内网IP','{\r\n  \"menuId\" : [ \"107\" ],\r\n  \"parentId\" : [ \"1\" ],\r\n  \"menuType\" : [ \"C\" ],\r\n  \"menuName\" : [ \"通知公告\" ],\r\n  \"url\" : [ \"/system/notice\" ],\r\n  \"target\" : [ \"menuItem\" ],\r\n  \"perms\" : [ \"system:notice:view\" ],\r\n  \"orderNum\" : [ \"8\" ],\r\n  \"icon\" : [ \"#\" ],\r\n  \"visible\" : [ \"1\" ]\r\n}','{\r\n  \"msg\" : \"操作成功\",\r\n  \"code\" : 0\r\n}',0,NULL,'2019-12-09 17:59:33'),(146,'菜单管理',2,'com.ruoyi.web.controller.system.SysMenuController.editSave()','POST',1,'admin','研发部门','/system/menu/edit','127.0.0.1','内网IP','{\r\n  \"menuId\" : [ \"106\" ],\r\n  \"parentId\" : [ \"1\" ],\r\n  \"menuType\" : [ \"C\" ],\r\n  \"menuName\" : [ \"参数设置\" ],\r\n  \"url\" : [ \"/system/config\" ],\r\n  \"target\" : [ \"menuItem\" ],\r\n  \"perms\" : [ \"system:config:view\" ],\r\n  \"orderNum\" : [ \"7\" ],\r\n  \"icon\" : [ \"#\" ],\r\n  \"visible\" : [ \"1\" ]\r\n}','{\r\n  \"msg\" : \"操作成功\",\r\n  \"code\" : 0\r\n}',0,NULL,'2019-12-09 17:59:49'),(147,'用户管理',2,'com.ruoyi.web.controller.system.SysUserController.editSave()','POST',1,'admin','研发部门','/system/user/edit','127.0.0.1','内网IP','{\r\n  \"userId\" : [ \"1\" ],\r\n  \"deptId\" : [ \"103\" ],\r\n  \"userName\" : [ \"admin\" ],\r\n  \"dept.deptName\" : [ \"计科1601班\" ],\r\n  \"phonenumber\" : [ \"15888888888\" ],\r\n  \"email\" : [ \"ry@163.com\" ],\r\n  \"loginName\" : [ \"admin\" ],\r\n  \"sex\" : [ \"1\" ],\r\n  \"role\" : [ \"1\" ],\r\n  \"remark\" : [ \"管理员\" ],\r\n  \"status\" : [ \"0\" ],\r\n  \"roleIds\" : [ \"1\" ],\r\n  \"postIds\" : [ \"1\" ]\r\n}','null',1,'不允许操作超级管理员用户','2019-12-09 18:00:24'),(148,'个人信息',2,'com.ruoyi.web.controller.system.SysProfileController.update()','POST',1,'admin','计科1601班','/system/user/profile/update','127.0.0.1','内网IP','{\r\n  \"id\" : [ \"\" ],\r\n  \"userName\" : [ \"admin\" ],\r\n  \"phonenumber\" : [ \"15888888888\" ],\r\n  \"email\" : [ \"ry@163.com\" ],\r\n  \"sex\" : [ \"1\" ]\r\n}','{\r\n  \"msg\" : \"操作成功\",\r\n  \"code\" : 0\r\n}',0,NULL,'2019-12-09 18:00:37'),(149,'用户管理',2,'com.ruoyi.web.controller.system.SysUserController.editSave()','POST',1,'admin','计科1601班','/system/user/edit','127.0.0.1','内网IP','{\r\n  \"userId\" : [ \"2\" ],\r\n  \"deptId\" : [ \"105\" ],\r\n  \"userName\" : [ \"泊停\" ],\r\n  \"dept.deptName\" : [ \"计科1602班\" ],\r\n  \"phonenumber\" : [ \"15666666666\" ],\r\n  \"email\" : [ \"ry@qq.com\" ],\r\n  \"loginName\" : [ \"ry\" ],\r\n  \"sex\" : [ \"1\" ],\r\n  \"role\" : [ \"2\" ],\r\n  \"remark\" : [ \"测试员\" ],\r\n  \"status\" : [ \"0\" ],\r\n  \"roleIds\" : [ \"2\" ],\r\n  \"postIds\" : [ \"2\" ]\r\n}','{\r\n  \"msg\" : \"操作成功\",\r\n  \"code\" : 0\r\n}',0,NULL,'2019-12-09 18:01:04'),(150,'部门管理',1,'com.ruoyi.web.controller.system.SysDeptController.addSave()','POST',1,'admin','计科1601班','/system/dept/add','127.0.0.1','内网IP','{\r\n  \"parentId\" : [ \"208\" ],\r\n  \"deptName\" : [ \"网络工程\" ],\r\n  \"orderNum\" : [ \"2\" ],\r\n  \"leader\" : [ \"admin\" ],\r\n  \"phone\" : [ \"15841490867\" ],\r\n  \"email\" : [ \"498155701@qq.com\" ],\r\n  \"status\" : [ \"0\" ]\r\n}','{\r\n  \"msg\" : \"操作成功\",\r\n  \"code\" : 0\r\n}',0,NULL,'2019-12-09 18:05:24'),(151,'部门管理',1,'com.ruoyi.web.controller.system.SysDeptController.addSave()','POST',1,'admin','计科1601班','/system/dept/add','127.0.0.1','内网IP','{\r\n  \"parentId\" : [ \"208\" ],\r\n  \"deptName\" : [ \"软件工程\" ],\r\n  \"orderNum\" : [ \"3\" ],\r\n  \"leader\" : [ \"admin\" ],\r\n  \"phone\" : [ \"15841490867\" ],\r\n  \"email\" : [ \"498155701@qq.com\" ],\r\n  \"status\" : [ \"0\" ]\r\n}','{\r\n  \"msg\" : \"操作成功\",\r\n  \"code\" : 0\r\n}',0,NULL,'2019-12-09 18:05:45'),(152,'部门管理',1,'com.ruoyi.web.controller.system.SysDeptController.addSave()','POST',1,'admin','计科1601班','/system/dept/add','127.0.0.1','内网IP','{\r\n  \"parentId\" : [ \"208\" ],\r\n  \"deptName\" : [ \"物联网工程\" ],\r\n  \"orderNum\" : [ \"4\" ],\r\n  \"leader\" : [ \"admin\" ],\r\n  \"phone\" : [ \"15841490867\" ],\r\n  \"email\" : [ \"498155701@qq.com\" ],\r\n  \"status\" : [ \"0\" ]\r\n}','{\r\n  \"msg\" : \"操作成功\",\r\n  \"code\" : 0\r\n}',0,NULL,'2019-12-09 18:06:12'),(153,'角色管理',2,'com.ruoyi.web.controller.system.SysRoleController.editSave()','POST',1,'admin','计科1601班','/system/role/edit','127.0.0.1','内网IP','{\r\n  \"roleId\" : [ \"2\" ],\r\n  \"roleName\" : [ \"学生\" ],\r\n  \"roleKey\" : [ \"common\" ],\r\n  \"roleSort\" : [ \"2\" ],\r\n  \"status\" : [ \"0\" ],\r\n  \"remark\" : [ \"普通角色\" ],\r\n  \"menuIds\" : [ \"1,100,1000,1001,1002,1003,1004,1005,1006,101,1007,1008,1009,1010,1011,102,1012,1013,1014,1015,103,1016,1017,1018,1019,104,1020,1021,1022,1023,1024,105,1025,1026,1027,1028,1029,106,1030,1031,1032,1033,1034,107,1035,1036,1037,1038,108,500,1039,1040,1041,1042,501,1043,1044,1045,1046,2,109,1047,1048,1049,110,1050,1051,1052,1053,1054,1055,1056,111,112,3,113,114,1057,1058,1059,1060,1061,115\" ]\r\n}','{\r\n  \"msg\" : \"操作成功\",\r\n  \"code\" : 0\r\n}',0,NULL,'2019-12-09 18:26:27'),(154,'角色管理',2,'com.ruoyi.web.controller.system.SysRoleController.editSave()','POST',1,'admin','计科1601班','/system/role/edit','127.0.0.1','内网IP','{\r\n  \"roleId\" : [ \"1\" ],\r\n  \"roleName\" : [ \"教师\" ],\r\n  \"roleKey\" : [ \"admin\" ],\r\n  \"roleSort\" : [ \"1\" ],\r\n  \"status\" : [ \"0\" ],\r\n  \"remark\" : [ \"管理员\" ],\r\n  \"menuIds\" : [ \"\" ]\r\n}','null',1,'不允许操作超级管理员角色','2019-12-09 18:26:36'),(155,'角色管理',1,'com.ruoyi.web.controller.system.SysRoleController.addSave()','POST',1,'admin','计科1601班','/system/role/add','127.0.0.1','内网IP','{\r\n  \"roleName\" : [ \"教师\" ],\r\n  \"roleKey\" : [ \"teacher\" ],\r\n  \"roleSort\" : [ \"2\" ],\r\n  \"status\" : [ \"0\" ],\r\n  \"remark\" : [ \"\" ],\r\n  \"menuIds\" : [ \"\" ]\r\n}','{\r\n  \"msg\" : \"操作成功\",\r\n  \"code\" : 0\r\n}',0,NULL,'2019-12-10 19:26:58'),(156,'角色管理',2,'com.ruoyi.web.controller.system.SysRoleController.editSave()','POST',1,'admin','计科1601班','/system/role/edit','127.0.0.1','内网IP','{\r\n  \"roleId\" : [ \"2\" ],\r\n  \"roleName\" : [ \"学生\" ],\r\n  \"roleKey\" : [ \"common\" ],\r\n  \"roleSort\" : [ \"3\" ],\r\n  \"status\" : [ \"0\" ],\r\n  \"remark\" : [ \"普通角色\" ],\r\n  \"menuIds\" : [ \"1,100,1000,1001,1002,1003,1004,1005,1006,101,1007,1008,1009,1010,1011,102,1012,1013,1014,1015,103,1016,1017,1018,1019,104,1020,1021,1022,1023,1024,105,1025,1026,1027,1028,1029,106,1030,1031,1032,1033,1034,107,1035,1036,1037,1038,108,500,1039,1040,1041,1042,501,1043,1044,1045,1046,2,109,1047,1048,1049,110,1050,1051,1052,1053,1054,1055,1056,111,112,3,113,114,1057,1058,1059,1060,1061,115\" ]\r\n}','{\r\n  \"msg\" : \"操作成功\",\r\n  \"code\" : 0\r\n}',0,NULL,'2019-12-10 19:27:04'),(157,'角色管理',2,'com.ruoyi.web.controller.system.SysRoleController.editSave()','POST',1,'admin','计科1601班','/system/role/edit','127.0.0.1','内网IP','{\r\n  \"roleId\" : [ \"1\" ],\r\n  \"roleName\" : [ \"管理员\" ],\r\n  \"roleKey\" : [ \"admin\" ],\r\n  \"roleSort\" : [ \"1\" ],\r\n  \"status\" : [ \"0\" ],\r\n  \"remark\" : [ \"管理员\" ],\r\n  \"menuIds\" : [ \"1,100,1000,1001,1002,1003,1004,1005,1006,101,1007,1008,1009,1010,1011,102,1012,1013,1014,1015,103,1016,1017,1018,1019,104,1020,1021,1022,1023,1024,105,1025,1026,1027,1028,1029,106,1030,1031,1032,1033,1034,107,1035,1036,1037,1038,108,500,1039,1040,1041,1042,501,1043,1044,1045,1046,2,109,1047,1048,1049,110,1050,1051,1052,1053,1054,1055,1056,111,112,3,113,114,1057,1058,1059,1060,1061,115\" ]\r\n}','null',1,'不允许操作超级管理员角色','2019-12-10 19:27:12'),(158,'重置密码',2,'com.ruoyi.web.controller.system.SysUserController.resetPwd()','GET',1,'admin','计科1601班','/system/user/resetPwd/2','127.0.0.1','内网IP','{ }','\"system/user/resetPwd\"',0,NULL,'2019-12-10 19:59:19'),(159,'菜单管理',1,'com.ruoyi.web.controller.system.SysMenuController.addSave()','POST',1,'admin','计科1601班','/system/menu/add','127.0.0.1','内网IP','{\r\n  \"parentId\" : [ \"0\" ],\r\n  \"menuType\" : [ \"M\" ],\r\n  \"menuName\" : [ \"信息管理\" ],\r\n  \"url\" : [ \"\" ],\r\n  \"target\" : [ \"menuItem\" ],\r\n  \"perms\" : [ \"\" ],\r\n  \"orderNum\" : [ \"0\" ],\r\n  \"icon\" : [ \"fa fa-address-book\" ],\r\n  \"visible\" : [ \"0\" ]\r\n}','{\r\n  \"msg\" : \"操作成功\",\r\n  \"code\" : 0\r\n}',0,NULL,'2019-12-11 15:44:51'),(160,'菜单管理',1,'com.ruoyi.web.controller.system.SysMenuController.addSave()','POST',1,'admin','计科1601班','/system/menu/add','127.0.0.1','内网IP','{\r\n  \"parentId\" : [ \"1062\" ],\r\n  \"menuType\" : [ \"C\" ],\r\n  \"menuName\" : [ \"学生信息管理\" ],\r\n  \"url\" : [ \"/system/user\" ],\r\n  \"target\" : [ \"menuItem\" ],\r\n  \"perms\" : [ \"common\" ],\r\n  \"orderNum\" : [ \"1\" ],\r\n  \"icon\" : [ \"fa fa-address-card\" ],\r\n  \"visible\" : [ \"0\" ]\r\n}','{\r\n  \"msg\" : \"操作成功\",\r\n  \"code\" : 0\r\n}',0,NULL,'2019-12-11 15:45:58'),(161,'菜单管理',2,'com.ruoyi.web.controller.system.SysMenuController.editSave()','POST',1,'admin','计科1601班','/system/menu/edit','127.0.0.1','内网IP','{\r\n  \"menuId\" : [ \"1063\" ],\r\n  \"parentId\" : [ \"1062\" ],\r\n  \"menuType\" : [ \"C\" ],\r\n  \"menuName\" : [ \"学生信息管理\" ],\r\n  \"url\" : [ \"/project/student\" ],\r\n  \"target\" : [ \"menuItem\" ],\r\n  \"perms\" : [ \"common\" ],\r\n  \"orderNum\" : [ \"1\" ],\r\n  \"icon\" : [ \"fa fa-address-card\" ],\r\n  \"visible\" : [ \"0\" ]\r\n}','{\r\n  \"msg\" : \"操作成功\",\r\n  \"code\" : 0\r\n}',0,NULL,'2019-12-11 15:47:15'),(162,'菜单管理',2,'com.ruoyi.web.controller.system.SysMenuController.editSave()','POST',1,'admin','计科1601班','/system/menu/edit','127.0.0.1','内网IP','{\r\n  \"menuId\" : [ \"1063\" ],\r\n  \"parentId\" : [ \"1062\" ],\r\n  \"menuType\" : [ \"C\" ],\r\n  \"menuName\" : [ \"学生信息管理\" ],\r\n  \"url\" : [ \"/project/student\" ],\r\n  \"target\" : [ \"menuItem\" ],\r\n  \"perms\" : [ \"\" ],\r\n  \"orderNum\" : [ \"1\" ],\r\n  \"icon\" : [ \"fa fa-address-card\" ],\r\n  \"visible\" : [ \"0\" ]\r\n}','{\r\n  \"msg\" : \"操作成功\",\r\n  \"code\" : 0\r\n}',0,NULL,'2019-12-12 15:19:58'),(163,'字典类型',1,'com.ruoyi.web.controller.system.SysDictTypeController.addSave()','POST',1,'admin','计科1601班','/system/dict/add','127.0.0.1','内网IP','{\r\n  \"dictName\" : [ \"院系编码\" ],\r\n  \"dictType\" : [ \"sau_department_id\" ],\r\n  \"status\" : [ \"0\" ],\r\n  \"remark\" : [ \"\" ]\r\n}','{\r\n  \"msg\" : \"操作成功\",\r\n  \"code\" : 0\r\n}',0,NULL,'2019-12-12 16:49:26'),(164,'字典类型',2,'com.ruoyi.web.controller.system.SysDictTypeController.editSave()','POST',1,'admin','计科1601班','/system/dict/edit','127.0.0.1','内网IP','{\r\n  \"dictId\" : [ \"11\" ],\r\n  \"dictName\" : [ \"院系编码\" ],\r\n  \"dictType\" : [ \"sau_department_id\" ],\r\n  \"status\" : [ \"0\" ],\r\n  \"remark\" : [ \"学院系号列表\" ]\r\n}','{\r\n  \"msg\" : \"操作成功\",\r\n  \"code\" : 0\r\n}',0,NULL,'2019-12-12 16:49:54'),(165,'字典类型',2,'com.ruoyi.web.controller.system.SysDictTypeController.editSave()','POST',1,'admin','计科1601班','/system/dict/edit','127.0.0.1','内网IP','{\r\n  \"dictId\" : [ \"11\" ],\r\n  \"dictName\" : [ \"院系编码\" ],\r\n  \"dictType\" : [ \"sau_department_id\" ],\r\n  \"status\" : [ \"0\" ],\r\n  \"remark\" : [ \"学院系号列表\" ]\r\n}','{\r\n  \"msg\" : \"操作成功\",\r\n  \"code\" : 0\r\n}',0,NULL,'2019-12-12 16:49:58'),(166,'字典数据',1,'com.ruoyi.web.controller.system.SysDictDataController.addSave()','POST',1,'admin','计科1601班','/system/dict/data/add','127.0.0.1','内网IP','{\r\n  \"dictLabel\" : [ \"计算机科学与技术\" ],\r\n  \"dictValue\" : [ \"1\" ],\r\n  \"dictType\" : [ \"sau_department_id\" ],\r\n  \"cssClass\" : [ \"\" ],\r\n  \"dictSort\" : [ \"1\" ],\r\n  \"listClass\" : [ \"\" ],\r\n  \"isDefault\" : [ \"Y\" ],\r\n  \"status\" : [ \"0\" ],\r\n  \"remark\" : [ \"\" ]\r\n}','{\r\n  \"msg\" : \"操作成功\",\r\n  \"code\" : 0\r\n}',0,NULL,'2019-12-12 16:51:05'),(167,'字典数据',1,'com.ruoyi.web.controller.system.SysDictDataController.addSave()','POST',1,'admin','计科1601班','/system/dict/data/add','127.0.0.1','内网IP','{\r\n  \"dictLabel\" : [ \"网络工程\" ],\r\n  \"dictValue\" : [ \"2\" ],\r\n  \"dictType\" : [ \"sau_department_id\" ],\r\n  \"cssClass\" : [ \"\" ],\r\n  \"dictSort\" : [ \"2\" ],\r\n  \"listClass\" : [ \"\" ],\r\n  \"isDefault\" : [ \"Y\" ],\r\n  \"status\" : [ \"0\" ],\r\n  \"remark\" : [ \"\" ]\r\n}','{\r\n  \"msg\" : \"操作成功\",\r\n  \"code\" : 0\r\n}',0,NULL,'2019-12-12 16:51:22'),(168,'字典数据',1,'com.ruoyi.web.controller.system.SysDictDataController.addSave()','POST',1,'admin','计科1601班','/system/dict/data/add','127.0.0.1','内网IP','{\r\n  \"dictLabel\" : [ \"软件工程\" ],\r\n  \"dictValue\" : [ \"3\" ],\r\n  \"dictType\" : [ \"sau_department_id\" ],\r\n  \"cssClass\" : [ \"\" ],\r\n  \"dictSort\" : [ \"3\" ],\r\n  \"listClass\" : [ \"\" ],\r\n  \"isDefault\" : [ \"Y\" ],\r\n  \"status\" : [ \"0\" ],\r\n  \"remark\" : [ \"\" ]\r\n}','{\r\n  \"msg\" : \"操作成功\",\r\n  \"code\" : 0\r\n}',0,NULL,'2019-12-12 16:52:02'),(169,'字典数据',1,'com.ruoyi.web.controller.system.SysDictDataController.addSave()','POST',1,'admin','计科1601班','/system/dict/data/add','127.0.0.1','内网IP','{\r\n  \"dictLabel\" : [ \"物联网工程\" ],\r\n  \"dictValue\" : [ \"4\" ],\r\n  \"dictType\" : [ \"sau_department_id\" ],\r\n  \"cssClass\" : [ \"\" ],\r\n  \"dictSort\" : [ \"4\" ],\r\n  \"listClass\" : [ \"\" ],\r\n  \"isDefault\" : [ \"Y\" ],\r\n  \"status\" : [ \"0\" ],\r\n  \"remark\" : [ \"\" ]\r\n}','{\r\n  \"msg\" : \"操作成功\",\r\n  \"code\" : 0\r\n}',0,NULL,'2019-12-12 16:52:24'),(170,'个人信息',2,'com.ruoyi.web.controller.system.SysProfileController.update()','POST',1,'admin','计科1601班','/system/user/profile/update','127.0.0.1','内网IP','{\r\n  \"id\" : [ \"\" ],\r\n  \"userName\" : [ \"泊停\" ],\r\n  \"phonenumber\" : [ \"15841490867\" ],\r\n  \"email\" : [ \"498155701@qq.com\" ],\r\n  \"sex\" : [ \"1\" ]\r\n}','{\r\n  \"msg\" : \"操作成功\",\r\n  \"code\" : 0\r\n}',0,NULL,'2019-12-12 19:48:16'),(171,'用户管理',2,'com.ruoyi.web.controller.system.SysUserController.editSave()','POST',1,'admin','计科1601班','/system/user/edit','127.0.0.1','内网IP','{\r\n  \"userId\" : [ \"2\" ],\r\n  \"deptId\" : [ \"105\" ],\r\n  \"userName\" : [ \"ry\" ],\r\n  \"dept.deptName\" : [ \"计科1602班\" ],\r\n  \"phonenumber\" : [ \"15666666666\" ],\r\n  \"email\" : [ \"ry@qq.com\" ],\r\n  \"loginName\" : [ \"ry\" ],\r\n  \"sex\" : [ \"1\" ],\r\n  \"role\" : [ \"2\" ],\r\n  \"remark\" : [ \"测试员\" ],\r\n  \"status\" : [ \"0\" ],\r\n  \"roleIds\" : [ \"2\" ],\r\n  \"postIds\" : [ \"2\" ]\r\n}','{\r\n  \"msg\" : \"操作成功\",\r\n  \"code\" : 0\r\n}',0,NULL,'2019-12-12 19:49:10'),(172,'用户管理',2,'com.ruoyi.web.controller.system.SysUserController.editSave()','POST',1,'admin','计科1601班','/system/user/edit','127.0.0.1','内网IP','{\r\n  \"userId\" : [ \"1\" ],\r\n  \"deptId\" : [ \"104\" ],\r\n  \"userName\" : [ \"泊停\" ],\r\n  \"dept.deptName\" : [ \"计科1603班\" ],\r\n  \"phonenumber\" : [ \"15841490867\" ],\r\n  \"email\" : [ \"498155701@qq.com\" ],\r\n  \"loginName\" : [ \"admin\" ],\r\n  \"sex\" : [ \"1\" ],\r\n  \"role\" : [ \"1\" ],\r\n  \"remark\" : [ \"管理员\" ],\r\n  \"status\" : [ \"0\" ],\r\n  \"roleIds\" : [ \"1\" ],\r\n  \"postIds\" : [ \"5\" ]\r\n}','null',1,'不允许操作超级管理员用户','2019-12-12 19:49:32'),(173,'角色管理',2,'com.ruoyi.web.controller.system.SysRoleController.editSave()','POST',1,'admin','计科1601班','/system/role/edit','127.0.0.1','内网IP','{\r\n  \"roleId\" : [ \"1\" ],\r\n  \"roleName\" : [ \"管理员\" ],\r\n  \"roleKey\" : [ \"admin\" ],\r\n  \"roleSort\" : [ \"1\" ],\r\n  \"status\" : [ \"0\" ],\r\n  \"remark\" : [ \"管理员\" ],\r\n  \"menuIds\" : [ \"1062,1063,1,100,1000,1001,1002,1003,1004,1005,1006,101,1007,1008,1009,1010,1011,102,1012,1013,1014,1015,103,1016,1017,1018,1019,104,1020,1021,1022,1023,1024,105,1025,1026,1027,1028,1029,106,1030,1031,1032,1033,1034,107,1035,1036,1037,1038,108,500,1039,1040,1041,1042,501,1043,1044,1045,1046,2,109,1047,1048,1049,110,1050,1051,1052,1053,1054,1055,1056,111,112,3,113,114,1057,1058,1059,1060,1061,115\" ]\r\n}','null',1,'不允许操作超级管理员角色','2019-12-16 10:02:43'),(174,'角色管理',2,'com.ruoyi.web.controller.system.SysRoleController.editSave()','POST',1,'admin','计科1601班','/system/role/edit','127.0.0.1','内网IP','{\r\n  \"roleId\" : [ \"100\" ],\r\n  \"roleName\" : [ \"教师\" ],\r\n  \"roleKey\" : [ \"teacher\" ],\r\n  \"roleSort\" : [ \"2\" ],\r\n  \"status\" : [ \"0\" ],\r\n  \"remark\" : [ \"\" ],\r\n  \"menuIds\" : [ \"1062,1063\" ]\r\n}','{\r\n  \"msg\" : \"操作成功\",\r\n  \"code\" : 0\r\n}',0,NULL,'2019-12-16 10:02:51'),(175,'菜单管理',1,'com.ruoyi.web.controller.system.SysMenuController.addSave()','POST',1,'admin','计科1601班','/system/menu/add','127.0.0.1','内网IP','{\r\n  \"parentId\" : [ \"0\" ],\r\n  \"menuType\" : [ \"C\" ],\r\n  \"menuName\" : [ \"教师信息管理\" ],\r\n  \"url\" : [ \"/project/teacher\" ],\r\n  \"target\" : [ \"menuItem\" ],\r\n  \"perms\" : [ \"\" ],\r\n  \"orderNum\" : [ \"2\" ],\r\n  \"icon\" : [ \"fa fa-address-card\" ],\r\n  \"visible\" : [ \"0\" ]\r\n}','{\r\n  \"msg\" : \"操作成功\",\r\n  \"code\" : 0\r\n}',0,NULL,'2019-12-16 10:12:40'),(176,'菜单管理',3,'com.ruoyi.web.controller.system.SysMenuController.remove()','GET',1,'admin','计科1601班','/system/menu/remove/1064','127.0.0.1','内网IP','{ }','{\r\n  \"msg\" : \"操作成功\",\r\n  \"code\" : 0\r\n}',0,NULL,'2019-12-16 10:12:58'),(177,'菜单管理',1,'com.ruoyi.web.controller.system.SysMenuController.addSave()','POST',1,'admin','计科1601班','/system/menu/add','127.0.0.1','内网IP','{\r\n  \"parentId\" : [ \"1062\" ],\r\n  \"menuType\" : [ \"C\" ],\r\n  \"menuName\" : [ \"教师信息管理\" ],\r\n  \"url\" : [ \"/project/teacher\" ],\r\n  \"target\" : [ \"menuItem\" ],\r\n  \"perms\" : [ \"\" ],\r\n  \"orderNum\" : [ \"2\" ],\r\n  \"icon\" : [ \"fa fa-address-card\" ],\r\n  \"visible\" : [ \"0\" ]\r\n}','{\r\n  \"msg\" : \"操作成功\",\r\n  \"code\" : 0\r\n}',0,NULL,'2019-12-16 10:13:20'),(178,'菜单管理',1,'com.ruoyi.web.controller.system.SysMenuController.addSave()','POST',1,'admin','计科1601班','/system/menu/add','127.0.0.1','内网IP','{\r\n  \"parentId\" : [ \"1062\" ],\r\n  \"menuType\" : [ \"C\" ],\r\n  \"menuName\" : [ \"课程信息管理\" ],\r\n  \"url\" : [ \"/project/course\" ],\r\n  \"target\" : [ \"menuItem\" ],\r\n  \"perms\" : [ \"\" ],\r\n  \"orderNum\" : [ \"3\" ],\r\n  \"icon\" : [ \"fa fa-address-card\" ],\r\n  \"visible\" : [ \"0\" ]\r\n}','{\r\n  \"msg\" : \"操作成功\",\r\n  \"code\" : 0\r\n}',0,NULL,'2019-12-16 10:14:01'),(179,'角色管理',2,'com.ruoyi.web.controller.system.SysRoleController.editSave()','POST',1,'admin','计科1601班','/system/role/edit','127.0.0.1','内网IP','{\r\n  \"roleId\" : [ \"2\" ],\r\n  \"roleName\" : [ \"学生\" ],\r\n  \"roleKey\" : [ \"common\" ],\r\n  \"roleSort\" : [ \"3\" ],\r\n  \"status\" : [ \"0\" ],\r\n  \"remark\" : [ \"普通角色\" ],\r\n  \"menuIds\" : [ \"1062,1063,1065,1066\" ]\r\n}','{\r\n  \"msg\" : \"操作成功\",\r\n  \"code\" : 0\r\n}',0,NULL,'2019-12-16 10:26:20'),(180,'用户管理',1,'com.ruoyi.web.controller.system.SysUserController.addSave()','POST',1,'admin','计科1601班','/system/user/add','127.0.0.1','内网IP','{\r\n  \"deptId\" : [ \"103\" ],\r\n  \"userName\" : [ \"test\" ],\r\n  \"deptName\" : [ \"计科1601班\" ],\r\n  \"phonenumber\" : [ \"15888888888\" ],\r\n  \"email\" : [ \"498165701@qq.com\" ],\r\n  \"loginName\" : [ \"test\" ],\r\n  \"password\" : [ \"admin123\" ],\r\n  \"sex\" : [ \"0\" ],\r\n  \"role\" : [ \"2\" ],\r\n  \"remark\" : [ \"\" ],\r\n  \"status\" : [ \"0\" ],\r\n  \"roleIds\" : [ \"2\" ],\r\n  \"postIds\" : [ \"\" ]\r\n}','{\r\n  \"msg\" : \"操作成功\",\r\n  \"code\" : 0\r\n}',0,NULL,'2019-12-16 10:29:46'),(181,'菜单管理',2,'com.ruoyi.web.controller.system.SysMenuController.editSave()','POST',1,'admin','计科1601班','/system/menu/edit','127.0.0.1','内网IP','{\r\n  \"menuId\" : [ \"1\" ],\r\n  \"parentId\" : [ \"0\" ],\r\n  \"menuType\" : [ \"M\" ],\r\n  \"menuName\" : [ \"系统管理\" ],\r\n  \"url\" : [ \"#\" ],\r\n  \"target\" : [ \"menuItem\" ],\r\n  \"perms\" : [ \"\" ],\r\n  \"orderNum\" : [ \"3\" ],\r\n  \"icon\" : [ \"fa fa-gear\" ],\r\n  \"visible\" : [ \"0\" ]\r\n}','{\r\n  \"msg\" : \"操作成功\",\r\n  \"code\" : 0\r\n}',0,NULL,'2019-12-16 19:11:12'),(182,'菜单管理',2,'com.ruoyi.web.controller.system.SysMenuController.editSave()','POST',1,'admin','计科1601班','/system/menu/edit','127.0.0.1','内网IP','{\r\n  \"menuId\" : [ \"2\" ],\r\n  \"parentId\" : [ \"0\" ],\r\n  \"menuType\" : [ \"M\" ],\r\n  \"menuName\" : [ \"系统监控\" ],\r\n  \"url\" : [ \"#\" ],\r\n  \"target\" : [ \"menuItem\" ],\r\n  \"perms\" : [ \"\" ],\r\n  \"orderNum\" : [ \"4\" ],\r\n  \"icon\" : [ \"fa fa-video-camera\" ],\r\n  \"visible\" : [ \"1\" ]\r\n}','{\r\n  \"msg\" : \"操作成功\",\r\n  \"code\" : 0\r\n}',0,NULL,'2019-12-16 19:11:21'),(183,'菜单管理',2,'com.ruoyi.web.controller.system.SysMenuController.editSave()','POST',1,'admin','计科1601班','/system/menu/edit','127.0.0.1','内网IP','{\r\n  \"menuId\" : [ \"3\" ],\r\n  \"parentId\" : [ \"0\" ],\r\n  \"menuType\" : [ \"M\" ],\r\n  \"menuName\" : [ \"系统工具\" ],\r\n  \"url\" : [ \"#\" ],\r\n  \"target\" : [ \"menuItem\" ],\r\n  \"perms\" : [ \"\" ],\r\n  \"orderNum\" : [ \"4\" ],\r\n  \"icon\" : [ \"fa fa-bars\" ],\r\n  \"visible\" : [ \"0\" ]\r\n}','{\r\n  \"msg\" : \"操作成功\",\r\n  \"code\" : 0\r\n}',0,NULL,'2019-12-16 19:11:47'),(184,'菜单管理',2,'com.ruoyi.web.controller.system.SysMenuController.editSave()','POST',1,'admin','计科1601班','/system/menu/edit','127.0.0.1','内网IP','{\r\n  \"menuId\" : [ \"2\" ],\r\n  \"parentId\" : [ \"0\" ],\r\n  \"menuType\" : [ \"M\" ],\r\n  \"menuName\" : [ \"系统监控\" ],\r\n  \"url\" : [ \"#\" ],\r\n  \"target\" : [ \"menuItem\" ],\r\n  \"perms\" : [ \"\" ],\r\n  \"orderNum\" : [ \"5\" ],\r\n  \"icon\" : [ \"fa fa-video-camera\" ],\r\n  \"visible\" : [ \"1\" ]\r\n}','{\r\n  \"msg\" : \"操作成功\",\r\n  \"code\" : 0\r\n}',0,NULL,'2019-12-16 19:11:57'),(185,'菜单管理',1,'com.ruoyi.web.controller.system.SysMenuController.addSave()','POST',1,'admin','计科1601班','/system/menu/add','127.0.0.1','内网IP','{\r\n  \"parentId\" : [ \"0\" ],\r\n  \"menuType\" : [ \"M\" ],\r\n  \"menuName\" : [ \"学生选课\" ],\r\n  \"url\" : [ \"\" ],\r\n  \"target\" : [ \"menuItem\" ],\r\n  \"perms\" : [ \"\" ],\r\n  \"orderNum\" : [ \"1\" ],\r\n  \"icon\" : [ \"\" ],\r\n  \"visible\" : [ \"0\" ]\r\n}','{\r\n  \"msg\" : \"操作成功\",\r\n  \"code\" : 0\r\n}',0,NULL,'2019-12-16 19:12:31'),(186,'菜单管理',1,'com.ruoyi.web.controller.system.SysMenuController.addSave()','POST',1,'admin','计科1601班','/system/menu/add','127.0.0.1','内网IP','{\r\n  \"parentId\" : [ \"0\" ],\r\n  \"menuType\" : [ \"M\" ],\r\n  \"menuName\" : [ \"成绩录入\" ],\r\n  \"url\" : [ \"\" ],\r\n  \"target\" : [ \"menuItem\" ],\r\n  \"perms\" : [ \"\" ],\r\n  \"orderNum\" : [ \"2\" ],\r\n  \"icon\" : [ \"\" ],\r\n  \"visible\" : [ \"0\" ]\r\n}','{\r\n  \"msg\" : \"操作成功\",\r\n  \"code\" : 0\r\n}',0,NULL,'2019-12-16 19:12:53'),(187,'菜单管理',2,'com.ruoyi.web.controller.system.SysMenuController.editSave()','POST',1,'admin','计科1601班','/system/menu/edit','127.0.0.1','内网IP','{\r\n  \"menuId\" : [ \"1067\" ],\r\n  \"parentId\" : [ \"0\" ],\r\n  \"menuType\" : [ \"M\" ],\r\n  \"menuName\" : [ \"学生选课\" ],\r\n  \"url\" : [ \"#\" ],\r\n  \"target\" : [ \"menuItem\" ],\r\n  \"perms\" : [ \"\" ],\r\n  \"orderNum\" : [ \"1\" ],\r\n  \"icon\" : [ \"fa fa-address-book-o\" ],\r\n  \"visible\" : [ \"0\" ]\r\n}','{\r\n  \"msg\" : \"操作成功\",\r\n  \"code\" : 0\r\n}',0,NULL,'2019-12-16 19:13:45'),(188,'菜单管理',2,'com.ruoyi.web.controller.system.SysMenuController.editSave()','POST',1,'admin','计科1601班','/system/menu/edit','127.0.0.1','内网IP','{\r\n  \"menuId\" : [ \"1067\" ],\r\n  \"parentId\" : [ \"0\" ],\r\n  \"menuType\" : [ \"M\" ],\r\n  \"menuName\" : [ \"学生选课\" ],\r\n  \"url\" : [ \"#\" ],\r\n  \"target\" : [ \"menuItem\" ],\r\n  \"perms\" : [ \"\" ],\r\n  \"orderNum\" : [ \"1\" ],\r\n  \"icon\" : [ \"fa fa-address-book\" ],\r\n  \"visible\" : [ \"0\" ]\r\n}','{\r\n  \"msg\" : \"操作成功\",\r\n  \"code\" : 0\r\n}',0,NULL,'2019-12-16 19:13:54'),(189,'菜单管理',2,'com.ruoyi.web.controller.system.SysMenuController.editSave()','POST',1,'admin','计科1601班','/system/menu/edit','127.0.0.1','内网IP','{\r\n  \"menuId\" : [ \"1068\" ],\r\n  \"parentId\" : [ \"0\" ],\r\n  \"menuType\" : [ \"M\" ],\r\n  \"menuName\" : [ \"成绩录入\" ],\r\n  \"url\" : [ \"#\" ],\r\n  \"target\" : [ \"menuItem\" ],\r\n  \"perms\" : [ \"\" ],\r\n  \"orderNum\" : [ \"2\" ],\r\n  \"icon\" : [ \"fa fa-address-book\" ],\r\n  \"visible\" : [ \"0\" ]\r\n}','{\r\n  \"msg\" : \"操作成功\",\r\n  \"code\" : 0\r\n}',0,NULL,'2019-12-16 19:14:00'),(190,'菜单管理',2,'com.ruoyi.web.controller.system.SysMenuController.editSave()','POST',1,'admin','计科1601班','/system/menu/edit','127.0.0.1','内网IP','{\r\n  \"menuId\" : [ \"1067\" ],\r\n  \"parentId\" : [ \"0\" ],\r\n  \"menuType\" : [ \"M\" ],\r\n  \"menuName\" : [ \"学生选课\" ],\r\n  \"url\" : [ \"#\" ],\r\n  \"target\" : [ \"menuItem\" ],\r\n  \"perms\" : [ \"\" ],\r\n  \"orderNum\" : [ \"1\" ],\r\n  \"icon\" : [ \"fa fa-bar-chart-o\" ],\r\n  \"visible\" : [ \"0\" ]\r\n}','{\r\n  \"msg\" : \"操作成功\",\r\n  \"code\" : 0\r\n}',0,NULL,'2019-12-16 19:14:29'),(191,'菜单管理',2,'com.ruoyi.web.controller.system.SysMenuController.editSave()','POST',1,'admin','计科1601班','/system/menu/edit','127.0.0.1','内网IP','{\r\n  \"menuId\" : [ \"1068\" ],\r\n  \"parentId\" : [ \"0\" ],\r\n  \"menuType\" : [ \"M\" ],\r\n  \"menuName\" : [ \"成绩录入\" ],\r\n  \"url\" : [ \"#\" ],\r\n  \"target\" : [ \"menuItem\" ],\r\n  \"perms\" : [ \"\" ],\r\n  \"orderNum\" : [ \"2\" ],\r\n  \"icon\" : [ \"fa fa-bars\" ],\r\n  \"visible\" : [ \"0\" ]\r\n}','{\r\n  \"msg\" : \"操作成功\",\r\n  \"code\" : 0\r\n}',0,NULL,'2019-12-16 19:14:44'),(192,'菜单管理',2,'com.ruoyi.web.controller.system.SysMenuController.editSave()','POST',1,'admin','计科1601班','/system/menu/edit','127.0.0.1','内网IP','{\r\n  \"menuId\" : [ \"1068\" ],\r\n  \"parentId\" : [ \"0\" ],\r\n  \"menuType\" : [ \"M\" ],\r\n  \"menuName\" : [ \"成绩管理\" ],\r\n  \"url\" : [ \"#\" ],\r\n  \"target\" : [ \"menuItem\" ],\r\n  \"perms\" : [ \"\" ],\r\n  \"orderNum\" : [ \"2\" ],\r\n  \"icon\" : [ \"fa fa-bars\" ],\r\n  \"visible\" : [ \"0\" ]\r\n}','{\r\n  \"msg\" : \"操作成功\",\r\n  \"code\" : 0\r\n}',0,NULL,'2019-12-16 19:16:53'),(193,'菜单管理',1,'com.ruoyi.web.controller.system.SysMenuController.addSave()','POST',1,'admin','计科1601班','/system/menu/add','127.0.0.1','内网IP','{\r\n  \"parentId\" : [ \"1067\" ],\r\n  \"menuType\" : [ \"C\" ],\r\n  \"menuName\" : [ \"已选课程\" ],\r\n  \"url\" : [ \"\" ],\r\n  \"target\" : [ \"menuItem\" ],\r\n  \"perms\" : [ \"\" ],\r\n  \"orderNum\" : [ \"1\" ],\r\n  \"icon\" : [ \"\" ],\r\n  \"visible\" : [ \"0\" ]\r\n}','{\r\n  \"msg\" : \"操作成功\",\r\n  \"code\" : 0\r\n}',0,NULL,'2019-12-16 19:21:11'),(194,'菜单管理',1,'com.ruoyi.web.controller.system.SysMenuController.addSave()','POST',1,'admin','计科1601班','/system/menu/add','127.0.0.1','内网IP','{\r\n  \"parentId\" : [ \"1067\" ],\r\n  \"menuType\" : [ \"C\" ],\r\n  \"menuName\" : [ \"可选课程\" ],\r\n  \"url\" : [ \"\" ],\r\n  \"target\" : [ \"menuItem\" ],\r\n  \"perms\" : [ \"\" ],\r\n  \"orderNum\" : [ \"2\" ],\r\n  \"icon\" : [ \"\" ],\r\n  \"visible\" : [ \"0\" ]\r\n}','{\r\n  \"msg\" : \"操作成功\",\r\n  \"code\" : 0\r\n}',0,NULL,'2019-12-16 19:21:40'),(195,'菜单管理',1,'com.ruoyi.web.controller.system.SysMenuController.addSave()','POST',1,'admin','计科1601班','/system/menu/add','127.0.0.1','内网IP','{\r\n  \"parentId\" : [ \"0\" ],\r\n  \"menuType\" : [ \"C\" ],\r\n  \"menuName\" : [ \"成绩查询\" ],\r\n  \"url\" : [ \"\" ],\r\n  \"target\" : [ \"menuItem\" ],\r\n  \"perms\" : [ \"\" ],\r\n  \"orderNum\" : [ \"1\" ],\r\n  \"icon\" : [ \"\" ],\r\n  \"visible\" : [ \"0\" ]\r\n}','{\r\n  \"msg\" : \"操作成功\",\r\n  \"code\" : 0\r\n}',0,NULL,'2019-12-16 19:22:07'),(196,'菜单管理',3,'com.ruoyi.web.controller.system.SysMenuController.remove()','GET',1,'admin','计科1601班','/system/menu/remove/1071','127.0.0.1','内网IP','{ }','{\r\n  \"msg\" : \"操作成功\",\r\n  \"code\" : 0\r\n}',0,NULL,'2019-12-16 19:22:20'),(197,'菜单管理',1,'com.ruoyi.web.controller.system.SysMenuController.addSave()','POST',1,'admin','计科1601班','/system/menu/add','127.0.0.1','内网IP','{\r\n  \"parentId\" : [ \"1068\" ],\r\n  \"menuType\" : [ \"C\" ],\r\n  \"menuName\" : [ \"成绩查询\" ],\r\n  \"url\" : [ \"\" ],\r\n  \"target\" : [ \"menuItem\" ],\r\n  \"perms\" : [ \"\" ],\r\n  \"orderNum\" : [ \"1\" ],\r\n  \"icon\" : [ \"\" ],\r\n  \"visible\" : [ \"0\" ]\r\n}','{\r\n  \"msg\" : \"操作成功\",\r\n  \"code\" : 0\r\n}',0,NULL,'2019-12-16 19:22:43'),(198,'菜单管理',1,'com.ruoyi.web.controller.system.SysMenuController.addSave()','POST',1,'admin','计科1601班','/system/menu/add','127.0.0.1','内网IP','{\r\n  \"parentId\" : [ \"1068\" ],\r\n  \"menuType\" : [ \"C\" ],\r\n  \"menuName\" : [ \"成绩录入\" ],\r\n  \"url\" : [ \"\" ],\r\n  \"target\" : [ \"menuItem\" ],\r\n  \"perms\" : [ \"\" ],\r\n  \"orderNum\" : [ \"2\" ],\r\n  \"icon\" : [ \"\" ],\r\n  \"visible\" : [ \"0\" ]\r\n}','{\r\n  \"msg\" : \"操作成功\",\r\n  \"code\" : 0\r\n}',0,NULL,'2019-12-16 19:23:09'),(199,'菜单管理',2,'com.ruoyi.web.controller.system.SysMenuController.editSave()','POST',1,'admin','计科1601班','/system/menu/edit','127.0.0.1','内网IP','{\r\n  \"menuId\" : [ \"1070\" ],\r\n  \"parentId\" : [ \"1067\" ],\r\n  \"menuType\" : [ \"C\" ],\r\n  \"menuName\" : [ \"可选课程\" ],\r\n  \"url\" : [ \"/project/\" ],\r\n  \"target\" : [ \"menuItem\" ],\r\n  \"perms\" : [ \"\" ],\r\n  \"orderNum\" : [ \"2\" ],\r\n  \"icon\" : [ \"#\" ],\r\n  \"visible\" : [ \"0\" ]\r\n}','{\r\n  \"msg\" : \"操作成功\",\r\n  \"code\" : 0\r\n}',0,NULL,'2019-12-16 19:25:53'),(200,'菜单管理',2,'com.ruoyi.web.controller.system.SysMenuController.editSave()','POST',1,'admin','计科1601班','/system/menu/edit','127.0.0.1','内网IP','{\r\n  \"menuId\" : [ \"1070\" ],\r\n  \"parentId\" : [ \"1067\" ],\r\n  \"menuType\" : [ \"C\" ],\r\n  \"menuName\" : [ \"可选课程\" ],\r\n  \"url\" : [ \"/project/stuandcou/optional\" ],\r\n  \"target\" : [ \"menuItem\" ],\r\n  \"perms\" : [ \"\" ],\r\n  \"orderNum\" : [ \"2\" ],\r\n  \"icon\" : [ \"#\" ],\r\n  \"visible\" : [ \"0\" ]\r\n}','{\r\n  \"msg\" : \"操作成功\",\r\n  \"code\" : 0\r\n}',0,NULL,'2019-12-16 19:34:50'),(201,'菜单管理',2,'com.ruoyi.web.controller.system.SysMenuController.editSave()','POST',1,'admin','计科1601班','/system/menu/edit','127.0.0.1','内网IP','{\r\n  \"menuId\" : [ \"1069\" ],\r\n  \"parentId\" : [ \"1067\" ],\r\n  \"menuType\" : [ \"C\" ],\r\n  \"menuName\" : [ \"已选课程\" ],\r\n  \"url\" : [ \"/project/stuandcou/selected\" ],\r\n  \"target\" : [ \"menuItem\" ],\r\n  \"perms\" : [ \"\" ],\r\n  \"orderNum\" : [ \"1\" ],\r\n  \"icon\" : [ \"#\" ],\r\n  \"visible\" : [ \"0\" ]\r\n}','{\r\n  \"msg\" : \"操作成功\",\r\n  \"code\" : 0\r\n}',0,NULL,'2019-12-16 19:35:48'),(202,'部门管理',3,'com.ruoyi.web.controller.system.SysDeptController.remove()','GET',1,'admin','计科1601班','/system/dept/remove/103','127.0.0.1','内网IP','{ }','{\r\n  \"msg\" : \"部门存在用户,不允许删除\",\r\n  \"code\" : 301\r\n}',0,NULL,'2019-12-19 14:30:40'),(203,'部门管理',3,'com.ruoyi.web.controller.system.SysDeptController.remove()','GET',1,'admin','计科1601班','/system/dept/remove/104','127.0.0.1','内网IP','{ }','{\r\n  \"msg\" : \"操作成功\",\r\n  \"code\" : 0\r\n}',0,NULL,'2019-12-19 14:30:47'),(204,'部门管理',3,'com.ruoyi.web.controller.system.SysDeptController.remove()','GET',1,'admin','计科1601班','/system/dept/remove/105','127.0.0.1','内网IP','{ }','{\r\n  \"msg\" : \"部门存在用户,不允许删除\",\r\n  \"code\" : 301\r\n}',0,NULL,'2019-12-19 14:30:50'),(205,'部门管理',3,'com.ruoyi.web.controller.system.SysDeptController.remove()','GET',1,'admin','计科1601班','/system/dept/remove/106','127.0.0.1','内网IP','{ }','{\r\n  \"msg\" : \"操作成功\",\r\n  \"code\" : 0\r\n}',0,NULL,'2019-12-19 14:30:54'),(206,'部门管理',3,'com.ruoyi.web.controller.system.SysDeptController.remove()','GET',1,'admin','计科1601班','/system/dept/remove/107','127.0.0.1','内网IP','{ }','{\r\n  \"msg\" : \"操作成功\",\r\n  \"code\" : 0\r\n}',0,NULL,'2019-12-19 14:30:56'),(207,'部门管理',3,'com.ruoyi.web.controller.system.SysDeptController.remove()','GET',1,'admin','计科1601班','/system/dept/remove/108','127.0.0.1','内网IP','{ }','{\r\n  \"msg\" : \"操作成功\",\r\n  \"code\" : 0\r\n}',0,NULL,'2019-12-19 14:30:59'),(208,'部门管理',3,'com.ruoyi.web.controller.system.SysDeptController.remove()','GET',1,'admin','计科1601班','/system/dept/remove/109','127.0.0.1','内网IP','{ }','{\r\n  \"msg\" : \"操作成功\",\r\n  \"code\" : 0\r\n}',0,NULL,'2019-12-19 14:31:01'),(209,'部门管理',3,'com.ruoyi.web.controller.system.SysDeptController.remove()','GET',1,'admin','计科1601班','/system/dept/remove/201','127.0.0.1','内网IP','{ }','{\r\n  \"msg\" : \"操作成功\",\r\n  \"code\" : 0\r\n}',0,NULL,'2019-12-19 14:31:06'),(210,'部门管理',3,'com.ruoyi.web.controller.system.SysDeptController.remove()','GET',1,'admin','计科1601班','/system/dept/remove/207','127.0.0.1','内网IP','{ }','{\r\n  \"msg\" : \"操作成功\",\r\n  \"code\" : 0\r\n}',0,NULL,'2019-12-19 14:31:10'),(211,'部门管理',3,'com.ruoyi.web.controller.system.SysDeptController.remove()','GET',1,'admin','计科1601班','/system/dept/remove/206','127.0.0.1','内网IP','{ }','{\r\n  \"msg\" : \"操作成功\",\r\n  \"code\" : 0\r\n}',0,NULL,'2019-12-19 14:31:14'),(212,'部门管理',3,'com.ruoyi.web.controller.system.SysDeptController.remove()','GET',1,'admin','计科1601班','/system/dept/remove/211','127.0.0.1','内网IP','{ }','{\r\n  \"msg\" : \"操作成功\",\r\n  \"code\" : 0\r\n}',0,NULL,'2019-12-19 14:31:18'),(213,'部门管理',3,'com.ruoyi.web.controller.system.SysDeptController.remove()','GET',1,'admin','计科1601班','/system/dept/remove/214','127.0.0.1','内网IP','{ }','{\r\n  \"msg\" : \"操作成功\",\r\n  \"code\" : 0\r\n}',0,NULL,'2019-12-19 14:31:21'),(214,'部门管理',3,'com.ruoyi.web.controller.system.SysDeptController.remove()','GET',1,'admin','计科1601班','/system/dept/remove/215','127.0.0.1','内网IP','{ }','{\r\n  \"msg\" : \"操作成功\",\r\n  \"code\" : 0\r\n}',0,NULL,'2019-12-19 14:31:24'),(215,'部门管理',3,'com.ruoyi.web.controller.system.SysDeptController.remove()','GET',1,'admin','计科1601班','/system/dept/remove/216','127.0.0.1','内网IP','{ }','{\r\n  \"msg\" : \"操作成功\",\r\n  \"code\" : 0\r\n}',0,NULL,'2019-12-19 14:31:28'),(216,'部门管理',3,'com.ruoyi.web.controller.system.SysDeptController.remove()','GET',1,'admin','计科1601班','/system/dept/remove/212','127.0.0.1','内网IP','{ }','{\r\n  \"msg\" : \"操作成功\",\r\n  \"code\" : 0\r\n}',0,NULL,'2019-12-19 14:31:31'),(217,'部门管理',3,'com.ruoyi.web.controller.system.SysDeptController.remove()','GET',1,'admin','计科1601班','/system/dept/remove/213','127.0.0.1','内网IP','{ }','{\r\n  \"msg\" : \"操作成功\",\r\n  \"code\" : 0\r\n}',0,NULL,'2019-12-19 14:31:43'),(218,'部门管理',3,'com.ruoyi.web.controller.system.SysDeptController.remove()','GET',1,'admin','计科1601班','/system/dept/remove/208','127.0.0.1','内网IP','{ }','{\r\n  \"msg\" : \"操作成功\",\r\n  \"code\" : 0\r\n}',0,NULL,'2019-12-19 14:31:52'),(219,'部门管理',3,'com.ruoyi.web.controller.system.SysDeptController.remove()','GET',1,'admin','计科1601班','/system/dept/remove/209','127.0.0.1','内网IP','{ }','{\r\n  \"msg\" : \"操作成功\",\r\n  \"code\" : 0\r\n}',0,NULL,'2019-12-19 14:31:54'),(220,'部门管理',3,'com.ruoyi.web.controller.system.SysDeptController.remove()','GET',1,'admin','计科1601班','/system/dept/remove/210','127.0.0.1','内网IP','{ }','{\r\n  \"msg\" : \"操作成功\",\r\n  \"code\" : 0\r\n}',0,NULL,'2019-12-19 14:31:57'),(221,'部门管理',3,'com.ruoyi.web.controller.system.SysDeptController.remove()','GET',1,'admin','计科1601班','/system/dept/remove/203','127.0.0.1','内网IP','{ }','{\r\n  \"msg\" : \"存在下级部门,不允许删除\",\r\n  \"code\" : 301\r\n}',0,NULL,'2019-12-19 14:32:02'),(222,'用户管理',2,'com.ruoyi.web.controller.system.SysUserController.editSave()','POST',1,'admin','计科1601班','/system/user/edit','127.0.0.1','内网IP','{\r\n  \"userId\" : [ \"2\" ],\r\n  \"deptId\" : [ \"200\" ],\r\n  \"userName\" : [ \"ry\" ],\r\n  \"dept.deptName\" : [ \"软件工程\" ],\r\n  \"phonenumber\" : [ \"15666666666\" ],\r\n  \"email\" : [ \"ry@qq.com\" ],\r\n  \"loginName\" : [ \"ry\" ],\r\n  \"sex\" : [ \"1\" ],\r\n  \"role\" : [ \"2\" ],\r\n  \"remark\" : [ \"测试员\" ],\r\n  \"status\" : [ \"0\" ],\r\n  \"roleIds\" : [ \"2\" ],\r\n  \"postIds\" : [ \"2\" ]\r\n}','{\r\n  \"msg\" : \"操作成功\",\r\n  \"code\" : 0\r\n}',0,NULL,'2019-12-19 14:32:22'),(223,'用户管理',2,'com.ruoyi.web.controller.system.SysUserController.editSave()','POST',1,'admin','计科1601班','/system/user/edit','127.0.0.1','内网IP','{\r\n  \"userId\" : [ \"3\" ],\r\n  \"deptId\" : [ \"200\" ],\r\n  \"userName\" : [ \"test\" ],\r\n  \"dept.deptName\" : [ \"软件工程\" ],\r\n  \"phonenumber\" : [ \"15888888888\" ],\r\n  \"email\" : [ \"498165701@qq.com\" ],\r\n  \"loginName\" : [ \"test\" ],\r\n  \"sex\" : [ \"0\" ],\r\n  \"role\" : [ \"2\" ],\r\n  \"remark\" : [ \"\" ],\r\n  \"status\" : [ \"0\" ],\r\n  \"roleIds\" : [ \"2\" ],\r\n  \"postIds\" : [ \"\" ]\r\n}','{\r\n  \"msg\" : \"操作成功\",\r\n  \"code\" : 0\r\n}',0,NULL,'2019-12-19 14:32:28'),(224,'用户管理',2,'com.ruoyi.web.controller.system.SysUserController.editSave()','POST',1,'admin','计科1601班','/system/user/edit','127.0.0.1','内网IP','{\r\n  \"userId\" : [ \"1\" ],\r\n  \"deptId\" : [ \"200\" ],\r\n  \"userName\" : [ \"泊停\" ],\r\n  \"dept.deptName\" : [ \"软件工程\" ],\r\n  \"phonenumber\" : [ \"15841490867\" ],\r\n  \"email\" : [ \"498155701@qq.com\" ],\r\n  \"loginName\" : [ \"admin\" ],\r\n  \"sex\" : [ \"1\" ],\r\n  \"role\" : [ \"1\" ],\r\n  \"remark\" : [ \"管理员\" ],\r\n  \"status\" : [ \"0\" ],\r\n  \"roleIds\" : [ \"1\" ],\r\n  \"postIds\" : [ \"1\" ]\r\n}','null',1,'不允许操作超级管理员用户','2019-12-19 14:32:34'),(225,'部门管理',3,'com.ruoyi.web.controller.system.SysDeptController.remove()','GET',1,'admin','计科1601班','/system/dept/remove/103','127.0.0.1','内网IP','{ }','{\r\n  \"msg\" : \"操作成功\",\r\n  \"code\" : 0\r\n}',0,NULL,'2019-12-19 14:33:55'),(226,'部门管理',3,'com.ruoyi.web.controller.system.SysDeptController.remove()','GET',1,'admin','计科1601班','/system/dept/remove/105','127.0.0.1','内网IP','{ }','{\r\n  \"msg\" : \"操作成功\",\r\n  \"code\" : 0\r\n}',0,NULL,'2019-12-19 14:33:57'),(227,'部门管理',3,'com.ruoyi.web.controller.system.SysDeptController.remove()','GET',1,'admin','计科1601班','/system/dept/remove/203','127.0.0.1','内网IP','{ }','{\r\n  \"msg\" : \"存在下级部门,不允许删除\",\r\n  \"code\" : 301\r\n}',0,NULL,'2019-12-19 14:34:03'),(228,'部门管理',3,'com.ruoyi.web.controller.system.SysDeptController.remove()','GET',1,'admin','计科1601班','/system/dept/remove/101','127.0.0.1','内网IP','{ }','{\r\n  \"msg\" : \"操作成功\",\r\n  \"code\" : 0\r\n}',0,NULL,'2019-12-19 14:34:09'),(229,'部门管理',3,'com.ruoyi.web.controller.system.SysDeptController.remove()','GET',1,'admin','计科1601班','/system/dept/remove/102','127.0.0.1','内网IP','{ }','{\r\n  \"msg\" : \"操作成功\",\r\n  \"code\" : 0\r\n}',0,NULL,'2019-12-19 14:34:11'),(230,'部门管理',3,'com.ruoyi.web.controller.system.SysDeptController.remove()','GET',1,'admin','计科1601班','/system/dept/remove/200','127.0.0.1','内网IP','{ }','{\r\n  \"msg\" : \"操作成功\",\r\n  \"code\" : 0\r\n}',0,NULL,'2019-12-19 14:34:14'),(231,'部门管理',3,'com.ruoyi.web.controller.system.SysDeptController.remove()','GET',1,'admin','计科1601班','/system/dept/remove/205','127.0.0.1','内网IP','{ }','{\r\n  \"msg\" : \"操作成功\",\r\n  \"code\" : 0\r\n}',0,NULL,'2019-12-19 14:34:17'),(232,'部门管理',3,'com.ruoyi.web.controller.system.SysDeptController.remove()','GET',1,'admin','计科1601班','/system/dept/remove/203','127.0.0.1','内网IP','{ }','{\r\n  \"msg\" : \"操作成功\",\r\n  \"code\" : 0\r\n}',0,NULL,'2019-12-19 14:34:22'),(233,'部门管理',2,'com.ruoyi.web.controller.system.SysDeptController.editSave()','POST',1,'admin','计科1601班','/system/dept/edit','127.0.0.1','内网IP','{\r\n  \"deptId\" : [ \"100\" ],\r\n  \"parentId\" : [ \"0\" ],\r\n  \"parentName\" : [ \"无\" ],\r\n  \"deptName\" : [ \"计算机学院\" ],\r\n  \"orderNum\" : [ \"0\" ],\r\n  \"leader\" : [ \"admin\" ],\r\n  \"phone\" : [ \"15841490867\" ],\r\n  \"email\" : [ \"498155701@qq.com\" ],\r\n  \"status\" : [ \"0\" ]\r\n}','{\r\n  \"msg\" : \"操作成功\",\r\n  \"code\" : 0\r\n}',0,NULL,'2019-12-19 14:34:38'),(234,'部门管理',1,'com.ruoyi.web.controller.system.SysDeptController.addSave()','POST',1,'admin','计科1601班','/system/dept/add','127.0.0.1','内网IP','{\r\n  \"parentId\" : [ \"100\" ],\r\n  \"deptName\" : [ \"计算机科学与技术\" ],\r\n  \"orderNum\" : [ \"1\" ],\r\n  \"leader\" : [ \"admin\" ],\r\n  \"phone\" : [ \"15841490867\" ],\r\n  \"email\" : [ \"498155701@qq.com\" ],\r\n  \"status\" : [ \"0\" ]\r\n}','{\r\n  \"msg\" : \"操作成功\",\r\n  \"code\" : 0\r\n}',0,NULL,'2019-12-19 14:35:03'),(235,'部门管理',1,'com.ruoyi.web.controller.system.SysDeptController.addSave()','POST',1,'admin','计科1601班','/system/dept/add','127.0.0.1','内网IP','{\r\n  \"parentId\" : [ \"100\" ],\r\n  \"deptName\" : [ \"网络工程\" ],\r\n  \"orderNum\" : [ \"2\" ],\r\n  \"leader\" : [ \"admin\" ],\r\n  \"phone\" : [ \"15841490867\" ],\r\n  \"email\" : [ \"498155701@qq.com\" ],\r\n  \"status\" : [ \"0\" ]\r\n}','{\r\n  \"msg\" : \"操作成功\",\r\n  \"code\" : 0\r\n}',0,NULL,'2019-12-19 14:35:23'),(236,'部门管理',1,'com.ruoyi.web.controller.system.SysDeptController.addSave()','POST',1,'admin','计科1601班','/system/dept/add','127.0.0.1','内网IP','{\r\n  \"parentId\" : [ \"100\" ],\r\n  \"deptName\" : [ \"物联网工程\" ],\r\n  \"orderNum\" : [ \"3\" ],\r\n  \"leader\" : [ \"admin\" ],\r\n  \"phone\" : [ \"15841490867\" ],\r\n  \"email\" : [ \"498155701@qq.com\" ],\r\n  \"status\" : [ \"0\" ]\r\n}','{\r\n  \"msg\" : \"操作成功\",\r\n  \"code\" : 0\r\n}',0,NULL,'2019-12-19 14:35:45'),(237,'部门管理',1,'com.ruoyi.web.controller.system.SysDeptController.addSave()','POST',1,'admin','计科1601班','/system/dept/add','127.0.0.1','内网IP','{\r\n  \"parentId\" : [ \"100\" ],\r\n  \"deptName\" : [ \"软件工程\" ],\r\n  \"orderNum\" : [ \"4\" ],\r\n  \"leader\" : [ \"admin\" ],\r\n  \"phone\" : [ \"15841490867\" ],\r\n  \"email\" : [ \"498155701@qq.com\" ],\r\n  \"status\" : [ \"0\" ]\r\n}','{\r\n  \"msg\" : \"操作成功\",\r\n  \"code\" : 0\r\n}',0,NULL,'2019-12-19 14:36:06'),(238,'用户管理',2,'com.ruoyi.web.controller.system.SysUserController.editSave()','POST',1,'admin','计科1601班','/system/user/edit','127.0.0.1','内网IP','{\r\n  \"userId\" : [ \"3\" ],\r\n  \"deptId\" : [ \"217\" ],\r\n  \"userName\" : [ \"test\" ],\r\n  \"dept.deptName\" : [ \"计算机科学与技术\" ],\r\n  \"phonenumber\" : [ \"15888888888\" ],\r\n  \"email\" : [ \"498165701@qq.com\" ],\r\n  \"loginName\" : [ \"test\" ],\r\n  \"sex\" : [ \"0\" ],\r\n  \"role\" : [ \"2\" ],\r\n  \"remark\" : [ \"\" ],\r\n  \"status\" : [ \"0\" ],\r\n  \"roleIds\" : [ \"2\" ],\r\n  \"postIds\" : [ \"\" ]\r\n}','{\r\n  \"msg\" : \"操作成功\",\r\n  \"code\" : 0\r\n}',0,NULL,'2019-12-19 14:36:31'),(239,'用户管理',2,'com.ruoyi.web.controller.system.SysUserController.editSave()','POST',1,'admin','计科1601班','/system/user/edit','127.0.0.1','内网IP','{\r\n  \"userId\" : [ \"1\" ],\r\n  \"deptId\" : [ \"217\" ],\r\n  \"userName\" : [ \"泊停\" ],\r\n  \"dept.deptName\" : [ \"计算机科学与技术\" ],\r\n  \"phonenumber\" : [ \"15841490867\" ],\r\n  \"email\" : [ \"498155701@qq.com\" ],\r\n  \"loginName\" : [ \"admin\" ],\r\n  \"sex\" : [ \"1\" ],\r\n  \"role\" : [ \"1\" ],\r\n  \"remark\" : [ \"管理员\" ],\r\n  \"status\" : [ \"0\" ],\r\n  \"roleIds\" : [ \"1\" ],\r\n  \"postIds\" : [ \"1\" ]\r\n}','null',1,'不允许操作超级管理员用户','2019-12-19 14:36:39'),(240,'用户管理',2,'com.ruoyi.web.controller.system.SysUserController.editSave()','POST',1,'admin','计科1601班','/system/user/edit','127.0.0.1','内网IP','{\r\n  \"userId\" : [ \"2\" ],\r\n  \"deptId\" : [ \"218\" ],\r\n  \"userName\" : [ \"ry\" ],\r\n  \"dept.deptName\" : [ \"网络工程\" ],\r\n  \"phonenumber\" : [ \"15666666666\" ],\r\n  \"email\" : [ \"ry@qq.com\" ],\r\n  \"loginName\" : [ \"ry\" ],\r\n  \"sex\" : [ \"1\" ],\r\n  \"role\" : [ \"2\" ],\r\n  \"remark\" : [ \"测试员\" ],\r\n  \"status\" : [ \"0\" ],\r\n  \"roleIds\" : [ \"2\" ],\r\n  \"postIds\" : [ \"2\" ]\r\n}','{\r\n  \"msg\" : \"操作成功\",\r\n  \"code\" : 0\r\n}',0,NULL,'2019-12-19 14:36:48'),(241,'用户管理',2,'com.ruoyi.web.controller.system.SysUserController.changeStatus()','POST',1,'admin','计算机科学与技术','/system/user/changeStatus','127.0.0.1','内网IP','{\r\n  \"userId\" : [ \"4\" ],\r\n  \"status\" : [ \"1\" ]\r\n}','{\r\n  \"msg\" : \"操作成功\",\r\n  \"code\" : 0\r\n}',0,NULL,'2019-12-20 15:14:09'),(242,'用户管理',2,'com.ruoyi.web.controller.system.SysUserController.changeStatus()','POST',1,'admin','计算机科学与技术','/system/user/changeStatus','127.0.0.1','内网IP','{\r\n  \"userId\" : [ \"4\" ],\r\n  \"status\" : [ \"0\" ]\r\n}','{\r\n  \"msg\" : \"操作成功\",\r\n  \"code\" : 0\r\n}',0,NULL,'2019-12-20 15:14:11'),(243,'用户管理',3,'com.ruoyi.web.controller.system.SysUserController.remove()','POST',1,'admin','计算机科学与技术','/system/user/remove','127.0.0.1','内网IP','{\r\n  \"ids\" : [ \"4\" ]\r\n}','{\r\n  \"msg\" : \"操作成功\",\r\n  \"code\" : 0\r\n}',0,NULL,'2019-12-20 15:24:30'),(244,'用户管理',3,'com.ruoyi.web.controller.system.SysUserController.remove()','POST',1,'admin','计算机科学与技术','/system/user/remove','127.0.0.1','内网IP','{\r\n  \"ids\" : [ \"5\" ]\r\n}','{\r\n  \"msg\" : \"操作成功\",\r\n  \"code\" : 0\r\n}',0,NULL,'2019-12-20 15:26:31'),(245,'用户管理',3,'com.ruoyi.web.controller.system.SysUserController.remove()','POST',1,'admin','计算机科学与技术','/system/user/remove','127.0.0.1','内网IP','{\r\n  \"ids\" : [ \"6\" ]\r\n}','{\r\n  \"msg\" : \"操作成功\",\r\n  \"code\" : 0\r\n}',0,NULL,'2019-12-20 16:02:30'),(246,'岗位管理',3,'com.ruoyi.web.controller.system.SysPostController.remove()','POST',1,'admin','计算机科学与技术','/system/post/remove','127.0.0.1','内网IP','{\r\n  \"ids\" : [ \"5\" ]\r\n}','{\r\n  \"msg\" : \"操作成功\",\r\n  \"code\" : 0\r\n}',0,NULL,'2019-12-23 13:19:50'),(247,'岗位管理',3,'com.ruoyi.web.controller.system.SysPostController.remove()','POST',1,'admin','计算机科学与技术','/system/post/remove','127.0.0.1','内网IP','{\r\n  \"ids\" : [ \"1\" ]\r\n}','{\r\n  \"msg\" : \"院长已分配,不能删除\",\r\n  \"code\" : 500\r\n}',0,NULL,'2019-12-23 13:20:03'),(248,'用户管理',2,'com.ruoyi.web.controller.system.SysUserController.editSave()','POST',1,'admin','计算机科学与技术','/system/user/edit','127.0.0.1','内网IP','{\r\n  \"userId\" : [ \"1\" ],\r\n  \"deptId\" : [ \"217\" ],\r\n  \"userName\" : [ \"泊停\" ],\r\n  \"dept.deptName\" : [ \"计算机科学与技术\" ],\r\n  \"phonenumber\" : [ \"15841490867\" ],\r\n  \"email\" : [ \"498155701@qq.com\" ],\r\n  \"loginName\" : [ \"admin\" ],\r\n  \"sex\" : [ \"1\" ],\r\n  \"role\" : [ \"1\" ],\r\n  \"remark\" : [ \"管理员\" ],\r\n  \"status\" : [ \"0\" ],\r\n  \"roleIds\" : [ \"1\" ],\r\n  \"postIds\" : [ \"2\" ]\r\n}','null',1,'不允许操作超级管理员用户','2019-12-23 14:23:08'),(249,'用户管理',3,'com.ruoyi.web.controller.system.SysUserController.remove()','POST',1,'admin','计算机科学与技术','/system/user/remove','127.0.0.1','内网IP','{\r\n  \"ids\" : [ \"3\" ]\r\n}','{\r\n  \"msg\" : \"操作成功\",\r\n  \"code\" : 0\r\n}',0,NULL,'2019-12-24 17:26:53'),(250,'菜单管理',2,'com.ruoyi.web.controller.system.SysMenuController.editSave()','POST',1,'admin','计算机科学与技术','/system/menu/edit','127.0.0.1','内网IP','{\r\n  \"menuId\" : [ \"3\" ],\r\n  \"parentId\" : [ \"0\" ],\r\n  \"menuType\" : [ \"M\" ],\r\n  \"menuName\" : [ \"系统工具\" ],\r\n  \"url\" : [ \"#\" ],\r\n  \"target\" : [ \"menuItem\" ],\r\n  \"perms\" : [ \"\" ],\r\n  \"orderNum\" : [ \"4\" ],\r\n  \"icon\" : [ \"fa fa-bars\" ],\r\n  \"visible\" : [ \"1\" ]\r\n}','{\r\n  \"msg\" : \"操作成功\",\r\n  \"code\" : 0\r\n}',0,NULL,'2019-12-24 17:27:28'),(251,'菜单管理',2,'com.ruoyi.web.controller.system.SysMenuController.editSave()','POST',1,'admin','计算机科学与技术','/system/menu/edit','127.0.0.1','内网IP','{\r\n  \"menuId\" : [ \"101\" ],\r\n  \"parentId\" : [ \"1062\" ],\r\n  \"menuType\" : [ \"C\" ],\r\n  \"menuName\" : [ \"角色管理\" ],\r\n  \"url\" : [ \"/system/role\" ],\r\n  \"target\" : [ \"menuItem\" ],\r\n  \"perms\" : [ \"system:role:view\" ],\r\n  \"orderNum\" : [ \"2\" ],\r\n  \"icon\" : [ \"#\" ],\r\n  \"visible\" : [ \"0\" ]\r\n}','{\r\n  \"msg\" : \"操作成功\",\r\n  \"code\" : 0\r\n}',0,NULL,'2019-12-24 17:28:13'),(252,'菜单管理',2,'com.ruoyi.web.controller.system.SysMenuController.editSave()','POST',1,'admin','计算机科学与技术','/system/menu/edit','127.0.0.1','内网IP','{\r\n  \"menuId\" : [ \"101\" ],\r\n  \"parentId\" : [ \"1062\" ],\r\n  \"menuType\" : [ \"C\" ],\r\n  \"menuName\" : [ \"角色管理\" ],\r\n  \"url\" : [ \"/system/role\" ],\r\n  \"target\" : [ \"menuItem\" ],\r\n  \"perms\" : [ \"system:role:view\" ],\r\n  \"orderNum\" : [ \"2\" ],\r\n  \"icon\" : [ \"#\" ],\r\n  \"visible\" : [ \"0\" ]\r\n}','{\r\n  \"msg\" : \"操作成功\",\r\n  \"code\" : 0\r\n}',0,NULL,'2019-12-24 17:28:53'),(253,'菜单管理',2,'com.ruoyi.web.controller.system.SysMenuController.editSave()','POST',1,'admin','计算机科学与技术','/system/menu/edit','127.0.0.1','内网IP','{\r\n  \"menuId\" : [ \"101\" ],\r\n  \"parentId\" : [ \"1062\" ],\r\n  \"menuType\" : [ \"C\" ],\r\n  \"menuName\" : [ \"角色信息管理\" ],\r\n  \"url\" : [ \"/system/role\" ],\r\n  \"target\" : [ \"menuItem\" ],\r\n  \"perms\" : [ \"system:role:view\" ],\r\n  \"orderNum\" : [ \"4\" ],\r\n  \"icon\" : [ \"fa fa-address-card\" ],\r\n  \"visible\" : [ \"0\" ]\r\n}','{\r\n  \"msg\" : \"操作成功\",\r\n  \"code\" : 0\r\n}',0,NULL,'2019-12-24 17:29:22'),(254,'菜单管理',2,'com.ruoyi.web.controller.system.SysMenuController.editSave()','POST',1,'admin','计算机科学与技术','/system/menu/edit','127.0.0.1','内网IP','{\r\n  \"menuId\" : [ \"103\" ],\r\n  \"parentId\" : [ \"1062\" ],\r\n  \"menuType\" : [ \"C\" ],\r\n  \"menuName\" : [ \"部门信息管理\" ],\r\n  \"url\" : [ \"/system/dept\" ],\r\n  \"target\" : [ \"menuItem\" ],\r\n  \"perms\" : [ \"system:dept:view\" ],\r\n  \"orderNum\" : [ \"5\" ],\r\n  \"icon\" : [ \"#\" ],\r\n  \"visible\" : [ \"0\" ]\r\n}','{\r\n  \"msg\" : \"操作成功\",\r\n  \"code\" : 0\r\n}',0,NULL,'2019-12-24 17:30:15'),(255,'菜单管理',2,'com.ruoyi.web.controller.system.SysMenuController.editSave()','POST',1,'admin','计算机科学与技术','/system/menu/edit','127.0.0.1','内网IP','{\r\n  \"menuId\" : [ \"104\" ],\r\n  \"parentId\" : [ \"1062\" ],\r\n  \"menuType\" : [ \"C\" ],\r\n  \"menuName\" : [ \"岗位信息管理\" ],\r\n  \"url\" : [ \"/system/post\" ],\r\n  \"target\" : [ \"menuItem\" ],\r\n  \"perms\" : [ \"system:post:view\" ],\r\n  \"orderNum\" : [ \"6\" ],\r\n  \"icon\" : [ \"#\" ],\r\n  \"visible\" : [ \"0\" ]\r\n}','{\r\n  \"msg\" : \"操作成功\",\r\n  \"code\" : 0\r\n}',0,NULL,'2019-12-24 17:30:40'),(256,'菜单管理',2,'com.ruoyi.web.controller.system.SysMenuController.editSave()','POST',1,'admin','计算机科学与技术','/system/menu/edit','127.0.0.1','内网IP','{\r\n  \"menuId\" : [ \"1\" ],\r\n  \"parentId\" : [ \"0\" ],\r\n  \"menuType\" : [ \"M\" ],\r\n  \"menuName\" : [ \"系统管理\" ],\r\n  \"url\" : [ \"#\" ],\r\n  \"target\" : [ \"menuItem\" ],\r\n  \"perms\" : [ \"\" ],\r\n  \"orderNum\" : [ \"3\" ],\r\n  \"icon\" : [ \"fa fa-gear\" ],\r\n  \"visible\" : [ \"1\" ]\r\n}','{\r\n  \"msg\" : \"操作成功\",\r\n  \"code\" : 0\r\n}',0,NULL,'2019-12-24 17:31:30'),(257,'菜单管理',2,'com.ruoyi.web.controller.system.SysMenuController.editSave()','POST',1,'admin','计算机科学与技术','/system/menu/edit','127.0.0.1','内网IP','{\r\n  \"menuId\" : [ \"1072\" ],\r\n  \"parentId\" : [ \"1068\" ],\r\n  \"menuType\" : [ \"C\" ],\r\n  \"menuName\" : [ \"成绩查询\" ],\r\n  \"url\" : [ \"/project/stuandcou/logGrade\" ],\r\n  \"target\" : [ \"menuItem\" ],\r\n  \"perms\" : [ \"\" ],\r\n  \"orderNum\" : [ \"1\" ],\r\n  \"icon\" : [ \"#\" ],\r\n  \"visible\" : [ \"0\" ]\r\n}','{\r\n  \"msg\" : \"操作成功\",\r\n  \"code\" : 0\r\n}',0,NULL,'2019-12-27 14:49:57'),(258,'菜单管理',2,'com.ruoyi.web.controller.system.SysMenuController.editSave()','POST',1,'admin','计算机科学与技术','/system/menu/edit','127.0.0.1','内网IP','{\r\n  \"menuId\" : [ \"1073\" ],\r\n  \"parentId\" : [ \"1068\" ],\r\n  \"menuType\" : [ \"C\" ],\r\n  \"menuName\" : [ \"成绩录入\" ],\r\n  \"url\" : [ \"/project/stuandcou/queryGrade\" ],\r\n  \"target\" : [ \"menuItem\" ],\r\n  \"perms\" : [ \"\" ],\r\n  \"orderNum\" : [ \"2\" ],\r\n  \"icon\" : [ \"#\" ],\r\n  \"visible\" : [ \"0\" ]\r\n}','{\r\n  \"msg\" : \"操作成功\",\r\n  \"code\" : 0\r\n}',0,NULL,'2019-12-27 14:50:18'),(259,'菜单管理',2,'com.ruoyi.web.controller.system.SysMenuController.editSave()','POST',1,'admin','计算机科学与技术','/system/menu/edit','127.0.0.1','内网IP','{\r\n  \"menuId\" : [ \"1072\" ],\r\n  \"parentId\" : [ \"1068\" ],\r\n  \"menuType\" : [ \"C\" ],\r\n  \"menuName\" : [ \"成绩查询\" ],\r\n  \"url\" : [ \"/project/stuandcou/log\" ],\r\n  \"target\" : [ \"menuItem\" ],\r\n  \"perms\" : [ \"\" ],\r\n  \"orderNum\" : [ \"1\" ],\r\n  \"icon\" : [ \"#\" ],\r\n  \"visible\" : [ \"0\" ]\r\n}','{\r\n  \"msg\" : \"操作成功\",\r\n  \"code\" : 0\r\n}',0,NULL,'2019-12-27 14:51:22'),(260,'菜单管理',2,'com.ruoyi.web.controller.system.SysMenuController.editSave()','POST',1,'admin','计算机科学与技术','/system/menu/edit','127.0.0.1','内网IP','{\r\n  \"menuId\" : [ \"1073\" ],\r\n  \"parentId\" : [ \"1068\" ],\r\n  \"menuType\" : [ \"C\" ],\r\n  \"menuName\" : [ \"成绩录入\" ],\r\n  \"url\" : [ \"/project/stuandcou/query\" ],\r\n  \"target\" : [ \"menuItem\" ],\r\n  \"perms\" : [ \"\" ],\r\n  \"orderNum\" : [ \"2\" ],\r\n  \"icon\" : [ \"#\" ],\r\n  \"visible\" : [ \"0\" ]\r\n}','{\r\n  \"msg\" : \"操作成功\",\r\n  \"code\" : 0\r\n}',0,NULL,'2019-12-27 14:51:33'),(261,'菜单管理',2,'com.ruoyi.web.controller.system.SysMenuController.editSave()','POST',1,'admin','计算机科学与技术','/system/menu/edit','127.0.0.1','内网IP','{\r\n  \"menuId\" : [ \"1072\" ],\r\n  \"parentId\" : [ \"1068\" ],\r\n  \"menuType\" : [ \"C\" ],\r\n  \"menuName\" : [ \"成绩查询\" ],\r\n  \"url\" : [ \"/project/grade/log\" ],\r\n  \"target\" : [ \"menuItem\" ],\r\n  \"perms\" : [ \"\" ],\r\n  \"orderNum\" : [ \"1\" ],\r\n  \"icon\" : [ \"#\" ],\r\n  \"visible\" : [ \"0\" ]\r\n}','{\r\n  \"msg\" : \"操作成功\",\r\n  \"code\" : 0\r\n}',0,NULL,'2019-12-27 15:00:06'),(262,'菜单管理',2,'com.ruoyi.web.controller.system.SysMenuController.editSave()','POST',1,'admin','计算机科学与技术','/system/menu/edit','127.0.0.1','内网IP','{\r\n  \"menuId\" : [ \"1073\" ],\r\n  \"parentId\" : [ \"1068\" ],\r\n  \"menuType\" : [ \"C\" ],\r\n  \"menuName\" : [ \"成绩录入\" ],\r\n  \"url\" : [ \"/project/grade/query\" ],\r\n  \"target\" : [ \"menuItem\" ],\r\n  \"perms\" : [ \"\" ],\r\n  \"orderNum\" : [ \"2\" ],\r\n  \"icon\" : [ \"#\" ],\r\n  \"visible\" : [ \"0\" ]\r\n}','{\r\n  \"msg\" : \"操作成功\",\r\n  \"code\" : 0\r\n}',0,NULL,'2019-12-27 15:00:24'),(263,'菜单管理',2,'com.ruoyi.web.controller.system.SysMenuController.editSave()','POST',1,'admin','计算机科学与技术','/system/menu/edit','127.0.0.1','内网IP','{\r\n  \"menuId\" : [ \"1072\" ],\r\n  \"parentId\" : [ \"1068\" ],\r\n  \"menuType\" : [ \"C\" ],\r\n  \"menuName\" : [ \"成绩查询\" ],\r\n  \"url\" : [ \"/project/grade/query\" ],\r\n  \"target\" : [ \"menuItem\" ],\r\n  \"perms\" : [ \"\" ],\r\n  \"orderNum\" : [ \"1\" ],\r\n  \"icon\" : [ \"#\" ],\r\n  \"visible\" : [ \"0\" ]\r\n}','{\r\n  \"msg\" : \"操作成功\",\r\n  \"code\" : 0\r\n}',0,NULL,'2019-12-27 15:05:38'),(264,'菜单管理',2,'com.ruoyi.web.controller.system.SysMenuController.editSave()','POST',1,'admin','计算机科学与技术','/system/menu/edit','127.0.0.1','内网IP','{\r\n  \"menuId\" : [ \"1073\" ],\r\n  \"parentId\" : [ \"1068\" ],\r\n  \"menuType\" : [ \"C\" ],\r\n  \"menuName\" : [ \"成绩录入\" ],\r\n  \"url\" : [ \"/project/grade/log\" ],\r\n  \"target\" : [ \"menuItem\" ],\r\n  \"perms\" : [ \"\" ],\r\n  \"orderNum\" : [ \"2\" ],\r\n  \"icon\" : [ \"#\" ],\r\n  \"visible\" : [ \"0\" ]\r\n}','{\r\n  \"msg\" : \"操作成功\",\r\n  \"code\" : 0\r\n}',0,NULL,'2019-12-27 15:05:51'),(265,'用户管理',1,'com.ruoyi.web.controller.system.SysUserController.addSave()','POST',1,'admin','计算机科学与技术','/system/user/add','127.0.0.1','内网IP','{\r\n  \"deptId\" : [ \"218\" ],\r\n  \"userName\" : [ \"8888\" ],\r\n  \"deptName\" : [ \"网络工程\" ],\r\n  \"phonenumber\" : [ \"15888888888\" ],\r\n  \"email\" : [ \"498155601@qq.com\" ],\r\n  \"loginName\" : [ \"8888\" ],\r\n  \"password\" : [ \"123456\" ],\r\n  \"sex\" : [ \"0\" ],\r\n  \"role\" : [ \"2\" ],\r\n  \"remark\" : [ \"\" ],\r\n  \"status\" : [ \"0\" ],\r\n  \"roleIds\" : [ \"2\" ],\r\n  \"postIds\" : [ \"\" ]\r\n}','{\r\n  \"msg\" : \"操作成功\",\r\n  \"code\" : 0\r\n}',0,NULL,'2019-12-31 14:06:36'),(266,'用户管理',3,'com.ruoyi.web.controller.system.SysUserController.remove()','POST',1,'admin','计算机科学与技术','/system/user/remove','127.0.0.1','内网IP','{\r\n  \"ids\" : [ \"35\" ]\r\n}','{\r\n  \"msg\" : \"操作成功\",\r\n  \"code\" : 0\r\n}',0,NULL,'2019-12-31 14:09:11'),(267,'用户管理',3,'com.ruoyi.web.controller.system.SysUserController.remove()','POST',1,'admin','计算机科学与技术','/system/user/remove','127.0.0.1','内网IP','{\r\n  \"ids\" : [ \"34\" ]\r\n}','{\r\n  \"msg\" : \"操作成功\",\r\n  \"code\" : 0\r\n}',0,NULL,'2019-12-31 14:09:15'),(268,'用户管理',1,'com.ruoyi.web.controller.system.SysUserController.addSave()','POST',1,'admin','计算机科学与技术','/system/user/add','127.0.0.1','内网IP','{\r\n  \"deptId\" : [ \"218\" ],\r\n  \"userName\" : [ \"test2\" ],\r\n  \"deptName\" : [ \"网络工程\" ],\r\n  \"phonenumber\" : [ \"15841490868\" ],\r\n  \"email\" : [ \"498155301@qq.com\" ],\r\n  \"loginName\" : [ \"test2\" ],\r\n  \"password\" : [ \"admin123\" ],\r\n  \"sex\" : [ \"0\" ],\r\n  \"role\" : [ \"2\" ],\r\n  \"remark\" : [ \"\" ],\r\n  \"status\" : [ \"0\" ],\r\n  \"roleIds\" : [ \"2\" ],\r\n  \"postIds\" : [ \"1\" ]\r\n}','{\r\n  \"msg\" : \"操作成功\",\r\n  \"code\" : 0\r\n}',0,NULL,'2019-12-31 14:37:08'),(269,'重置密码',2,'com.ruoyi.web.controller.system.SysProfileController.resetPwd()','POST',1,'test2','网络工程','/system/user/profile/resetPwd','127.0.0.1','内网IP','{\r\n  \"userId\" : [ \"38\" ],\r\n  \"loginName\" : [ \"test2\" ],\r\n  \"oldPassword\" : [ \"admin123\" ],\r\n  \"newPassword\" : [ \"123456\" ],\r\n  \"confirm\" : [ \"123456\" ]\r\n}','{\r\n  \"msg\" : \"操作成功\",\r\n  \"code\" : 0\r\n}',0,NULL,'2019-12-31 14:38:07'),(270,'用户管理',3,'com.ruoyi.web.controller.system.SysUserController.remove()','POST',1,'admin','计算机科学与技术','/system/user/remove','127.0.0.1','内网IP','{\r\n  \"ids\" : [ \"38\" ]\r\n}','{\r\n  \"msg\" : \"操作成功\",\r\n  \"code\" : 0\r\n}',0,NULL,'2019-12-31 14:40:20'),(271,'用户管理',1,'com.ruoyi.web.controller.system.SysUserController.addSave()','POST',1,'admin','计算机科学与技术','/system/user/add','127.0.0.1','内网IP','{\r\n  \"deptId\" : [ \"218\" ],\r\n  \"userName\" : [ \"test1\" ],\r\n  \"deptName\" : [ \"网络工程\" ],\r\n  \"phonenumber\" : [ \"15888888889\" ],\r\n  \"email\" : [ \"498166701@qq.com\" ],\r\n  \"loginName\" : [ \"test1\" ],\r\n  \"password\" : [ \"123456\" ],\r\n  \"sex\" : [ \"0\" ],\r\n  \"role\" : [ \"2\" ],\r\n  \"remark\" : [ \"\" ],\r\n  \"status\" : [ \"0\" ],\r\n  \"roleIds\" : [ \"2\" ],\r\n  \"postIds\" : [ \"\" ]\r\n}','{\r\n  \"msg\" : \"操作成功\",\r\n  \"code\" : 0\r\n}',0,NULL,'2019-12-31 14:55:41'),(272,'角色管理',2,'com.ruoyi.web.controller.system.SysRoleController.authDataScopeSave()','POST',1,'admin','计算机科学与技术','/system/role/authDataScope','127.0.0.1','内网IP','{\r\n  \"roleId\" : [ \"2\" ],\r\n  \"roleName\" : [ \"学生\" ],\r\n  \"roleKey\" : [ \"common\" ],\r\n  \"dataScope\" : [ \"1\" ],\r\n  \"deptIds\" : [ \"\" ]\r\n}','{\r\n  \"msg\" : \"操作成功\",\r\n  \"code\" : 0\r\n}',0,NULL,'2019-12-31 15:06:17'),(273,'角色管理',2,'com.ruoyi.web.controller.system.SysRoleController.editSave()','POST',1,'admin','计算机科学与技术','/system/role/edit','127.0.0.1','内网IP','{\r\n  \"roleId\" : [ \"2\" ],\r\n  \"roleName\" : [ \"学生\" ],\r\n  \"roleKey\" : [ \"common\" ],\r\n  \"roleSort\" : [ \"3\" ],\r\n  \"status\" : [ \"0\" ],\r\n  \"remark\" : [ \"普通角色\" ],\r\n  \"menuIds\" : [ \"1062,1063,1065,1066,1067,1069,1070,1068,1072\" ]\r\n}','{\r\n  \"msg\" : \"操作成功\",\r\n  \"code\" : 0\r\n}',0,NULL,'2019-12-31 15:08:15'),(274,'角色管理',2,'com.ruoyi.web.controller.system.SysRoleController.editSave()','POST',1,'admin','计算机科学与技术','/system/role/edit','127.0.0.1','内网IP','{\r\n  \"roleId\" : [ \"100\" ],\r\n  \"roleName\" : [ \"教师\" ],\r\n  \"roleKey\" : [ \"teacher\" ],\r\n  \"roleSort\" : [ \"2\" ],\r\n  \"status\" : [ \"0\" ],\r\n  \"remark\" : [ \"\" ],\r\n  \"menuIds\" : [ \"1062,1063,1065,1066,1068,1072,1073\" ]\r\n}','{\r\n  \"msg\" : \"操作成功\",\r\n  \"code\" : 0\r\n}',0,NULL,'2019-12-31 15:09:15'),(275,'角色管理',2,'com.ruoyi.web.controller.system.SysRoleController.editSave()','POST',1,'admin','计算机科学与技术','/system/role/edit','127.0.0.1','内网IP','{\r\n  \"roleId\" : [ \"100\" ],\r\n  \"roleName\" : [ \"教师\" ],\r\n  \"roleKey\" : [ \"teacher\" ],\r\n  \"roleSort\" : [ \"2\" ],\r\n  \"status\" : [ \"0\" ],\r\n  \"remark\" : [ \"\" ],\r\n  \"menuIds\" : [ \"1062,1063,1065,1066,101,1007,1008,1009,1068,1072,1073\" ]\r\n}','{\r\n  \"msg\" : \"操作成功\",\r\n  \"code\" : 0\r\n}',0,NULL,'2019-12-31 15:13:59'),(276,'角色管理',2,'com.ruoyi.web.controller.system.SysRoleController.editSave()','POST',1,'admin','计算机科学与技术','/system/role/edit','127.0.0.1','内网IP','{\r\n  \"roleId\" : [ \"2\" ],\r\n  \"roleName\" : [ \"学生\" ],\r\n  \"roleKey\" : [ \"common\" ],\r\n  \"roleSort\" : [ \"3\" ],\r\n  \"status\" : [ \"0\" ],\r\n  \"remark\" : [ \"普通角色\" ],\r\n  \"menuIds\" : [ \"1062,1063,1065,1066,101,1007,1008,1009,1011,1067,1069,1070,1068,1072\" ]\r\n}','{\r\n  \"msg\" : \"操作成功\",\r\n  \"code\" : 0\r\n}',0,NULL,'2019-12-31 15:14:38'),(277,'菜单管理',2,'com.ruoyi.web.controller.system.SysMenuController.editSave()','POST',1,'admin','计算机科学与技术','/system/menu/edit','127.0.0.1','内网IP','{\r\n  \"menuId\" : [ \"1063\" ],\r\n  \"parentId\" : [ \"1062\" ],\r\n  \"menuType\" : [ \"C\" ],\r\n  \"menuName\" : [ \"学生信息管理\" ],\r\n  \"url\" : [ \"/project/student\" ],\r\n  \"target\" : [ \"menuItem\" ],\r\n  \"perms\" : [ \"system:student:view\" ],\r\n  \"orderNum\" : [ \"1\" ],\r\n  \"icon\" : [ \"fa fa-address-card\" ],\r\n  \"visible\" : [ \"0\" ]\r\n}','{\r\n  \"msg\" : \"操作成功\",\r\n  \"code\" : 0\r\n}',0,NULL,'2019-12-31 15:22:52'),(278,'菜单管理',1,'com.ruoyi.web.controller.system.SysMenuController.addSave()','POST',1,'admin','计算机科学与技术','/system/menu/add','127.0.0.1','内网IP','{\r\n  \"parentId\" : [ \"1063\" ],\r\n  \"menuType\" : [ \"F\" ],\r\n  \"menuName\" : [ \"查询\" ],\r\n  \"url\" : [ \"\" ],\r\n  \"target\" : [ \"menuItem\" ],\r\n  \"perms\" : [ \"system:student:list\" ],\r\n  \"orderNum\" : [ \"1\" ],\r\n  \"icon\" : [ \"\" ],\r\n  \"visible\" : [ \"0\" ]\r\n}','{\r\n  \"msg\" : \"操作成功\",\r\n  \"code\" : 0\r\n}',0,NULL,'2019-12-31 15:24:02'),(279,'菜单管理',1,'com.ruoyi.web.controller.system.SysMenuController.addSave()','POST',1,'admin','计算机科学与技术','/system/menu/add','127.0.0.1','内网IP','{\r\n  \"parentId\" : [ \"1063\" ],\r\n  \"menuType\" : [ \"F\" ],\r\n  \"menuName\" : [ \"新增\" ],\r\n  \"url\" : [ \"\" ],\r\n  \"target\" : [ \"menuItem\" ],\r\n  \"perms\" : [ \"system:student:add\" ],\r\n  \"orderNum\" : [ \"2\" ],\r\n  \"icon\" : [ \"\" ],\r\n  \"visible\" : [ \"0\" ]\r\n}','{\r\n  \"msg\" : \"操作成功\",\r\n  \"code\" : 0\r\n}',0,NULL,'2019-12-31 15:24:24'),(280,'菜单管理',1,'com.ruoyi.web.controller.system.SysMenuController.addSave()','POST',1,'admin','计算机科学与技术','/system/menu/add','127.0.0.1','内网IP','{\r\n  \"parentId\" : [ \"1063\" ],\r\n  \"menuType\" : [ \"F\" ],\r\n  \"menuName\" : [ \"删除\" ],\r\n  \"url\" : [ \"\" ],\r\n  \"target\" : [ \"menuItem\" ],\r\n  \"perms\" : [ \"system:student:remove\" ],\r\n  \"orderNum\" : [ \"3\" ],\r\n  \"icon\" : [ \"\" ],\r\n  \"visible\" : [ \"0\" ]\r\n}','{\r\n  \"msg\" : \"操作成功\",\r\n  \"code\" : 0\r\n}',0,NULL,'2019-12-31 15:24:49'),(281,'菜单管理',1,'com.ruoyi.web.controller.system.SysMenuController.addSave()','POST',1,'admin','计算机科学与技术','/system/menu/add','127.0.0.1','内网IP','{\r\n  \"parentId\" : [ \"1063\" ],\r\n  \"menuType\" : [ \"F\" ],\r\n  \"menuName\" : [ \"修改\" ],\r\n  \"url\" : [ \"\" ],\r\n  \"target\" : [ \"menuItem\" ],\r\n  \"perms\" : [ \"system:student:edit\" ],\r\n  \"orderNum\" : [ \"4\" ],\r\n  \"icon\" : [ \"\" ],\r\n  \"visible\" : [ \"0\" ]\r\n}','{\r\n  \"msg\" : \"操作成功\",\r\n  \"code\" : 0\r\n}',0,NULL,'2019-12-31 15:25:08'),(282,'角色管理',2,'com.ruoyi.web.controller.system.SysRoleController.editSave()','POST',1,'admin','计算机科学与技术','/system/role/edit','127.0.0.1','内网IP','{\r\n  \"roleId\" : [ \"2\" ],\r\n  \"roleName\" : [ \"学生\" ],\r\n  \"roleKey\" : [ \"common\" ],\r\n  \"roleSort\" : [ \"3\" ],\r\n  \"status\" : [ \"0\" ],\r\n  \"remark\" : [ \"普通角色\" ],\r\n  \"menuIds\" : [ \"1062,1063,1074,1075,1076,1077\" ]\r\n}','{\r\n  \"msg\" : \"操作成功\",\r\n  \"code\" : 0\r\n}',0,NULL,'2019-12-31 15:28:18'),(283,'菜单管理',2,'com.ruoyi.web.controller.system.SysMenuController.editSave()','POST',1,'admin','计算机科学与技术','/system/menu/edit','127.0.0.1','内网IP','{\r\n  \"menuId\" : [ \"1065\" ],\r\n  \"parentId\" : [ \"1062\" ],\r\n  \"menuType\" : [ \"C\" ],\r\n  \"menuName\" : [ \"教师信息管理\" ],\r\n  \"url\" : [ \"/project/teacher\" ],\r\n  \"target\" : [ \"menuItem\" ],\r\n  \"perms\" : [ \"system:teacher:view\" ],\r\n  \"orderNum\" : [ \"2\" ],\r\n  \"icon\" : [ \"fa fa-address-card\" ],\r\n  \"visible\" : [ \"0\" ]\r\n}','{\r\n  \"msg\" : \"操作成功\",\r\n  \"code\" : 0\r\n}',0,NULL,'2019-12-31 15:32:02'),(284,'菜单管理',1,'com.ruoyi.web.controller.system.SysMenuController.addSave()','POST',1,'admin','计算机科学与技术','/system/menu/add','127.0.0.1','内网IP','{\r\n  \"parentId\" : [ \"1065\" ],\r\n  \"menuType\" : [ \"F\" ],\r\n  \"menuName\" : [ \"查看\" ],\r\n  \"url\" : [ \"\" ],\r\n  \"target\" : [ \"menuItem\" ],\r\n  \"perms\" : [ \"system:teacher:list\" ],\r\n  \"orderNum\" : [ \"1\" ],\r\n  \"icon\" : [ \"\" ],\r\n  \"visible\" : [ \"0\" ]\r\n}','{\r\n  \"msg\" : \"操作成功\",\r\n  \"code\" : 0\r\n}',0,NULL,'2019-12-31 15:32:35'),(285,'菜单管理',2,'com.ruoyi.web.controller.system.SysMenuController.editSave()','POST',1,'admin','计算机科学与技术','/system/menu/edit','127.0.0.1','内网IP','{\r\n  \"menuId\" : [ \"1078\" ],\r\n  \"parentId\" : [ \"1065\" ],\r\n  \"menuType\" : [ \"F\" ],\r\n  \"menuName\" : [ \"查询\" ],\r\n  \"url\" : [ \"#\" ],\r\n  \"target\" : [ \"menuItem\" ],\r\n  \"perms\" : [ \"system:teacher:list\" ],\r\n  \"orderNum\" : [ \"1\" ],\r\n  \"icon\" : [ \"#\" ],\r\n  \"visible\" : [ \"0\" ]\r\n}','{\r\n  \"msg\" : \"操作成功\",\r\n  \"code\" : 0\r\n}',0,NULL,'2019-12-31 15:33:03'),(286,'菜单管理',1,'com.ruoyi.web.controller.system.SysMenuController.addSave()','POST',1,'admin','计算机科学与技术','/system/menu/add','127.0.0.1','内网IP','{\r\n  \"parentId\" : [ \"1065\" ],\r\n  \"menuType\" : [ \"F\" ],\r\n  \"menuName\" : [ \"新增\" ],\r\n  \"url\" : [ \"\" ],\r\n  \"target\" : [ \"menuItem\" ],\r\n  \"perms\" : [ \"system:teacher:add\" ],\r\n  \"orderNum\" : [ \"2\" ],\r\n  \"icon\" : [ \"\" ],\r\n  \"visible\" : [ \"0\" ]\r\n}','{\r\n  \"msg\" : \"操作成功\",\r\n  \"code\" : 0\r\n}',0,NULL,'2019-12-31 15:33:42'),(287,'菜单管理',1,'com.ruoyi.web.controller.system.SysMenuController.addSave()','POST',1,'admin','计算机科学与技术','/system/menu/add','127.0.0.1','内网IP','{\r\n  \"parentId\" : [ \"1065\" ],\r\n  \"menuType\" : [ \"F\" ],\r\n  \"menuName\" : [ \"删除\" ],\r\n  \"url\" : [ \"\" ],\r\n  \"target\" : [ \"menuItem\" ],\r\n  \"perms\" : [ \"system:teacher:remove\" ],\r\n  \"orderNum\" : [ \"3\" ],\r\n  \"icon\" : [ \"\" ],\r\n  \"visible\" : [ \"0\" ]\r\n}','{\r\n  \"msg\" : \"操作成功\",\r\n  \"code\" : 0\r\n}',0,NULL,'2019-12-31 15:34:04'),(288,'菜单管理',1,'com.ruoyi.web.controller.system.SysMenuController.addSave()','POST',1,'admin','计算机科学与技术','/system/menu/add','127.0.0.1','内网IP','{\r\n  \"parentId\" : [ \"1065\" ],\r\n  \"menuType\" : [ \"F\" ],\r\n  \"menuName\" : [ \"修改\" ],\r\n  \"url\" : [ \"\" ],\r\n  \"target\" : [ \"menuItem\" ],\r\n  \"perms\" : [ \"system:teacher:edit\" ],\r\n  \"orderNum\" : [ \"4\" ],\r\n  \"icon\" : [ \"\" ],\r\n  \"visible\" : [ \"0\" ]\r\n}','{\r\n  \"msg\" : \"操作成功\",\r\n  \"code\" : 0\r\n}',0,NULL,'2019-12-31 15:34:22'),(289,'角色管理',2,'com.ruoyi.web.controller.system.SysRoleController.editSave()','POST',1,'admin','计算机科学与技术','/system/role/edit','127.0.0.1','内网IP','{\r\n  \"roleId\" : [ \"2\" ],\r\n  \"roleName\" : [ \"学生\" ],\r\n  \"roleKey\" : [ \"common\" ],\r\n  \"roleSort\" : [ \"3\" ],\r\n  \"status\" : [ \"0\" ],\r\n  \"remark\" : [ \"普通角色\" ],\r\n  \"menuIds\" : [ \"1062,1063,1074,1075,1076,1077,1065,1078,1079,1080,1081\" ]\r\n}','{\r\n  \"msg\" : \"操作成功\",\r\n  \"code\" : 0\r\n}',0,NULL,'2019-12-31 15:34:45'),(290,'角色管理',2,'com.ruoyi.web.controller.system.SysRoleController.editSave()','POST',1,'admin','计算机科学与技术','/system/role/edit','127.0.0.1','内网IP','{\r\n  \"roleId\" : [ \"2\" ],\r\n  \"roleName\" : [ \"学生\" ],\r\n  \"roleKey\" : [ \"common\" ],\r\n  \"roleSort\" : [ \"3\" ],\r\n  \"status\" : [ \"0\" ],\r\n  \"remark\" : [ \"普通角色\" ],\r\n  \"menuIds\" : [ \"1062,1063,1074,1075,1076,1077,1065,1078,1079,1080,1081\" ]\r\n}','{\r\n  \"msg\" : \"操作成功\",\r\n  \"code\" : 0\r\n}',0,NULL,'2019-12-31 15:35:42'),(291,'菜单管理',2,'com.ruoyi.web.controller.system.SysMenuController.editSave()','POST',1,'admin','计算机科学与技术','/system/menu/edit','127.0.0.1','内网IP','{\r\n  \"menuId\" : [ \"1066\" ],\r\n  \"parentId\" : [ \"1062\" ],\r\n  \"menuType\" : [ \"C\" ],\r\n  \"menuName\" : [ \"课程信息管理\" ],\r\n  \"url\" : [ \"/project/course\" ],\r\n  \"target\" : [ \"menuItem\" ],\r\n  \"perms\" : [ \"system:course:view\" ],\r\n  \"orderNum\" : [ \"3\" ],\r\n  \"icon\" : [ \"fa fa-address-card\" ],\r\n  \"visible\" : [ \"0\" ]\r\n}','{\r\n  \"msg\" : \"操作成功\",\r\n  \"code\" : 0\r\n}',0,NULL,'2019-12-31 15:41:37'),(292,'菜单管理',1,'com.ruoyi.web.controller.system.SysMenuController.addSave()','POST',1,'admin','计算机科学与技术','/system/menu/add','127.0.0.1','内网IP','{\r\n  \"parentId\" : [ \"1066\" ],\r\n  \"menuType\" : [ \"F\" ],\r\n  \"menuName\" : [ \"查询\" ],\r\n  \"url\" : [ \"\" ],\r\n  \"target\" : [ \"menuItem\" ],\r\n  \"perms\" : [ \"system:course:list\" ],\r\n  \"orderNum\" : [ \"1\" ],\r\n  \"icon\" : [ \"\" ],\r\n  \"visible\" : [ \"0\" ]\r\n}','{\r\n  \"msg\" : \"操作成功\",\r\n  \"code\" : 0\r\n}',0,NULL,'2019-12-31 15:41:55'),(293,'菜单管理',1,'com.ruoyi.web.controller.system.SysMenuController.addSave()','POST',1,'admin','计算机科学与技术','/system/menu/add','127.0.0.1','内网IP','{\r\n  \"parentId\" : [ \"1066\" ],\r\n  \"menuType\" : [ \"F\" ],\r\n  \"menuName\" : [ \"新增\" ],\r\n  \"url\" : [ \"\" ],\r\n  \"target\" : [ \"menuItem\" ],\r\n  \"perms\" : [ \"system:course:add\" ],\r\n  \"orderNum\" : [ \"2\" ],\r\n  \"icon\" : [ \"\" ],\r\n  \"visible\" : [ \"0\" ]\r\n}','{\r\n  \"msg\" : \"操作成功\",\r\n  \"code\" : 0\r\n}',0,NULL,'2019-12-31 15:42:14'),(294,'菜单管理',1,'com.ruoyi.web.controller.system.SysMenuController.addSave()','POST',1,'admin','计算机科学与技术','/system/menu/add','127.0.0.1','内网IP','{\r\n  \"parentId\" : [ \"1066\" ],\r\n  \"menuType\" : [ \"F\" ],\r\n  \"menuName\" : [ \"删除\" ],\r\n  \"url\" : [ \"\" ],\r\n  \"target\" : [ \"menuItem\" ],\r\n  \"perms\" : [ \"system:course:remove\" ],\r\n  \"orderNum\" : [ \"3\" ],\r\n  \"icon\" : [ \"\" ],\r\n  \"visible\" : [ \"0\" ]\r\n}','{\r\n  \"msg\" : \"操作成功\",\r\n  \"code\" : 0\r\n}',0,NULL,'2019-12-31 15:42:37'),(295,'菜单管理',1,'com.ruoyi.web.controller.system.SysMenuController.addSave()','POST',1,'admin','计算机科学与技术','/system/menu/add','127.0.0.1','内网IP','{\r\n  \"parentId\" : [ \"1066\" ],\r\n  \"menuType\" : [ \"F\" ],\r\n  \"menuName\" : [ \"修改\" ],\r\n  \"url\" : [ \"\" ],\r\n  \"target\" : [ \"menuItem\" ],\r\n  \"perms\" : [ \"system:course:edit\" ],\r\n  \"orderNum\" : [ \"4\" ],\r\n  \"icon\" : [ \"\" ],\r\n  \"visible\" : [ \"0\" ]\r\n}','{\r\n  \"msg\" : \"操作成功\",\r\n  \"code\" : 0\r\n}',0,NULL,'2019-12-31 15:42:54'),(296,'角色管理',2,'com.ruoyi.web.controller.system.SysRoleController.editSave()','POST',1,'admin','计算机科学与技术','/system/role/edit','127.0.0.1','内网IP','{\r\n  \"roleId\" : [ \"2\" ],\r\n  \"roleName\" : [ \"学生\" ],\r\n  \"roleKey\" : [ \"common\" ],\r\n  \"roleSort\" : [ \"3\" ],\r\n  \"status\" : [ \"0\" ],\r\n  \"remark\" : [ \"普通角色\" ],\r\n  \"menuIds\" : [ \"1062,1063,1074,1075,1076,1077,1065,1078,1079,1080,1081,1066,1082,1083,1084,1085\" ]\r\n}','{\r\n  \"msg\" : \"操作成功\",\r\n  \"code\" : 0\r\n}',0,NULL,'2019-12-31 15:43:24'),(297,'菜单管理',2,'com.ruoyi.web.controller.system.SysMenuController.editSave()','POST',1,'admin','计算机科学与技术','/system/menu/edit','127.0.0.1','内网IP','{\r\n  \"menuId\" : [ \"1070\" ],\r\n  \"parentId\" : [ \"1067\" ],\r\n  \"menuType\" : [ \"C\" ],\r\n  \"menuName\" : [ \"可选课程\" ],\r\n  \"url\" : [ \"/project/stuandcou/optional\" ],\r\n  \"target\" : [ \"menuItem\" ],\r\n  \"perms\" : [ \"system:optional:view\" ],\r\n  \"orderNum\" : [ \"2\" ],\r\n  \"icon\" : [ \"#\" ],\r\n  \"visible\" : [ \"0\" ]\r\n}','{\r\n  \"msg\" : \"操作成功\",\r\n  \"code\" : 0\r\n}',0,NULL,'2019-12-31 15:50:43'),(298,'菜单管理',2,'com.ruoyi.web.controller.system.SysMenuController.editSave()','POST',1,'admin','计算机科学与技术','/system/menu/edit','127.0.0.1','内网IP','{\r\n  \"menuId\" : [ \"1069\" ],\r\n  \"parentId\" : [ \"1067\" ],\r\n  \"menuType\" : [ \"C\" ],\r\n  \"menuName\" : [ \"已选课程\" ],\r\n  \"url\" : [ \"/project/stuandcou/selected\" ],\r\n  \"target\" : [ \"menuItem\" ],\r\n  \"perms\" : [ \"system:selected:view\" ],\r\n  \"orderNum\" : [ \"1\" ],\r\n  \"icon\" : [ \"#\" ],\r\n  \"visible\" : [ \"0\" ]\r\n}','{\r\n  \"msg\" : \"操作成功\",\r\n  \"code\" : 0\r\n}',0,NULL,'2019-12-31 15:51:05'),(299,'菜单管理',2,'com.ruoyi.web.controller.system.SysMenuController.editSave()','POST',1,'admin','计算机科学与技术','/system/menu/edit','127.0.0.1','内网IP','{\r\n  \"menuId\" : [ \"1069\" ],\r\n  \"parentId\" : [ \"1067\" ],\r\n  \"menuType\" : [ \"C\" ],\r\n  \"menuName\" : [ \"已选课程\" ],\r\n  \"url\" : [ \"/project/stuandcou/selected\" ],\r\n  \"target\" : [ \"menuItem\" ],\r\n  \"perms\" : [ \"system:selected:view\" ],\r\n  \"orderNum\" : [ \"1\" ],\r\n  \"icon\" : [ \"#\" ],\r\n  \"visible\" : [ \"0\" ]\r\n}','{\r\n  \"msg\" : \"操作成功\",\r\n  \"code\" : 0\r\n}',0,NULL,'2019-12-31 15:51:14'),(300,'菜单管理',1,'com.ruoyi.web.controller.system.SysMenuController.addSave()','POST',1,'admin','计算机科学与技术','/system/menu/add','127.0.0.1','内网IP','{\r\n  \"parentId\" : [ \"1070\" ],\r\n  \"menuType\" : [ \"F\" ],\r\n  \"menuName\" : [ \"查询\" ],\r\n  \"url\" : [ \"\" ],\r\n  \"target\" : [ \"menuItem\" ],\r\n  \"perms\" : [ \"system:course:list\" ],\r\n  \"orderNum\" : [ \"1\" ],\r\n  \"icon\" : [ \"\" ],\r\n  \"visible\" : [ \"0\" ]\r\n}','{\r\n  \"msg\" : \"操作成功\",\r\n  \"code\" : 0\r\n}',0,NULL,'2019-12-31 15:51:48'),(301,'菜单管理',1,'com.ruoyi.web.controller.system.SysMenuController.addSave()','POST',1,'admin','计算机科学与技术','/system/menu/add','127.0.0.1','内网IP','{\r\n  \"parentId\" : [ \"1086\" ],\r\n  \"menuType\" : [ \"F\" ],\r\n  \"menuName\" : [ \"选课\" ],\r\n  \"url\" : [ \"\" ],\r\n  \"target\" : [ \"menuItem\" ],\r\n  \"perms\" : [ \"system:optional:add\" ],\r\n  \"orderNum\" : [ \"2\" ],\r\n  \"icon\" : [ \"\" ],\r\n  \"visible\" : [ \"0\" ]\r\n}','{\r\n  \"msg\" : \"操作成功\",\r\n  \"code\" : 0\r\n}',0,NULL,'2019-12-31 15:52:30'),(302,'菜单管理',1,'com.ruoyi.web.controller.system.SysMenuController.addSave()','POST',1,'admin','计算机科学与技术','/system/menu/add','127.0.0.1','内网IP','{\r\n  \"parentId\" : [ \"1069\" ],\r\n  \"menuType\" : [ \"F\" ],\r\n  \"menuName\" : [ \"退选\" ],\r\n  \"url\" : [ \"\" ],\r\n  \"target\" : [ \"menuItem\" ],\r\n  \"perms\" : [ \"system:selected:remove\" ],\r\n  \"orderNum\" : [ \"2\" ],\r\n  \"icon\" : [ \"\" ],\r\n  \"visible\" : [ \"0\" ]\r\n}','{\r\n  \"msg\" : \"操作成功\",\r\n  \"code\" : 0\r\n}',0,NULL,'2019-12-31 15:53:38'),(303,'菜单管理',1,'com.ruoyi.web.controller.system.SysMenuController.addSave()','POST',1,'admin','计算机科学与技术','/system/menu/add','127.0.0.1','内网IP','{\r\n  \"parentId\" : [ \"1069\" ],\r\n  \"menuType\" : [ \"F\" ],\r\n  \"menuName\" : [ \"查询\" ],\r\n  \"url\" : [ \"\" ],\r\n  \"target\" : [ \"menuItem\" ],\r\n  \"perms\" : [ \"system:selected:list\" ],\r\n  \"orderNum\" : [ \"1\" ],\r\n  \"icon\" : [ \"\" ],\r\n  \"visible\" : [ \"0\" ]\r\n}','{\r\n  \"msg\" : \"操作成功\",\r\n  \"code\" : 0\r\n}',0,NULL,'2019-12-31 15:53:58'),(304,'菜单管理',2,'com.ruoyi.web.controller.system.SysMenuController.editSave()','POST',1,'admin','计算机科学与技术','/system/menu/edit','127.0.0.1','内网IP','{\r\n  \"menuId\" : [ \"1087\" ],\r\n  \"parentId\" : [ \"1070\" ],\r\n  \"menuType\" : [ \"F\" ],\r\n  \"menuName\" : [ \"选课\" ],\r\n  \"url\" : [ \"#\" ],\r\n  \"target\" : [ \"menuItem\" ],\r\n  \"perms\" : [ \"system:optional:add\" ],\r\n  \"orderNum\" : [ \"2\" ],\r\n  \"icon\" : [ \"#\" ],\r\n  \"visible\" : [ \"0\" ]\r\n}','{\r\n  \"msg\" : \"操作成功\",\r\n  \"code\" : 0\r\n}',0,NULL,'2019-12-31 15:54:23'),(305,'角色管理',2,'com.ruoyi.web.controller.system.SysRoleController.editSave()','POST',1,'admin','计算机科学与技术','/system/role/edit','127.0.0.1','内网IP','{\r\n  \"roleId\" : [ \"2\" ],\r\n  \"roleName\" : [ \"学生\" ],\r\n  \"roleKey\" : [ \"common\" ],\r\n  \"roleSort\" : [ \"3\" ],\r\n  \"status\" : [ \"0\" ],\r\n  \"remark\" : [ \"普通角色\" ],\r\n  \"menuIds\" : [ \"1062,1063,1074,1075,1076,1077,1065,1078,1079,1080,1081,1066,1082,1083,1084,1085,1067,1069,1089,1088,1070,1086,1087\" ]\r\n}','{\r\n  \"msg\" : \"操作成功\",\r\n  \"code\" : 0\r\n}',0,NULL,'2019-12-31 15:56:22'),(306,'菜单管理',2,'com.ruoyi.web.controller.system.SysMenuController.editSave()','POST',1,'admin','计算机科学与技术','/system/menu/edit','127.0.0.1','内网IP','{\r\n  \"menuId\" : [ \"1073\" ],\r\n  \"parentId\" : [ \"1068\" ],\r\n  \"menuType\" : [ \"C\" ],\r\n  \"menuName\" : [ \"成绩录入\" ],\r\n  \"url\" : [ \"/project/grade/log\" ],\r\n  \"target\" : [ \"menuItem\" ],\r\n  \"perms\" : [ \"system:log:view\" ],\r\n  \"orderNum\" : [ \"2\" ],\r\n  \"icon\" : [ \"#\" ],\r\n  \"visible\" : [ \"0\" ]\r\n}','{\r\n  \"msg\" : \"操作成功\",\r\n  \"code\" : 0\r\n}',0,NULL,'2019-12-31 15:58:26'),(307,'菜单管理',2,'com.ruoyi.web.controller.system.SysMenuController.editSave()','POST',1,'admin','计算机科学与技术','/system/menu/edit','127.0.0.1','内网IP','{\r\n  \"menuId\" : [ \"1072\" ],\r\n  \"parentId\" : [ \"1068\" ],\r\n  \"menuType\" : [ \"C\" ],\r\n  \"menuName\" : [ \"成绩查询\" ],\r\n  \"url\" : [ \"/project/grade/query\" ],\r\n  \"target\" : [ \"menuItem\" ],\r\n  \"perms\" : [ \"system:query:view\" ],\r\n  \"orderNum\" : [ \"1\" ],\r\n  \"icon\" : [ \"#\" ],\r\n  \"visible\" : [ \"0\" ]\r\n}','{\r\n  \"msg\" : \"操作成功\",\r\n  \"code\" : 0\r\n}',0,NULL,'2019-12-31 15:58:44'),(308,'菜单管理',1,'com.ruoyi.web.controller.system.SysMenuController.addSave()','POST',1,'admin','计算机科学与技术','/system/menu/add','127.0.0.1','内网IP','{\r\n  \"parentId\" : [ \"1072\" ],\r\n  \"menuType\" : [ \"F\" ],\r\n  \"menuName\" : [ \"查询\" ],\r\n  \"url\" : [ \"\" ],\r\n  \"target\" : [ \"menuItem\" ],\r\n  \"perms\" : [ \"system:log:list\" ],\r\n  \"orderNum\" : [ \"1\" ],\r\n  \"icon\" : [ \"\" ],\r\n  \"visible\" : [ \"0\" ]\r\n}','{\r\n  \"msg\" : \"操作成功\",\r\n  \"code\" : 0\r\n}',0,NULL,'2019-12-31 16:02:17'),(309,'菜单管理',2,'com.ruoyi.web.controller.system.SysMenuController.editSave()','POST',1,'admin','计算机科学与技术','/system/menu/edit','127.0.0.1','内网IP','{\r\n  \"menuId\" : [ \"1090\" ],\r\n  \"parentId\" : [ \"1072\" ],\r\n  \"menuType\" : [ \"F\" ],\r\n  \"menuName\" : [ \"查询\" ],\r\n  \"url\" : [ \"#\" ],\r\n  \"target\" : [ \"menuItem\" ],\r\n  \"perms\" : [ \"system:query:list\" ],\r\n  \"orderNum\" : [ \"1\" ],\r\n  \"icon\" : [ \"#\" ],\r\n  \"visible\" : [ \"0\" ]\r\n}','{\r\n  \"msg\" : \"操作成功\",\r\n  \"code\" : 0\r\n}',0,NULL,'2019-12-31 16:02:46'),(310,'菜单管理',1,'com.ruoyi.web.controller.system.SysMenuController.addSave()','POST',1,'admin','计算机科学与技术','/system/menu/add','127.0.0.1','内网IP','{\r\n  \"parentId\" : [ \"1073\" ],\r\n  \"menuType\" : [ \"F\" ],\r\n  \"menuName\" : [ \"查询\" ],\r\n  \"url\" : [ \"\" ],\r\n  \"target\" : [ \"menuItem\" ],\r\n  \"perms\" : [ \"system:log:list\" ],\r\n  \"orderNum\" : [ \"1\" ],\r\n  \"icon\" : [ \"\" ],\r\n  \"visible\" : [ \"0\" ]\r\n}','{\r\n  \"msg\" : \"操作成功\",\r\n  \"code\" : 0\r\n}',0,NULL,'2019-12-31 16:03:14'),(311,'菜单管理',1,'com.ruoyi.web.controller.system.SysMenuController.addSave()','POST',1,'admin','计算机科学与技术','/system/menu/add','127.0.0.1','内网IP','{\r\n  \"parentId\" : [ \"1073\" ],\r\n  \"menuType\" : [ \"F\" ],\r\n  \"menuName\" : [ \"修改\" ],\r\n  \"url\" : [ \"\" ],\r\n  \"target\" : [ \"menuItem\" ],\r\n  \"perms\" : [ \"system:log:edit\" ],\r\n  \"orderNum\" : [ \"2\" ],\r\n  \"icon\" : [ \"\" ],\r\n  \"visible\" : [ \"0\" ]\r\n}','{\r\n  \"msg\" : \"操作成功\",\r\n  \"code\" : 0\r\n}',0,NULL,'2019-12-31 16:03:44'),(312,'角色管理',2,'com.ruoyi.web.controller.system.SysRoleController.editSave()','POST',1,'admin','计算机科学与技术','/system/role/edit','127.0.0.1','内网IP','{\r\n  \"roleId\" : [ \"2\" ],\r\n  \"roleName\" : [ \"学生\" ],\r\n  \"roleKey\" : [ \"common\" ],\r\n  \"roleSort\" : [ \"3\" ],\r\n  \"status\" : [ \"0\" ],\r\n  \"remark\" : [ \"普通角色\" ],\r\n  \"menuIds\" : [ \"1062,1063,1074,1075,1076,1077,1065,1078,1079,1080,1081,1066,1082,1083,1084,1085,1067,1069,1089,1088,1070,1086,1087,1068,1072,1090,1073,1091,1092\" ]\r\n}','{\r\n  \"msg\" : \"操作成功\",\r\n  \"code\" : 0\r\n}',0,NULL,'2019-12-31 16:04:48');
INSERT INTO `sys_oper_log` VALUES (313,'角色管理',2,'com.ruoyi.web.controller.system.SysRoleController.editSave()','POST',1,'admin','计算机科学与技术','/system/role/edit','127.0.0.1','内网IP','{\r\n  \"roleId\" : [ \"2\" ],\r\n  \"roleName\" : [ \"学生\" ],\r\n  \"roleKey\" : [ \"student\" ],\r\n  \"roleSort\" : [ \"3\" ],\r\n  \"status\" : [ \"0\" ],\r\n  \"remark\" : [ \"普通角色\" ],\r\n  \"menuIds\" : [ \"1062,1063,1074,1075,1076,1077,1065,1078,1079,1080,1081,1066,1082,1083,1084,1085,1067,1069,1089,1088,1070,1086,1087,1068,1072,1090,1073,1091,1092\" ]\r\n}','{\r\n  \"msg\" : \"操作成功\",\r\n  \"code\" : 0\r\n}',0,NULL,'2019-12-31 16:11:28'),(314,'角色管理',2,'com.ruoyi.web.controller.system.SysRoleController.editSave()','POST',1,'admin','计算机科学与技术','/system/role/edit','127.0.0.1','内网IP','{\r\n  \"roleId\" : [ \"2\" ],\r\n  \"roleName\" : [ \"学生\" ],\r\n  \"roleKey\" : [ \"student\" ],\r\n  \"roleSort\" : [ \"3\" ],\r\n  \"status\" : [ \"0\" ],\r\n  \"remark\" : [ \"普通角色\" ],\r\n  \"menuIds\" : [ \"\" ]\r\n}','{\r\n  \"msg\" : \"操作成功\",\r\n  \"code\" : 0\r\n}',0,NULL,'2019-12-31 16:12:02'),(315,'角色管理',2,'com.ruoyi.web.controller.system.SysRoleController.editSave()','POST',1,'admin','计算机科学与技术','/system/role/edit','127.0.0.1','内网IP','{\r\n  \"roleId\" : [ \"1\" ],\r\n  \"roleName\" : [ \"管理员\" ],\r\n  \"roleKey\" : [ \"admin\" ],\r\n  \"roleSort\" : [ \"1\" ],\r\n  \"status\" : [ \"0\" ],\r\n  \"remark\" : [ \"管理员\" ],\r\n  \"menuIds\" : [ \"1062,1063,1074,1075,1076,1077,1065,1078,1079,1080,1081,1066,1082,1083,1084,1085,101,1007,1008,1009,1010,1011,103,1016,1017,1018,1019,104,1020,1021,1022,1023,1024,1067,1069,1089,1088,1070,1086,1087,1068,1072,1090,1073,1091,1092,1,100,1000,1001,1002,1003,1004,1005,1006,102,1012,1013,1014,1015,105,1025,1026,1027,1028,1029,106,1030,1031,1032,1033,1034,107,1035,1036,1037,1038,108,500,1039,1040,1041,1042,501,1043,1044,1045,1046,3,113,114,1057,1058,1059,1060,1061,115,2,109,1047,1048,1049,110,1050,1051,1052,1053,1054,1055,1056,111,112\" ]\r\n}','null',1,'不允许操作超级管理员角色','2019-12-31 16:12:10'),(316,'角色管理',2,'com.ruoyi.web.controller.system.SysRoleController.editSave()','POST',1,'admin','计算机科学与技术','/system/role/edit','127.0.0.1','内网IP','{\r\n  \"roleId\" : [ \"100\" ],\r\n  \"roleName\" : [ \"教师\" ],\r\n  \"roleKey\" : [ \"teacher\" ],\r\n  \"roleSort\" : [ \"2\" ],\r\n  \"status\" : [ \"0\" ],\r\n  \"remark\" : [ \"\" ],\r\n  \"menuIds\" : [ \"1062,1063,1074,1065,1078,1066,1082,1067,1069,1089,1088,1070,1086,1087,1068,1072,1090\" ]\r\n}','{\r\n  \"msg\" : \"操作成功\",\r\n  \"code\" : 0\r\n}',0,NULL,'2019-12-31 16:13:03'),(317,'角色管理',2,'com.ruoyi.web.controller.system.SysRoleController.editSave()','POST',1,'admin','计算机科学与技术','/system/role/edit','127.0.0.1','内网IP','{\r\n  \"roleId\" : [ \"2\" ],\r\n  \"roleName\" : [ \"学生\" ],\r\n  \"roleKey\" : [ \"student\" ],\r\n  \"roleSort\" : [ \"3\" ],\r\n  \"status\" : [ \"0\" ],\r\n  \"remark\" : [ \"普通角色\" ],\r\n  \"menuIds\" : [ \"1062,1063,1074,1065,1078,1066,1082,1067,1069,1089,1088,1070,1086,1087,1068,1072,1090\" ]\r\n}','{\r\n  \"msg\" : \"操作成功\",\r\n  \"code\" : 0\r\n}',0,NULL,'2019-12-31 16:14:25'),(318,'角色管理',2,'com.ruoyi.web.controller.system.SysRoleController.editSave()','POST',1,'admin','计算机科学与技术','/system/role/edit','127.0.0.1','内网IP','{\r\n  \"roleId\" : [ \"100\" ],\r\n  \"roleName\" : [ \"教师\" ],\r\n  \"roleKey\" : [ \"teacher\" ],\r\n  \"roleSort\" : [ \"2\" ],\r\n  \"status\" : [ \"0\" ],\r\n  \"remark\" : [ \"\" ],\r\n  \"menuIds\" : [ \"1062,1063,1074,1075,1076,1077,1065,1078,1079,1080,1081,1066,1082,1083,1084,1085,1068,1072,1090,1073,1091,1092\" ]\r\n}','{\r\n  \"msg\" : \"操作成功\",\r\n  \"code\" : 0\r\n}',0,NULL,'2019-12-31 16:15:01'),(319,'角色管理',2,'com.ruoyi.web.controller.system.SysRoleController.editSave()','POST',1,'admin','计算机科学与技术','/system/role/edit','127.0.0.1','内网IP','{\r\n  \"roleId\" : [ \"1\" ],\r\n  \"roleName\" : [ \"管理员\" ],\r\n  \"roleKey\" : [ \"admin\" ],\r\n  \"roleSort\" : [ \"1\" ],\r\n  \"status\" : [ \"0\" ],\r\n  \"remark\" : [ \"管理员\" ],\r\n  \"menuIds\" : [ \"1062,1063,1074,1075,1076,1077,1065,1078,1079,1080,1081,1066,1082,1083,1084,1085,101,1007,1008,1009,1010,1011,103,1016,1017,1018,1019,104,1020,1021,1022,1023,1024\" ]\r\n}','null',1,'不允许操作超级管理员角色','2019-12-31 16:15:05'),(320,'角色管理',2,'com.ruoyi.web.controller.system.SysRoleController.editSave()','POST',1,'admin','计算机科学与技术','/system/role/edit','127.0.0.1','内网IP','{\r\n  \"roleId\" : [ \"100\" ],\r\n  \"roleName\" : [ \"教师\" ],\r\n  \"roleKey\" : [ \"teacher\" ],\r\n  \"roleSort\" : [ \"2\" ],\r\n  \"status\" : [ \"0\" ],\r\n  \"remark\" : [ \"\" ],\r\n  \"menuIds\" : [ \"1062,1063,1074,1075,1076,1077,1065,1078,1079,1080,1081,1066,1082,1083,1084,1085,1068,1073,1091,1092\" ]\r\n}','{\r\n  \"msg\" : \"操作成功\",\r\n  \"code\" : 0\r\n}',0,NULL,'2019-12-31 16:21:23'),(321,'菜单管理',2,'com.ruoyi.web.controller.system.SysMenuController.editSave()','POST',1,'admin','计算机科学与技术','/system/menu/edit','127.0.0.1','内网IP','{\r\n  \"menuId\" : [ \"3\" ],\r\n  \"parentId\" : [ \"0\" ],\r\n  \"menuType\" : [ \"M\" ],\r\n  \"menuName\" : [ \"系统工具\" ],\r\n  \"url\" : [ \"#\" ],\r\n  \"target\" : [ \"menuItem\" ],\r\n  \"perms\" : [ \"\" ],\r\n  \"orderNum\" : [ \"4\" ],\r\n  \"icon\" : [ \"fa fa-bars\" ],\r\n  \"visible\" : [ \"1\" ]\r\n}','{\r\n  \"msg\" : \"操作成功\",\r\n  \"code\" : 0\r\n}',0,NULL,'2020-01-01 13:27:06'),(322,'角色管理',2,'com.ruoyi.web.controller.system.SysRoleController.editSave()','POST',1,'admin','计算机科学与技术','/system/role/edit','127.0.0.1','内网IP','{\r\n  \"roleId\" : [ \"100\" ],\r\n  \"roleName\" : [ \"教师\" ],\r\n  \"roleKey\" : [ \"teacher\" ],\r\n  \"roleSort\" : [ \"2\" ],\r\n  \"status\" : [ \"0\" ],\r\n  \"remark\" : [ \"\" ],\r\n  \"menuIds\" : [ \"1062,1063,1074,1075,1076,1077,1065,1078,1079,1080,1081,1066,1082,1083,1084,1085,103,1016,1017,1018,1019,1068,1073,1091,1092\" ]\r\n}','{\r\n  \"msg\" : \"操作成功\",\r\n  \"code\" : 0\r\n}',0,NULL,'2020-01-01 13:35:06'),(323,'角色管理',2,'com.ruoyi.web.controller.system.SysRoleController.editSave()','POST',1,'admin','计算机科学与技术','/system/role/edit','127.0.0.1','内网IP','{\r\n  \"roleId\" : [ \"2\" ],\r\n  \"roleName\" : [ \"学生\" ],\r\n  \"roleKey\" : [ \"student\" ],\r\n  \"roleSort\" : [ \"3\" ],\r\n  \"status\" : [ \"0\" ],\r\n  \"remark\" : [ \"普通角色\" ],\r\n  \"menuIds\" : [ \"1062,1063,1074,1065,1078,1066,1082,103,1016,1067,1069,1089,1088,1070,1086,1087,1068,1072,1090\" ]\r\n}','{\r\n  \"msg\" : \"操作成功\",\r\n  \"code\" : 0\r\n}',0,NULL,'2020-01-01 13:35:25'),(324,'角色管理',2,'com.ruoyi.web.controller.system.SysRoleController.editSave()','POST',1,'admin','计算机科学与技术','/system/role/edit','127.0.0.1','内网IP','{\r\n  \"roleId\" : [ \"2\" ],\r\n  \"roleName\" : [ \"学生\" ],\r\n  \"roleKey\" : [ \"student\" ],\r\n  \"roleSort\" : [ \"3\" ],\r\n  \"status\" : [ \"0\" ],\r\n  \"remark\" : [ \"普通角色\" ],\r\n  \"menuIds\" : [ \"1067,1069,1089,1088,1070,1086,1087,1068,1072,1090\" ]\r\n}','{\r\n  \"msg\" : \"操作成功\",\r\n  \"code\" : 0\r\n}',0,NULL,'2020-01-03 09:01:46'),(325,'角色管理',2,'com.ruoyi.web.controller.system.SysRoleController.editSave()','POST',1,'admin','计算机科学与技术','/system/role/edit','127.0.0.1','内网IP','{\r\n  \"roleId\" : [ \"2\" ],\r\n  \"roleName\" : [ \"学生\" ],\r\n  \"roleKey\" : [ \"student\" ],\r\n  \"roleSort\" : [ \"3\" ],\r\n  \"status\" : [ \"0\" ],\r\n  \"remark\" : [ \"普通角色\" ],\r\n  \"menuIds\" : [ \"1062,1063,1074,1065,1078,1066,1082,103,1016,1067,1069,1089,1088,1070,1086,1087,1068,1072,1090\" ]\r\n}','{\r\n  \"msg\" : \"操作成功\",\r\n  \"code\" : 0\r\n}',0,NULL,'2020-01-03 09:03:58'),(326,'菜单管理',2,'com.ruoyi.web.controller.system.SysMenuController.editSave()','POST',1,'admin','计算机科学与技术','/system/menu/edit','127.0.0.1','内网IP','{\r\n  \"menuId\" : [ \"3\" ],\r\n  \"parentId\" : [ \"0\" ],\r\n  \"menuType\" : [ \"M\" ],\r\n  \"menuName\" : [ \"系统工具\" ],\r\n  \"url\" : [ \"#\" ],\r\n  \"target\" : [ \"menuItem\" ],\r\n  \"perms\" : [ \"\" ],\r\n  \"orderNum\" : [ \"4\" ],\r\n  \"icon\" : [ \"fa fa-bars\" ],\r\n  \"visible\" : [ \"0\" ]\r\n}','{\r\n  \"msg\" : \"操作成功\",\r\n  \"code\" : 0\r\n}',0,NULL,'2020-01-04 17:09:45'),(327,'菜单管理',2,'com.ruoyi.web.controller.system.SysMenuController.editSave()','POST',1,'admin','计算机科学与技术','/system/menu/edit','127.0.0.1','内网IP','{\r\n  \"menuId\" : [ \"2\" ],\r\n  \"parentId\" : [ \"0\" ],\r\n  \"menuType\" : [ \"M\" ],\r\n  \"menuName\" : [ \"系统监控\" ],\r\n  \"url\" : [ \"#\" ],\r\n  \"target\" : [ \"menuItem\" ],\r\n  \"perms\" : [ \"\" ],\r\n  \"orderNum\" : [ \"5\" ],\r\n  \"icon\" : [ \"fa fa-video-camera\" ],\r\n  \"visible\" : [ \"0\" ]\r\n}','{\r\n  \"msg\" : \"操作成功\",\r\n  \"code\" : 0\r\n}',0,NULL,'2020-01-04 17:09:49'),(328,'菜单管理',2,'com.ruoyi.web.controller.system.SysMenuController.editSave()','POST',1,'admin','计算机科学与技术','/system/menu/edit','127.0.0.1','内网IP','{\r\n  \"menuId\" : [ \"3\" ],\r\n  \"parentId\" : [ \"0\" ],\r\n  \"menuType\" : [ \"M\" ],\r\n  \"menuName\" : [ \"系统工具\" ],\r\n  \"url\" : [ \"#\" ],\r\n  \"target\" : [ \"menuItem\" ],\r\n  \"perms\" : [ \"\" ],\r\n  \"orderNum\" : [ \"4\" ],\r\n  \"icon\" : [ \"fa fa-bars\" ],\r\n  \"visible\" : [ \"1\" ]\r\n}','{\r\n  \"msg\" : \"操作成功\",\r\n  \"code\" : 0\r\n}',0,NULL,'2020-01-04 17:10:04'),(329,'角色管理',2,'com.ruoyi.web.controller.system.SysRoleController.editSave()','POST',1,'admin','计算机科学与技术','/system/role/edit','127.0.0.1','内网IP','{\r\n  \"roleId\" : [ \"100\" ],\r\n  \"roleName\" : [ \"教师\" ],\r\n  \"roleKey\" : [ \"teacher\" ],\r\n  \"roleSort\" : [ \"2\" ],\r\n  \"status\" : [ \"0\" ],\r\n  \"remark\" : [ \"\" ],\r\n  \"menuIds\" : [ \"1062,1063,1074,1075,1076,1077,1065,1078,1079,1080,1081,1066,1082,1083,1084,1085,103,1016,1017,1018,1019,1067,1070,1086,1068,1073,1091,1092\" ]\r\n}','{\r\n  \"msg\" : \"操作成功\",\r\n  \"code\" : 0\r\n}',0,NULL,'2020-01-04 17:18:37'),(330,'角色管理',2,'com.ruoyi.web.controller.system.SysRoleController.editSave()','POST',1,'admin','计算机科学与技术','/system/role/edit','127.0.0.1','内网IP','{\r\n  \"roleId\" : [ \"100\" ],\r\n  \"roleName\" : [ \"教师\" ],\r\n  \"roleKey\" : [ \"teacher\" ],\r\n  \"roleSort\" : [ \"2\" ],\r\n  \"status\" : [ \"0\" ],\r\n  \"remark\" : [ \"\" ],\r\n  \"menuIds\" : [ \"1062,1063,1074,1075,1076,1077,1065,1078,1079,1080,1081,1066,1082,1083,1084,1085,103,1016,1017,1018,1019,1068,1073,1091,1092\" ]\r\n}','{\r\n  \"msg\" : \"操作成功\",\r\n  \"code\" : 0\r\n}',0,NULL,'2020-01-04 17:26:21'),(331,'角色管理',2,'com.ruoyi.web.controller.system.SysRoleController.editSave()','POST',1,'admin','计算机科学与技术','/system/role/edit','127.0.0.1','内网IP','{\r\n  \"roleId\" : [ \"2\" ],\r\n  \"roleName\" : [ \"学生\" ],\r\n  \"roleKey\" : [ \"student\" ],\r\n  \"roleSort\" : [ \"3\" ],\r\n  \"status\" : [ \"0\" ],\r\n  \"remark\" : [ \"普通角色\" ],\r\n  \"menuIds\" : [ \"1067,1069,1089,1088,1070,1086,1087,1068,1072,1090\" ]\r\n}','{\r\n  \"msg\" : \"操作成功\",\r\n  \"code\" : 0\r\n}',0,NULL,'2020-01-04 17:26:44'),(332,'菜单管理',2,'com.ruoyi.web.controller.system.SysMenuController.editSave()','POST',1,'admin','计算机科学与技术','/system/menu/edit','127.0.0.1','内网IP','{\r\n  \"menuId\" : [ \"2\" ],\r\n  \"parentId\" : [ \"0\" ],\r\n  \"menuType\" : [ \"M\" ],\r\n  \"menuName\" : [ \"系统监控\" ],\r\n  \"url\" : [ \"#\" ],\r\n  \"target\" : [ \"menuItem\" ],\r\n  \"perms\" : [ \"\" ],\r\n  \"orderNum\" : [ \"5\" ],\r\n  \"icon\" : [ \"fa fa-video-camera\" ],\r\n  \"visible\" : [ \"1\" ]\r\n}','{\r\n  \"msg\" : \"操作成功\",\r\n  \"code\" : 0\r\n}',0,NULL,'2020-01-04 18:51:13'),(333,'角色管理',2,'com.ruoyi.web.controller.system.SysRoleController.editSave()','POST',1,'admin','计算机科学与技术','/system/role/edit','127.0.0.1','内网IP','{\r\n  \"roleId\" : [ \"100\" ],\r\n  \"roleName\" : [ \"教师\" ],\r\n  \"roleKey\" : [ \"teacher\" ],\r\n  \"roleSort\" : [ \"2\" ],\r\n  \"status\" : [ \"0\" ],\r\n  \"remark\" : [ \"\" ],\r\n  \"menuIds\" : [ \"1062,1063,1074,1075,1076,1077,1065,1078,1079,1080,1081,1066,1082,1083,1084,1085,103,1016,1017,1018,1019,1068,1073,1091,1092\" ]\r\n}','{\r\n  \"msg\" : \"操作成功\",\r\n  \"code\" : 0\r\n}',0,NULL,'2020-01-04 18:53:44'),(334,'角色管理',2,'com.ruoyi.web.controller.system.SysRoleController.editSave()','POST',1,'admin','计算机科学与技术','/system/role/edit','127.0.0.1','内网IP','{\r\n  \"roleId\" : [ \"2\" ],\r\n  \"roleName\" : [ \"学生\" ],\r\n  \"roleKey\" : [ \"student\" ],\r\n  \"roleSort\" : [ \"3\" ],\r\n  \"status\" : [ \"0\" ],\r\n  \"remark\" : [ \"普通角色\" ],\r\n  \"menuIds\" : [ \"1067,1069,1089,1088,1070,1086,1087,1068,1072,1090\" ]\r\n}','{\r\n  \"msg\" : \"操作成功\",\r\n  \"code\" : 0\r\n}',0,NULL,'2020-01-04 18:53:55'),(335,'角色管理',2,'com.ruoyi.web.controller.system.SysRoleController.editSave()','POST',1,'admin','计算机科学与技术','/system/role/edit','127.0.0.1','内网IP','{\r\n  \"roleId\" : [ \"100\" ],\r\n  \"roleName\" : [ \"教师\" ],\r\n  \"roleKey\" : [ \"teacher\" ],\r\n  \"roleSort\" : [ \"2\" ],\r\n  \"status\" : [ \"0\" ],\r\n  \"remark\" : [ \"普通角色\" ],\r\n  \"menuIds\" : [ \"1062,1063,1074,1075,1076,1077,1065,1078,1079,1080,1081,1066,1082,1083,1084,1085,103,1016,1017,1018,1019,1068,1073,1091,1092\" ]\r\n}','{\r\n  \"msg\" : \"操作成功\",\r\n  \"code\" : 0\r\n}',0,NULL,'2020-01-04 18:54:13'),(336,'菜单管理',2,'com.ruoyi.web.controller.system.SysMenuController.editSave()','POST',1,'admin','计算机科学与技术','/system/menu/edit','223.104.235.120','XX XX','{\n  \"menuId\" : [ \"1\" ],\n  \"parentId\" : [ \"0\" ],\n  \"menuType\" : [ \"M\" ],\n  \"menuName\" : [ \"系统管理\" ],\n  \"url\" : [ \"#\" ],\n  \"target\" : [ \"menuItem\" ],\n  \"perms\" : [ \"\" ],\n  \"orderNum\" : [ \"3\" ],\n  \"icon\" : [ \"fa fa-gear\" ],\n  \"visible\" : [ \"1\" ]\n}','{\n  \"msg\" : \"操作成功\",\n  \"code\" : 0\n}',0,NULL,'2020-01-06 14:04:45'),(337,'角色管理',2,'com.ruoyi.web.controller.system.SysRoleController.editSave()','POST',1,'admin','计算机科学与技术','/system/role/edit','223.104.235.120','辽宁 沈阳','{\n  \"roleId\" : [ \"100\" ],\n  \"roleName\" : [ \"教师\" ],\n  \"roleKey\" : [ \"teacher\" ],\n  \"roleSort\" : [ \"2\" ],\n  \"status\" : [ \"0\" ],\n  \"remark\" : [ \"普通角色\" ],\n  \"menuIds\" : [ \"1062,1063,1074,1075,1076,1077,1066,1082,1083,1084,1085,1068,1073,1091,1092\" ]\n}','{\n  \"msg\" : \"操作成功\",\n  \"code\" : 0\n}',0,NULL,'2020-01-06 14:27:23'),(338,'菜单管理',1,'com.ruoyi.web.controller.system.SysMenuController.addSave()','POST',1,'admin','计算机科学与技术','/system/menu/add','127.0.0.1','内网IP','{\r\n  \"parentId\" : [ \"1068\" ],\r\n  \"menuType\" : [ \"C\" ],\r\n  \"menuName\" : [ \"成绩统计\" ],\r\n  \"url\" : [ \"/project/grade/all\" ],\r\n  \"target\" : [ \"menuItem\" ],\r\n  \"perms\" : [ \"system:all:view\" ],\r\n  \"orderNum\" : [ \"3\" ],\r\n  \"icon\" : [ \"\" ],\r\n  \"visible\" : [ \"0\" ]\r\n}','{\r\n  \"msg\" : \"操作成功\",\r\n  \"code\" : 0\r\n}',0,NULL,'2020-01-07 01:15:29'),(339,'菜单管理',1,'com.ruoyi.web.controller.system.SysMenuController.addSave()','POST',1,'admin','计算机科学与技术','/system/menu/add','223.104.235.120','辽宁 沈阳','{\n  \"parentId\" : [ \"1093\" ],\n  \"menuType\" : [ \"F\" ],\n  \"menuName\" : [ \"查询\" ],\n  \"url\" : [ \"\" ],\n  \"target\" : [ \"menuItem\" ],\n  \"perms\" : [ \"system:all:list\" ],\n  \"orderNum\" : [ \"1\" ],\n  \"icon\" : [ \"\" ],\n  \"visible\" : [ \"0\" ]\n}','{\n  \"msg\" : \"操作成功\",\n  \"code\" : 0\n}',0,NULL,'2020-01-07 01:30:25'),(340,'角色管理',2,'com.ruoyi.web.controller.system.SysRoleController.editSave()','POST',1,'admin','计算机科学与技术','/system/role/edit','223.104.235.120','辽宁 沈阳','{\n  \"roleId\" : [ \"100\" ],\n  \"roleName\" : [ \"教师\" ],\n  \"roleKey\" : [ \"teacher\" ],\n  \"roleSort\" : [ \"2\" ],\n  \"status\" : [ \"0\" ],\n  \"remark\" : [ \"普通角色\" ],\n  \"menuIds\" : [ \"1062,1063,1074,1075,1076,1077,1066,1082,1068,1073,1091,1092\" ]\n}','{\n  \"msg\" : \"操作成功\",\n  \"code\" : 0\n}',0,NULL,'2020-01-07 15:58:42'),(341,'部门管理',2,'com.ruoyi.web.controller.system.SysDeptController.editSave()','POST',1,'admin','计算机科学与技术','/system/dept/edit','202.112.30.6','辽宁 沈阳','{\n  \"deptId\" : [ \"218\" ],\n  \"parentId\" : [ \"100\" ],\n  \"parentName\" : [ \"计算机学院\" ],\n  \"deptName\" : [ \"网络工程\" ],\n  \"orderNum\" : [ \"2\" ],\n  \"leader\" : [ \"董理\" ],\n  \"phone\" : [ \"13700126192\" ],\n  \"email\" : [ \"498155701@qq.com\" ],\n  \"status\" : [ \"0\" ]\n}','{\n  \"msg\" : \"操作成功\",\n  \"code\" : 0\n}',0,NULL,'2020-01-07 21:46:38'),(342,'菜单管理',2,'com.ruoyi.web.controller.system.SysMenuController.editSave()','POST',1,'admin','计算机科学与技术','/system/menu/edit','223.104.235.61','辽宁 沈阳','{\n  \"menuId\" : [ \"1\" ],\n  \"parentId\" : [ \"0\" ],\n  \"menuType\" : [ \"M\" ],\n  \"menuName\" : [ \"系统管理\" ],\n  \"url\" : [ \"#\" ],\n  \"target\" : [ \"menuItem\" ],\n  \"perms\" : [ \"\" ],\n  \"orderNum\" : [ \"3\" ],\n  \"icon\" : [ \"fa fa-gear\" ],\n  \"visible\" : [ \"1\" ]\n}','{\n  \"msg\" : \"操作成功\",\n  \"code\" : 0\n}',0,NULL,'2020-01-08 12:34:27'),(343,'部门管理',2,'com.ruoyi.web.controller.system.SysDeptController.editSave()','POST',1,'admin','计算机科学与技术','/system/dept/edit','223.104.235.35','辽宁 沈阳','{\n  \"deptId\" : [ \"217\" ],\n  \"parentId\" : [ \"100\" ],\n  \"parentName\" : [ \"计算机学院\" ],\n  \"deptName\" : [ \"计算机科学与技术\" ],\n  \"orderNum\" : [ \"1\" ],\n  \"leader\" : [ \"admin\" ],\n  \"phone\" : [ \"15841490867\" ],\n  \"email\" : [ \"498155701@qq.com\" ],\n  \"status\" : [ \"0\" ]\n}','{\n  \"msg\" : \"操作成功\",\n  \"code\" : 0\n}',0,NULL,'2020-01-08 16:31:56'),(344,'菜单管理',2,'com.ruoyi.web.controller.system.SysMenuController.editSave()','POST',1,'admin','计算机科学与技术','/system/menu/edit','127.0.0.1','内网IP','{\r\n  \"menuId\" : [ \"1067\" ],\r\n  \"parentId\" : [ \"0\" ],\r\n  \"menuType\" : [ \"M\" ],\r\n  \"menuName\" : [ \"学生选课\" ],\r\n  \"url\" : [ \"#\" ],\r\n  \"target\" : [ \"menuItem\" ],\r\n  \"perms\" : [ \"\" ],\r\n  \"orderNum\" : [ \"1\" ],\r\n  \"icon\" : [ \"fa fa-bar-chart-o\" ],\r\n  \"visible\" : [ \"1\" ]\r\n}','{\r\n  \"msg\" : \"操作成功\",\r\n  \"code\" : 0\r\n}',0,NULL,'2020-01-18 19:19:34'),(345,'菜单管理',2,'com.ruoyi.web.controller.system.SysMenuController.editSave()','POST',1,'admin','计算机科学与技术','/system/menu/edit','127.0.0.1','内网IP','{\r\n  \"menuId\" : [ \"1068\" ],\r\n  \"parentId\" : [ \"0\" ],\r\n  \"menuType\" : [ \"M\" ],\r\n  \"menuName\" : [ \"成绩管理\" ],\r\n  \"url\" : [ \"#\" ],\r\n  \"target\" : [ \"menuItem\" ],\r\n  \"perms\" : [ \"\" ],\r\n  \"orderNum\" : [ \"2\" ],\r\n  \"icon\" : [ \"fa fa-bars\" ],\r\n  \"visible\" : [ \"1\" ]\r\n}','{\r\n  \"msg\" : \"操作成功\",\r\n  \"code\" : 0\r\n}',0,NULL,'2020-01-18 19:19:40'),(346,'菜单管理',2,'com.ruoyi.web.controller.system.SysMenuController.editSave()','POST',1,'admin','计算机科学与技术','/system/menu/edit','127.0.0.1','内网IP','{\r\n  \"menuId\" : [ \"1066\" ],\r\n  \"parentId\" : [ \"1062\" ],\r\n  \"menuType\" : [ \"C\" ],\r\n  \"menuName\" : [ \"课程信息管理\" ],\r\n  \"url\" : [ \"/project/course\" ],\r\n  \"target\" : [ \"menuItem\" ],\r\n  \"perms\" : [ \"system:course:view\" ],\r\n  \"orderNum\" : [ \"3\" ],\r\n  \"icon\" : [ \"fa fa-address-card\" ],\r\n  \"visible\" : [ \"1\" ]\r\n}','{\r\n  \"msg\" : \"操作成功\",\r\n  \"code\" : 0\r\n}',0,NULL,'2020-01-18 19:19:50'),(347,'菜单管理',1,'com.ruoyi.web.controller.system.SysMenuController.addSave()','POST',1,'admin','计算机科学与技术','/system/menu/add','127.0.0.1','内网IP','{\r\n  \"parentId\" : [ \"1062\" ],\r\n  \"menuType\" : [ \"C\" ],\r\n  \"menuName\" : [ \"生产实习信息管理\" ],\r\n  \"url\" : [ \"/sau/production\" ],\r\n  \"target\" : [ \"menuItem\" ],\r\n  \"perms\" : [ \"\" ],\r\n  \"orderNum\" : [ \"7\" ],\r\n  \"icon\" : [ \"\" ],\r\n  \"visible\" : [ \"0\" ]\r\n}','{\r\n  \"msg\" : \"操作成功\",\r\n  \"code\" : 0\r\n}',0,NULL,'2020-01-20 21:04:14'),(348,'菜单管理',2,'com.ruoyi.web.controller.system.SysMenuController.editSave()','POST',1,'admin','计算机科学与技术','/system/menu/edit','127.0.0.1','内网IP','{\r\n  \"menuId\" : [ \"1095\" ],\r\n  \"parentId\" : [ \"1062\" ],\r\n  \"menuType\" : [ \"C\" ],\r\n  \"menuName\" : [ \"生产实习信息管理\" ],\r\n  \"url\" : [ \"/sau/production\" ],\r\n  \"target\" : [ \"menuItem\" ],\r\n  \"perms\" : [ \"system:production:list\" ],\r\n  \"orderNum\" : [ \"7\" ],\r\n  \"icon\" : [ \"#\" ],\r\n  \"visible\" : [ \"0\" ]\r\n}','{\r\n  \"msg\" : \"操作成功\",\r\n  \"code\" : 0\r\n}',0,NULL,'2020-01-20 22:15:21'),(349,'菜单管理',2,'com.ruoyi.web.controller.system.SysMenuController.editSave()','POST',1,'admin','计算机科学与技术','/system/menu/edit','127.0.0.1','内网IP','{\r\n  \"menuId\" : [ \"1095\" ],\r\n  \"parentId\" : [ \"1062\" ],\r\n  \"menuType\" : [ \"C\" ],\r\n  \"menuName\" : [ \"生产实习信息管理\" ],\r\n  \"url\" : [ \"/sau/production\" ],\r\n  \"target\" : [ \"menuItem\" ],\r\n  \"perms\" : [ \"system:production:view\" ],\r\n  \"orderNum\" : [ \"7\" ],\r\n  \"icon\" : [ \"#\" ],\r\n  \"visible\" : [ \"0\" ]\r\n}','{\r\n  \"msg\" : \"操作成功\",\r\n  \"code\" : 0\r\n}',0,NULL,'2020-01-20 22:15:47'),(350,'菜单管理',2,'com.ruoyi.web.controller.system.SysMenuController.editSave()','POST',1,'admin','计算机科学与技术','/system/menu/edit','127.0.0.1','内网IP','{\r\n  \"menuId\" : [ \"1095\" ],\r\n  \"parentId\" : [ \"1062\" ],\r\n  \"menuType\" : [ \"C\" ],\r\n  \"menuName\" : [ \"生产实习信息管理\" ],\r\n  \"url\" : [ \"/sau/production\" ],\r\n  \"target\" : [ \"menuItem\" ],\r\n  \"perms\" : [ \"system:production:view\" ],\r\n  \"orderNum\" : [ \"7\" ],\r\n  \"icon\" : [ \"#\" ],\r\n  \"visible\" : [ \"0\" ]\r\n}','{\r\n  \"msg\" : \"操作成功\",\r\n  \"code\" : 0\r\n}',0,NULL,'2020-01-20 22:16:59'),(351,'菜单管理',1,'com.ruoyi.web.controller.system.SysMenuController.addSave()','POST',1,'admin','计算机科学与技术','/system/menu/add','127.0.0.1','内网IP','{\r\n  \"parentId\" : [ \"1095\" ],\r\n  \"menuType\" : [ \"F\" ],\r\n  \"menuName\" : [ \"生产实习信息查询\" ],\r\n  \"url\" : [ \"\" ],\r\n  \"target\" : [ \"menuItem\" ],\r\n  \"perms\" : [ \"system:production:list\" ],\r\n  \"orderNum\" : [ \"1\" ],\r\n  \"icon\" : [ \"\" ],\r\n  \"visible\" : [ \"0\" ]\r\n}','{\r\n  \"msg\" : \"操作成功\",\r\n  \"code\" : 0\r\n}',0,NULL,'2020-01-20 22:17:34'),(352,'菜单管理',1,'com.ruoyi.web.controller.system.SysMenuController.addSave()','POST',1,'admin','计算机科学与技术','/system/menu/add','127.0.0.1','内网IP','{\r\n  \"parentId\" : [ \"1095\" ],\r\n  \"menuType\" : [ \"F\" ],\r\n  \"menuName\" : [ \"生产实习信息新增\" ],\r\n  \"url\" : [ \"\" ],\r\n  \"target\" : [ \"menuItem\" ],\r\n  \"perms\" : [ \"system:production:add\" ],\r\n  \"orderNum\" : [ \"2\" ],\r\n  \"icon\" : [ \"\" ],\r\n  \"visible\" : [ \"0\" ]\r\n}','{\r\n  \"msg\" : \"操作成功\",\r\n  \"code\" : 0\r\n}',0,NULL,'2020-01-20 22:18:10'),(353,'菜单管理',1,'com.ruoyi.web.controller.system.SysMenuController.addSave()','POST',1,'admin','计算机科学与技术','/system/menu/add','127.0.0.1','内网IP','{\r\n  \"parentId\" : [ \"1095\" ],\r\n  \"menuType\" : [ \"F\" ],\r\n  \"menuName\" : [ \"生产实习信息修改\" ],\r\n  \"url\" : [ \"\" ],\r\n  \"target\" : [ \"menuItem\" ],\r\n  \"perms\" : [ \"system:production:edit\" ],\r\n  \"orderNum\" : [ \"3\" ],\r\n  \"icon\" : [ \"\" ],\r\n  \"visible\" : [ \"0\" ]\r\n}','{\r\n  \"msg\" : \"操作成功\",\r\n  \"code\" : 0\r\n}',0,NULL,'2020-01-20 22:18:45'),(354,'菜单管理',2,'com.ruoyi.web.controller.system.SysMenuController.editSave()','POST',1,'admin','计算机科学与技术','/system/menu/edit','127.0.0.1','内网IP','{\r\n  \"menuId\" : [ \"1098\" ],\r\n  \"parentId\" : [ \"1095\" ],\r\n  \"menuType\" : [ \"F\" ],\r\n  \"menuName\" : [ \"生产实习信息删除\" ],\r\n  \"url\" : [ \"#\" ],\r\n  \"target\" : [ \"menuItem\" ],\r\n  \"perms\" : [ \"system:production:remove\" ],\r\n  \"orderNum\" : [ \"3\" ],\r\n  \"icon\" : [ \"#\" ],\r\n  \"visible\" : [ \"0\" ]\r\n}','{\r\n  \"msg\" : \"操作成功\",\r\n  \"code\" : 0\r\n}',0,NULL,'2020-01-20 22:19:17'),(355,'菜单管理',1,'com.ruoyi.web.controller.system.SysMenuController.addSave()','POST',1,'admin','计算机科学与技术','/system/menu/add','127.0.0.1','内网IP','{\r\n  \"parentId\" : [ \"1095\" ],\r\n  \"menuType\" : [ \"F\" ],\r\n  \"menuName\" : [ \"生产实习信息修改\" ],\r\n  \"url\" : [ \"\" ],\r\n  \"target\" : [ \"menuItem\" ],\r\n  \"perms\" : [ \"system:production:edit\" ],\r\n  \"orderNum\" : [ \"4\" ],\r\n  \"icon\" : [ \"\" ],\r\n  \"visible\" : [ \"0\" ]\r\n}','{\r\n  \"msg\" : \"操作成功\",\r\n  \"code\" : 0\r\n}',0,NULL,'2020-01-20 22:20:08'),(356,'菜单管理',1,'com.ruoyi.web.controller.system.SysMenuController.addSave()','POST',1,'admin','计算机科学与技术','/system/menu/add','127.0.0.1','内网IP','{\r\n  \"parentId\" : [ \"1062\" ],\r\n  \"menuType\" : [ \"C\" ],\r\n  \"menuName\" : [ \"顶岗实习信息管理\" ],\r\n  \"url\" : [ \"/sau/work\" ],\r\n  \"target\" : [ \"menuItem\" ],\r\n  \"perms\" : [ \"system:work:view\" ],\r\n  \"orderNum\" : [ \"8\" ],\r\n  \"icon\" : [ \"\" ],\r\n  \"visible\" : [ \"0\" ]\r\n}','{\r\n  \"msg\" : \"操作成功\",\r\n  \"code\" : 0\r\n}',0,NULL,'2020-01-20 22:25:16'),(357,'菜单管理',1,'com.ruoyi.web.controller.system.SysMenuController.addSave()','POST',1,'admin','计算机科学与技术','/system/menu/add','127.0.0.1','内网IP','{\r\n  \"parentId\" : [ \"1100\" ],\r\n  \"menuType\" : [ \"F\" ],\r\n  \"menuName\" : [ \"顶岗实习信息查询\" ],\r\n  \"url\" : [ \"\" ],\r\n  \"target\" : [ \"menuItem\" ],\r\n  \"perms\" : [ \"system:work:list\" ],\r\n  \"orderNum\" : [ \"1\" ],\r\n  \"icon\" : [ \"\" ],\r\n  \"visible\" : [ \"0\" ]\r\n}','{\r\n  \"msg\" : \"操作成功\",\r\n  \"code\" : 0\r\n}',0,NULL,'2020-01-20 22:25:54'),(358,'菜单管理',1,'com.ruoyi.web.controller.system.SysMenuController.addSave()','POST',1,'admin','计算机科学与技术','/system/menu/add','127.0.0.1','内网IP','{\r\n  \"parentId\" : [ \"1100\" ],\r\n  \"menuType\" : [ \"F\" ],\r\n  \"menuName\" : [ \"顶岗实习信息新增\" ],\r\n  \"url\" : [ \"\" ],\r\n  \"target\" : [ \"menuItem\" ],\r\n  \"perms\" : [ \"system:work:add\" ],\r\n  \"orderNum\" : [ \"2\" ],\r\n  \"icon\" : [ \"\" ],\r\n  \"visible\" : [ \"0\" ]\r\n}','{\r\n  \"msg\" : \"操作成功\",\r\n  \"code\" : 0\r\n}',0,NULL,'2020-01-20 22:26:15'),(359,'菜单管理',1,'com.ruoyi.web.controller.system.SysMenuController.addSave()','POST',1,'admin','计算机科学与技术','/system/menu/add','127.0.0.1','内网IP','{\r\n  \"parentId\" : [ \"1100\" ],\r\n  \"menuType\" : [ \"F\" ],\r\n  \"menuName\" : [ \"顶岗实习信息修改\" ],\r\n  \"url\" : [ \"\" ],\r\n  \"target\" : [ \"menuItem\" ],\r\n  \"perms\" : [ \"system:work:edit\" ],\r\n  \"orderNum\" : [ \"3\" ],\r\n  \"icon\" : [ \"\" ],\r\n  \"visible\" : [ \"0\" ]\r\n}','{\r\n  \"msg\" : \"操作成功\",\r\n  \"code\" : 0\r\n}',0,NULL,'2020-01-20 22:26:36'),(360,'菜单管理',1,'com.ruoyi.web.controller.system.SysMenuController.addSave()','POST',1,'admin','计算机科学与技术','/system/menu/add','127.0.0.1','内网IP','{\r\n  \"parentId\" : [ \"1100\" ],\r\n  \"menuType\" : [ \"F\" ],\r\n  \"menuName\" : [ \"顶岗实习信息删除\" ],\r\n  \"url\" : [ \"\" ],\r\n  \"target\" : [ \"menuItem\" ],\r\n  \"perms\" : [ \"system:work:remove\" ],\r\n  \"orderNum\" : [ \"4\" ],\r\n  \"icon\" : [ \"\" ],\r\n  \"visible\" : [ \"0\" ]\r\n}','{\r\n  \"msg\" : \"操作成功\",\r\n  \"code\" : 0\r\n}',0,NULL,'2020-01-20 22:27:01'),(361,'菜单管理',1,'com.ruoyi.web.controller.system.SysMenuController.addSave()','POST',1,'admin','计算机科学与技术','/system/menu/add','127.0.0.1','内网IP','{\r\n  \"parentId\" : [ \"0\" ],\r\n  \"menuType\" : [ \"M\" ],\r\n  \"menuName\" : [ \"生产实习\" ],\r\n  \"url\" : [ \"\" ],\r\n  \"target\" : [ \"menuItem\" ],\r\n  \"perms\" : [ \"\" ],\r\n  \"orderNum\" : [ \"1\" ],\r\n  \"icon\" : [ \"fa fa-address-card-o\" ],\r\n  \"visible\" : [ \"0\" ]\r\n}','{\r\n  \"msg\" : \"操作成功\",\r\n  \"code\" : 0\r\n}',0,NULL,'2020-01-22 16:45:03'),(362,'菜单管理',1,'com.ruoyi.web.controller.system.SysMenuController.addSave()','POST',1,'admin','计算机科学与技术','/system/menu/add','127.0.0.1','内网IP','{\r\n  \"parentId\" : [ \"0\" ],\r\n  \"menuType\" : [ \"M\" ],\r\n  \"menuName\" : [ \"顶岗实习\" ],\r\n  \"url\" : [ \"\" ],\r\n  \"target\" : [ \"menuItem\" ],\r\n  \"perms\" : [ \"\" ],\r\n  \"orderNum\" : [ \"1\" ],\r\n  \"icon\" : [ \"fa fa-address-card-o\" ],\r\n  \"visible\" : [ \"0\" ]\r\n}','{\r\n  \"msg\" : \"操作成功\",\r\n  \"code\" : 0\r\n}',0,NULL,'2020-01-22 16:45:29'),(363,'菜单管理',1,'com.ruoyi.web.controller.system.SysMenuController.addSave()','POST',1,'admin','计算机科学与技术','/system/menu/add','127.0.0.1','内网IP','{\r\n  \"parentId\" : [ \"0\" ],\r\n  \"menuType\" : [ \"M\" ],\r\n  \"menuName\" : [ \"实习管理\" ],\r\n  \"url\" : [ \"\" ],\r\n  \"target\" : [ \"menuItem\" ],\r\n  \"perms\" : [ \"\" ],\r\n  \"orderNum\" : [ \"2\" ],\r\n  \"icon\" : [ \"\" ],\r\n  \"visible\" : [ \"0\" ]\r\n}','{\r\n  \"msg\" : \"操作成功\",\r\n  \"code\" : 0\r\n}',0,NULL,'2020-01-22 16:45:54'),(364,'菜单管理',2,'com.ruoyi.web.controller.system.SysMenuController.editSave()','POST',1,'admin','计算机科学与技术','/system/menu/edit','127.0.0.1','内网IP','{\r\n  \"menuId\" : [ \"1107\" ],\r\n  \"parentId\" : [ \"0\" ],\r\n  \"menuType\" : [ \"M\" ],\r\n  \"menuName\" : [ \"实习管理\" ],\r\n  \"url\" : [ \"#\" ],\r\n  \"target\" : [ \"menuItem\" ],\r\n  \"perms\" : [ \"\" ],\r\n  \"orderNum\" : [ \"2\" ],\r\n  \"icon\" : [ \"fa fa-address-card\" ],\r\n  \"visible\" : [ \"0\" ]\r\n}','{\r\n  \"msg\" : \"操作成功\",\r\n  \"code\" : 0\r\n}',0,NULL,'2020-01-22 16:46:08'),(365,'菜单管理',2,'com.ruoyi.web.controller.system.SysMenuController.editSave()','POST',1,'admin','计算机科学与技术','/system/menu/edit','127.0.0.1','内网IP','{\r\n  \"menuId\" : [ \"1105\" ],\r\n  \"parentId\" : [ \"0\" ],\r\n  \"menuType\" : [ \"M\" ],\r\n  \"menuName\" : [ \"生产实习\" ],\r\n  \"url\" : [ \"#\" ],\r\n  \"target\" : [ \"menuItem\" ],\r\n  \"perms\" : [ \"\" ],\r\n  \"orderNum\" : [ \"1\" ],\r\n  \"icon\" : [ \"fa fa-address-book-o\" ],\r\n  \"visible\" : [ \"0\" ]\r\n}','{\r\n  \"msg\" : \"操作成功\",\r\n  \"code\" : 0\r\n}',0,NULL,'2020-01-22 16:46:58'),(366,'菜单管理',2,'com.ruoyi.web.controller.system.SysMenuController.editSave()','POST',1,'admin','计算机科学与技术','/system/menu/edit','127.0.0.1','内网IP','{\r\n  \"menuId\" : [ \"1105\" ],\r\n  \"parentId\" : [ \"0\" ],\r\n  \"menuType\" : [ \"M\" ],\r\n  \"menuName\" : [ \"生产实习\" ],\r\n  \"url\" : [ \"#\" ],\r\n  \"target\" : [ \"menuItem\" ],\r\n  \"perms\" : [ \"\" ],\r\n  \"orderNum\" : [ \"1\" ],\r\n  \"icon\" : [ \"fa fa-address-book\" ],\r\n  \"visible\" : [ \"0\" ]\r\n}','{\r\n  \"msg\" : \"操作成功\",\r\n  \"code\" : 0\r\n}',0,NULL,'2020-01-22 16:47:27'),(367,'菜单管理',2,'com.ruoyi.web.controller.system.SysMenuController.editSave()','POST',1,'admin','计算机科学与技术','/system/menu/edit','127.0.0.1','内网IP','{\r\n  \"menuId\" : [ \"1106\" ],\r\n  \"parentId\" : [ \"0\" ],\r\n  \"menuType\" : [ \"M\" ],\r\n  \"menuName\" : [ \"顶岗实习\" ],\r\n  \"url\" : [ \"#\" ],\r\n  \"target\" : [ \"menuItem\" ],\r\n  \"perms\" : [ \"\" ],\r\n  \"orderNum\" : [ \"1\" ],\r\n  \"icon\" : [ \"fa fa-address-book\" ],\r\n  \"visible\" : [ \"0\" ]\r\n}','{\r\n  \"msg\" : \"操作成功\",\r\n  \"code\" : 0\r\n}',0,NULL,'2020-01-22 16:47:33'),(368,'菜单管理',2,'com.ruoyi.web.controller.system.SysMenuController.editSave()','POST',1,'admin','计算机科学与技术','/system/menu/edit','127.0.0.1','内网IP','{\r\n  \"menuId\" : [ \"1107\" ],\r\n  \"parentId\" : [ \"0\" ],\r\n  \"menuType\" : [ \"M\" ],\r\n  \"menuName\" : [ \"实习管理\" ],\r\n  \"url\" : [ \"#\" ],\r\n  \"target\" : [ \"menuItem\" ],\r\n  \"perms\" : [ \"\" ],\r\n  \"orderNum\" : [ \"2\" ],\r\n  \"icon\" : [ \"fa fa-address-book\" ],\r\n  \"visible\" : [ \"0\" ]\r\n}','{\r\n  \"msg\" : \"操作成功\",\r\n  \"code\" : 0\r\n}',0,NULL,'2020-01-22 16:47:41'),(369,'菜单管理',1,'com.ruoyi.web.controller.system.SysMenuController.addSave()','POST',1,'admin','计算机科学与技术','/system/menu/add','127.0.0.1','内网IP','{\r\n  \"parentId\" : [ \"1105\" ],\r\n  \"menuType\" : [ \"C\" ],\r\n  \"menuName\" : [ \"生产实习申请\" ],\r\n  \"url\" : [ \"\" ],\r\n  \"target\" : [ \"menuItem\" ],\r\n  \"perms\" : [ \"\" ],\r\n  \"orderNum\" : [ \"1\" ],\r\n  \"icon\" : [ \"\" ],\r\n  \"visible\" : [ \"0\" ]\r\n}','{\r\n  \"msg\" : \"操作成功\",\r\n  \"code\" : 0\r\n}',0,NULL,'2020-01-22 16:49:22'),(370,'菜单管理',1,'com.ruoyi.web.controller.system.SysMenuController.addSave()','POST',1,'admin','计算机科学与技术','/system/menu/add','127.0.0.1','内网IP','{\r\n  \"parentId\" : [ \"1105\" ],\r\n  \"menuType\" : [ \"C\" ],\r\n  \"menuName\" : [ \"我的生产实习\" ],\r\n  \"url\" : [ \"\" ],\r\n  \"target\" : [ \"menuItem\" ],\r\n  \"perms\" : [ \"\" ],\r\n  \"orderNum\" : [ \"2\" ],\r\n  \"icon\" : [ \"\" ],\r\n  \"visible\" : [ \"0\" ]\r\n}','{\r\n  \"msg\" : \"操作成功\",\r\n  \"code\" : 0\r\n}',0,NULL,'2020-01-22 16:49:38'),(371,'菜单管理',1,'com.ruoyi.web.controller.system.SysMenuController.addSave()','POST',1,'admin','计算机科学与技术','/system/menu/add','127.0.0.1','内网IP','{\r\n  \"parentId\" : [ \"1105\" ],\r\n  \"menuType\" : [ \"C\" ],\r\n  \"menuName\" : [ \"我的成绩\" ],\r\n  \"url\" : [ \"\" ],\r\n  \"target\" : [ \"menuItem\" ],\r\n  \"perms\" : [ \"\" ],\r\n  \"orderNum\" : [ \"3\" ],\r\n  \"icon\" : [ \"\" ],\r\n  \"visible\" : [ \"0\" ]\r\n}','{\r\n  \"msg\" : \"操作成功\",\r\n  \"code\" : 0\r\n}',0,NULL,'2020-01-22 16:49:51'),(372,'菜单管理',1,'com.ruoyi.web.controller.system.SysMenuController.addSave()','POST',1,'admin','计算机科学与技术','/system/menu/add','127.0.0.1','内网IP','{\r\n  \"parentId\" : [ \"1106\" ],\r\n  \"menuType\" : [ \"C\" ],\r\n  \"menuName\" : [ \"顶岗实习申请\" ],\r\n  \"url\" : [ \"\" ],\r\n  \"target\" : [ \"menuItem\" ],\r\n  \"perms\" : [ \"\" ],\r\n  \"orderNum\" : [ \"1\" ],\r\n  \"icon\" : [ \"\" ],\r\n  \"visible\" : [ \"0\" ]\r\n}','{\r\n  \"msg\" : \"操作成功\",\r\n  \"code\" : 0\r\n}',0,NULL,'2020-01-22 16:50:05'),(373,'菜单管理',1,'com.ruoyi.web.controller.system.SysMenuController.addSave()','POST',1,'admin','计算机科学与技术','/system/menu/add','127.0.0.1','内网IP','{\r\n  \"parentId\" : [ \"1106\" ],\r\n  \"menuType\" : [ \"C\" ],\r\n  \"menuName\" : [ \"我的顶岗实习\" ],\r\n  \"url\" : [ \"\" ],\r\n  \"target\" : [ \"menuItem\" ],\r\n  \"perms\" : [ \"\" ],\r\n  \"orderNum\" : [ \"2\" ],\r\n  \"icon\" : [ \"\" ],\r\n  \"visible\" : [ \"0\" ]\r\n}','{\r\n  \"msg\" : \"操作成功\",\r\n  \"code\" : 0\r\n}',0,NULL,'2020-01-22 16:50:27'),(374,'菜单管理',1,'com.ruoyi.web.controller.system.SysMenuController.addSave()','POST',1,'admin','计算机科学与技术','/system/menu/add','127.0.0.1','内网IP','{\r\n  \"parentId\" : [ \"1106\" ],\r\n  \"menuType\" : [ \"C\" ],\r\n  \"menuName\" : [ \"我的成绩\" ],\r\n  \"url\" : [ \"\" ],\r\n  \"target\" : [ \"menuItem\" ],\r\n  \"perms\" : [ \"\" ],\r\n  \"orderNum\" : [ \"3\" ],\r\n  \"icon\" : [ \"\" ],\r\n  \"visible\" : [ \"0\" ]\r\n}','{\r\n  \"msg\" : \"操作成功\",\r\n  \"code\" : 0\r\n}',0,NULL,'2020-01-22 16:50:37'),(375,'菜单管理',1,'com.ruoyi.web.controller.system.SysMenuController.addSave()','POST',1,'admin','计算机科学与技术','/system/menu/add','127.0.0.1','内网IP','{\r\n  \"parentId\" : [ \"1107\" ],\r\n  \"menuType\" : [ \"C\" ],\r\n  \"menuName\" : [ \"生产实习审核\" ],\r\n  \"url\" : [ \"\" ],\r\n  \"target\" : [ \"menuItem\" ],\r\n  \"perms\" : [ \"\" ],\r\n  \"orderNum\" : [ \"1\" ],\r\n  \"icon\" : [ \"\" ],\r\n  \"visible\" : [ \"0\" ]\r\n}','{\r\n  \"msg\" : \"操作成功\",\r\n  \"code\" : 0\r\n}',0,NULL,'2020-01-22 16:51:01'),(376,'菜单管理',1,'com.ruoyi.web.controller.system.SysMenuController.addSave()','POST',1,'admin','计算机科学与技术','/system/menu/add','127.0.0.1','内网IP','{\r\n  \"parentId\" : [ \"1107\" ],\r\n  \"menuType\" : [ \"C\" ],\r\n  \"menuName\" : [ \"顶岗实习审核\" ],\r\n  \"url\" : [ \"\" ],\r\n  \"target\" : [ \"menuItem\" ],\r\n  \"perms\" : [ \"\" ],\r\n  \"orderNum\" : [ \"2\" ],\r\n  \"icon\" : [ \"\" ],\r\n  \"visible\" : [ \"0\" ]\r\n}','{\r\n  \"msg\" : \"操作成功\",\r\n  \"code\" : 0\r\n}',0,NULL,'2020-01-22 16:51:32'),(377,'菜单管理',1,'com.ruoyi.web.controller.system.SysMenuController.addSave()','POST',1,'admin','计算机科学与技术','/system/menu/add','127.0.0.1','内网IP','{\r\n  \"parentId\" : [ \"1107\" ],\r\n  \"menuType\" : [ \"C\" ],\r\n  \"menuName\" : [ \"生产实习过程管理\" ],\r\n  \"url\" : [ \"\" ],\r\n  \"target\" : [ \"menuItem\" ],\r\n  \"perms\" : [ \"\" ],\r\n  \"orderNum\" : [ \"3\" ],\r\n  \"icon\" : [ \"\" ],\r\n  \"visible\" : [ \"0\" ]\r\n}','{\r\n  \"msg\" : \"操作成功\",\r\n  \"code\" : 0\r\n}',0,NULL,'2020-01-22 16:51:54'),(378,'菜单管理',1,'com.ruoyi.web.controller.system.SysMenuController.addSave()','POST',1,'admin','计算机科学与技术','/system/menu/add','127.0.0.1','内网IP','{\r\n  \"parentId\" : [ \"1107\" ],\r\n  \"menuType\" : [ \"C\" ],\r\n  \"menuName\" : [ \"顶岗实习过程管理\" ],\r\n  \"url\" : [ \"\" ],\r\n  \"target\" : [ \"menuItem\" ],\r\n  \"perms\" : [ \"\" ],\r\n  \"orderNum\" : [ \"4\" ],\r\n  \"icon\" : [ \"\" ],\r\n  \"visible\" : [ \"0\" ]\r\n}','{\r\n  \"msg\" : \"操作成功\",\r\n  \"code\" : 0\r\n}',0,NULL,'2020-01-22 16:52:08'),(379,'菜单管理',1,'com.ruoyi.web.controller.system.SysMenuController.addSave()','POST',1,'admin','计算机科学与技术','/system/menu/add','127.0.0.1','内网IP','{\r\n  \"parentId\" : [ \"0\" ],\r\n  \"menuType\" : [ \"M\" ],\r\n  \"menuName\" : [ \"分享\" ],\r\n  \"url\" : [ \"\" ],\r\n  \"target\" : [ \"menuItem\" ],\r\n  \"perms\" : [ \"\" ],\r\n  \"orderNum\" : [ \"3\" ],\r\n  \"icon\" : [ \"\" ],\r\n  \"visible\" : [ \"0\" ]\r\n}','{\r\n  \"msg\" : \"操作成功\",\r\n  \"code\" : 0\r\n}',0,NULL,'2020-01-22 16:52:35'),(380,'菜单管理',2,'com.ruoyi.web.controller.system.SysMenuController.editSave()','POST',1,'admin','计算机科学与技术','/system/menu/edit','127.0.0.1','内网IP','{\r\n  \"menuId\" : [ \"1\" ],\r\n  \"parentId\" : [ \"0\" ],\r\n  \"menuType\" : [ \"M\" ],\r\n  \"menuName\" : [ \"系统管理\" ],\r\n  \"url\" : [ \"#\" ],\r\n  \"target\" : [ \"menuItem\" ],\r\n  \"perms\" : [ \"\" ],\r\n  \"orderNum\" : [ \"4\" ],\r\n  \"icon\" : [ \"fa fa-gear\" ],\r\n  \"visible\" : [ \"0\" ]\r\n}','{\r\n  \"msg\" : \"操作成功\",\r\n  \"code\" : 0\r\n}',0,NULL,'2020-01-22 16:52:44'),(381,'菜单管理',1,'com.ruoyi.web.controller.system.SysMenuController.addSave()','POST',1,'admin','计算机科学与技术','/system/menu/add','127.0.0.1','内网IP','{\r\n  \"parentId\" : [ \"1118\" ],\r\n  \"menuType\" : [ \"C\" ],\r\n  \"menuName\" : [ \"信息审核\" ],\r\n  \"url\" : [ \"\" ],\r\n  \"target\" : [ \"menuItem\" ],\r\n  \"perms\" : [ \"\" ],\r\n  \"orderNum\" : [ \"1\" ],\r\n  \"icon\" : [ \"\" ],\r\n  \"visible\" : [ \"0\" ]\r\n}','{\r\n  \"msg\" : \"操作成功\",\r\n  \"code\" : 0\r\n}',0,NULL,'2020-01-22 16:53:10'),(382,'菜单管理',1,'com.ruoyi.web.controller.system.SysMenuController.addSave()','POST',1,'admin','计算机科学与技术','/system/menu/add','127.0.0.1','内网IP','{\r\n  \"parentId\" : [ \"1118\" ],\r\n  \"menuType\" : [ \"C\" ],\r\n  \"menuName\" : [ \"我的分享\" ],\r\n  \"url\" : [ \"\" ],\r\n  \"target\" : [ \"menuItem\" ],\r\n  \"perms\" : [ \"\" ],\r\n  \"orderNum\" : [ \"2\" ],\r\n  \"icon\" : [ \"\" ],\r\n  \"visible\" : [ \"0\" ]\r\n}','{\r\n  \"msg\" : \"操作成功\",\r\n  \"code\" : 0\r\n}',0,NULL,'2020-01-22 16:53:23'),(383,'菜单管理',1,'com.ruoyi.web.controller.system.SysMenuController.addSave()','POST',1,'admin','计算机科学与技术','/system/menu/add','127.0.0.1','内网IP','{\r\n  \"parentId\" : [ \"1118\" ],\r\n  \"menuType\" : [ \"C\" ],\r\n  \"menuName\" : [ \"讨论区\" ],\r\n  \"url\" : [ \"\" ],\r\n  \"target\" : [ \"menuItem\" ],\r\n  \"perms\" : [ \"\" ],\r\n  \"orderNum\" : [ \"3\" ],\r\n  \"icon\" : [ \"\" ],\r\n  \"visible\" : [ \"0\" ]\r\n}','{\r\n  \"msg\" : \"操作成功\",\r\n  \"code\" : 0\r\n}',0,NULL,'2020-01-22 16:53:34'),(384,'菜单管理',2,'com.ruoyi.web.controller.system.SysMenuController.editSave()','POST',1,'admin','计算机科学与技术','/system/menu/edit','127.0.0.1','内网IP','{\r\n  \"menuId\" : [ \"1118\" ],\r\n  \"parentId\" : [ \"0\" ],\r\n  \"menuType\" : [ \"M\" ],\r\n  \"menuName\" : [ \"分享\" ],\r\n  \"url\" : [ \"#\" ],\r\n  \"target\" : [ \"menuItem\" ],\r\n  \"perms\" : [ \"\" ],\r\n  \"orderNum\" : [ \"3\" ],\r\n  \"icon\" : [ \"fa fa-address-book\" ],\r\n  \"visible\" : [ \"0\" ]\r\n}','{\r\n  \"msg\" : \"操作成功\",\r\n  \"code\" : 0\r\n}',0,NULL,'2020-01-22 16:53:49'),(385,'菜单管理',2,'com.ruoyi.web.controller.system.SysMenuController.editSave()','POST',1,'admin','计算机科学与技术','/system/menu/edit','127.0.0.1','内网IP','{\r\n  \"menuId\" : [ \"1105\" ],\r\n  \"parentId\" : [ \"0\" ],\r\n  \"menuType\" : [ \"M\" ],\r\n  \"menuName\" : [ \"生产实习\" ],\r\n  \"url\" : [ \"#\" ],\r\n  \"target\" : [ \"menuItem\" ],\r\n  \"perms\" : [ \"\" ],\r\n  \"orderNum\" : [ \"1\" ],\r\n  \"icon\" : [ \"fa fa-address-book-o\" ],\r\n  \"visible\" : [ \"0\" ]\r\n}','{\r\n  \"msg\" : \"操作成功\",\r\n  \"code\" : 0\r\n}',0,NULL,'2020-01-22 16:54:06'),(386,'菜单管理',2,'com.ruoyi.web.controller.system.SysMenuController.editSave()','POST',1,'admin','计算机科学与技术','/system/menu/edit','127.0.0.1','内网IP','{\r\n  \"menuId\" : [ \"1106\" ],\r\n  \"parentId\" : [ \"0\" ],\r\n  \"menuType\" : [ \"M\" ],\r\n  \"menuName\" : [ \"顶岗实习\" ],\r\n  \"url\" : [ \"#\" ],\r\n  \"target\" : [ \"menuItem\" ],\r\n  \"perms\" : [ \"\" ],\r\n  \"orderNum\" : [ \"1\" ],\r\n  \"icon\" : [ \"fa fa-address-card\" ],\r\n  \"visible\" : [ \"0\" ]\r\n}','{\r\n  \"msg\" : \"操作成功\",\r\n  \"code\" : 0\r\n}',0,NULL,'2020-01-22 16:54:11'),(387,'菜单管理',2,'com.ruoyi.web.controller.system.SysMenuController.editSave()','POST',1,'admin','计算机科学与技术','/system/menu/edit','127.0.0.1','内网IP','{\r\n  \"menuId\" : [ \"1107\" ],\r\n  \"parentId\" : [ \"0\" ],\r\n  \"menuType\" : [ \"M\" ],\r\n  \"menuName\" : [ \"实习管理\" ],\r\n  \"url\" : [ \"#\" ],\r\n  \"target\" : [ \"menuItem\" ],\r\n  \"perms\" : [ \"\" ],\r\n  \"orderNum\" : [ \"2\" ],\r\n  \"icon\" : [ \"fa fa-address-card-o\" ],\r\n  \"visible\" : [ \"0\" ]\r\n}','{\r\n  \"msg\" : \"操作成功\",\r\n  \"code\" : 0\r\n}',0,NULL,'2020-01-22 16:54:22'),(388,'菜单管理',2,'com.ruoyi.web.controller.system.SysMenuController.editSave()','POST',1,'admin','计算机科学与技术','/system/menu/edit','127.0.0.1','内网IP','{\r\n  \"menuId\" : [ \"1118\" ],\r\n  \"parentId\" : [ \"0\" ],\r\n  \"menuType\" : [ \"M\" ],\r\n  \"menuName\" : [ \"分享\" ],\r\n  \"url\" : [ \"#\" ],\r\n  \"target\" : [ \"menuItem\" ],\r\n  \"perms\" : [ \"\" ],\r\n  \"orderNum\" : [ \"3\" ],\r\n  \"icon\" : [ \"fa fa-comment\" ],\r\n  \"visible\" : [ \"0\" ]\r\n}','{\r\n  \"msg\" : \"操作成功\",\r\n  \"code\" : 0\r\n}',0,NULL,'2020-01-22 16:54:45'),(389,'菜单管理',2,'com.ruoyi.web.controller.system.SysMenuController.editSave()','POST',1,'admin','计算机科学与技术','/system/menu/edit','127.0.0.1','内网IP','{\r\n  \"menuId\" : [ \"1067\" ],\r\n  \"parentId\" : [ \"0\" ],\r\n  \"menuType\" : [ \"M\" ],\r\n  \"menuName\" : [ \"学生选课\" ],\r\n  \"url\" : [ \"#\" ],\r\n  \"target\" : [ \"menuItem\" ],\r\n  \"perms\" : [ \"\" ],\r\n  \"orderNum\" : [ \"1\" ],\r\n  \"icon\" : [ \"fa fa-bar-chart-o\" ],\r\n  \"visible\" : [ \"0\" ]\r\n}','{\r\n  \"msg\" : \"操作成功\",\r\n  \"code\" : 0\r\n}',0,NULL,'2020-01-22 18:18:03'),(390,'菜单管理',2,'com.ruoyi.web.controller.system.SysMenuController.editSave()','POST',1,'admin','计算机科学与技术','/system/menu/edit','127.0.0.1','内网IP','{\r\n  \"menuId\" : [ \"1068\" ],\r\n  \"parentId\" : [ \"0\" ],\r\n  \"menuType\" : [ \"M\" ],\r\n  \"menuName\" : [ \"成绩管理\" ],\r\n  \"url\" : [ \"#\" ],\r\n  \"target\" : [ \"menuItem\" ],\r\n  \"perms\" : [ \"\" ],\r\n  \"orderNum\" : [ \"2\" ],\r\n  \"icon\" : [ \"fa fa-bars\" ],\r\n  \"visible\" : [ \"0\" ]\r\n}','{\r\n  \"msg\" : \"操作成功\",\r\n  \"code\" : 0\r\n}',0,NULL,'2020-01-22 18:18:10'),(391,'菜单管理',2,'com.ruoyi.web.controller.system.SysMenuController.editSave()','POST',1,'admin','计算机科学与技术','/system/menu/edit','127.0.0.1','内网IP','{\r\n  \"menuId\" : [ \"1108\" ],\r\n  \"parentId\" : [ \"1105\" ],\r\n  \"menuType\" : [ \"C\" ],\r\n  \"menuName\" : [ \"生产实习申请\" ],\r\n  \"url\" : [ \"/sau/prodapply\" ],\r\n  \"target\" : [ \"menuItem\" ],\r\n  \"perms\" : [ \"system:prodapply:view\" ],\r\n  \"orderNum\" : [ \"1\" ],\r\n  \"icon\" : [ \"#\" ],\r\n  \"visible\" : [ \"0\" ]\r\n}','{\r\n  \"msg\" : \"操作成功\",\r\n  \"code\" : 0\r\n}',0,NULL,'2020-01-22 19:09:28'),(392,'菜单管理',1,'com.ruoyi.web.controller.system.SysMenuController.addSave()','POST',1,'admin','计算机科学与技术','/system/menu/add','127.0.0.1','内网IP','{\r\n  \"parentId\" : [ \"1105\" ],\r\n  \"menuType\" : [ \"C\" ],\r\n  \"menuName\" : [ \"我的申请\" ],\r\n  \"url\" : [ \"\" ],\r\n  \"target\" : [ \"menuItem\" ],\r\n  \"perms\" : [ \"\" ],\r\n  \"orderNum\" : [ \"4\" ],\r\n  \"icon\" : [ \"\" ],\r\n  \"visible\" : [ \"0\" ]\r\n}','{\r\n  \"msg\" : \"操作成功\",\r\n  \"code\" : 0\r\n}',0,NULL,'2020-01-22 19:57:43'),(393,'菜单管理',1,'com.ruoyi.web.controller.system.SysMenuController.addSave()','POST',1,'admin','计算机科学与技术','/system/menu/add','127.0.0.1','内网IP','{\r\n  \"parentId\" : [ \"1106\" ],\r\n  \"menuType\" : [ \"C\" ],\r\n  \"menuName\" : [ \"我的申请\" ],\r\n  \"url\" : [ \"\" ],\r\n  \"target\" : [ \"menuItem\" ],\r\n  \"perms\" : [ \"\" ],\r\n  \"orderNum\" : [ \"4\" ],\r\n  \"icon\" : [ \"\" ],\r\n  \"visible\" : [ \"0\" ]\r\n}','{\r\n  \"msg\" : \"操作成功\",\r\n  \"code\" : 0\r\n}',0,NULL,'2020-01-22 19:58:16'),(394,'菜单管理',2,'com.ruoyi.web.controller.system.SysMenuController.editSave()','POST',1,'admin','计算机科学与技术','/system/menu/edit','127.0.0.1','内网IP','{\r\n  \"menuId\" : [ \"1109\" ],\r\n  \"parentId\" : [ \"1105\" ],\r\n  \"menuType\" : [ \"C\" ],\r\n  \"menuName\" : [ \"我的生产实习\" ],\r\n  \"url\" : [ \"/sau/myapply\" ],\r\n  \"target\" : [ \"menuItem\" ],\r\n  \"perms\" : [ \"system:myapply:view\" ],\r\n  \"orderNum\" : [ \"2\" ],\r\n  \"icon\" : [ \"#\" ],\r\n  \"visible\" : [ \"0\" ]\r\n}','{\r\n  \"msg\" : \"操作成功\",\r\n  \"code\" : 0\r\n}',0,NULL,'2020-01-22 21:26:07'),(395,'菜单管理',1,'com.ruoyi.web.controller.system.SysMenuController.addSave()','POST',1,'admin','计算机科学与技术','/system/menu/add','127.0.0.1','内网IP','{\r\n  \"parentId\" : [ \"1108\" ],\r\n  \"menuType\" : [ \"F\" ],\r\n  \"menuName\" : [ \"申请顶岗实习\" ],\r\n  \"url\" : [ \"\" ],\r\n  \"target\" : [ \"menuItem\" ],\r\n  \"perms\" : [ \"system:prodapply:add\" ],\r\n  \"orderNum\" : [ \"1\" ],\r\n  \"icon\" : [ \"\" ],\r\n  \"visible\" : [ \"0\" ]\r\n}','{\r\n  \"msg\" : \"操作成功\",\r\n  \"code\" : 0\r\n}',0,NULL,'2020-01-22 21:28:18'),(396,'菜单管理',1,'com.ruoyi.web.controller.system.SysMenuController.addSave()','POST',1,'admin','计算机科学与技术','/system/menu/add','127.0.0.1','内网IP','{\r\n  \"parentId\" : [ \"1122\" ],\r\n  \"menuType\" : [ \"F\" ],\r\n  \"menuName\" : [ \"查看\" ],\r\n  \"url\" : [ \"\" ],\r\n  \"target\" : [ \"menuItem\" ],\r\n  \"perms\" : [ \"system:myapply:list\" ],\r\n  \"orderNum\" : [ \"1\" ],\r\n  \"icon\" : [ \"\" ],\r\n  \"visible\" : [ \"0\" ]\r\n}','{\r\n  \"msg\" : \"操作成功\",\r\n  \"code\" : 0\r\n}',0,NULL,'2020-01-22 21:29:13'),(397,'菜单管理',1,'com.ruoyi.web.controller.system.SysMenuController.addSave()','POST',1,'admin','计算机科学与技术','/system/menu/add','127.0.0.1','内网IP','{\r\n  \"parentId\" : [ \"1122\" ],\r\n  \"menuType\" : [ \"F\" ],\r\n  \"menuName\" : [ \"退选\" ],\r\n  \"url\" : [ \"\" ],\r\n  \"target\" : [ \"menuItem\" ],\r\n  \"perms\" : [ \"system:myapply:remove\" ],\r\n  \"orderNum\" : [ \"2\" ],\r\n  \"icon\" : [ \"\" ],\r\n  \"visible\" : [ \"0\" ]\r\n}','{\r\n  \"msg\" : \"操作成功\",\r\n  \"code\" : 0\r\n}',0,NULL,'2020-01-22 21:29:33'),(398,'菜单管理',2,'com.ruoyi.web.controller.system.SysMenuController.editSave()','POST',1,'admin','计算机科学与技术','/system/menu/edit','127.0.0.1','内网IP','{\r\n  \"menuId\" : [ \"1122\" ],\r\n  \"parentId\" : [ \"1105\" ],\r\n  \"menuType\" : [ \"C\" ],\r\n  \"menuName\" : [ \"我的申请\" ],\r\n  \"url\" : [ \"/sau/myapply\" ],\r\n  \"target\" : [ \"menuItem\" ],\r\n  \"perms\" : [ \"\" ],\r\n  \"orderNum\" : [ \"4\" ],\r\n  \"icon\" : [ \"#\" ],\r\n  \"visible\" : [ \"0\" ]\r\n}','{\r\n  \"msg\" : \"操作成功\",\r\n  \"code\" : 0\r\n}',0,NULL,'2020-01-22 21:54:14'),(399,'菜单管理',2,'com.ruoyi.web.controller.system.SysMenuController.editSave()','POST',1,'admin','计算机科学与技术','/system/menu/edit','127.0.0.1','内网IP','{\r\n  \"menuId\" : [ \"1109\" ],\r\n  \"parentId\" : [ \"1105\" ],\r\n  \"menuType\" : [ \"C\" ],\r\n  \"menuName\" : [ \"我的生产实习\" ],\r\n  \"url\" : [ \"/sau/myapply\" ],\r\n  \"target\" : [ \"menuItem\" ],\r\n  \"perms\" : [ \"\" ],\r\n  \"orderNum\" : [ \"2\" ],\r\n  \"icon\" : [ \"#\" ],\r\n  \"visible\" : [ \"0\" ]\r\n}','{\r\n  \"msg\" : \"操作成功\",\r\n  \"code\" : 0\r\n}',0,NULL,'2020-01-22 21:54:23'),(400,'菜单管理',2,'com.ruoyi.web.controller.system.SysMenuController.editSave()','POST',1,'admin','计算机科学与技术','/system/menu/edit','127.0.0.1','内网IP','{\r\n  \"menuId\" : [ \"1122\" ],\r\n  \"parentId\" : [ \"1105\" ],\r\n  \"menuType\" : [ \"C\" ],\r\n  \"menuName\" : [ \"我的申请\" ],\r\n  \"url\" : [ \"/sau/myapply\" ],\r\n  \"target\" : [ \"menuItem\" ],\r\n  \"perms\" : [ \"system:myapply:view\" ],\r\n  \"orderNum\" : [ \"4\" ],\r\n  \"icon\" : [ \"#\" ],\r\n  \"visible\" : [ \"0\" ]\r\n}','{\r\n  \"msg\" : \"操作成功\",\r\n  \"code\" : 0\r\n}',0,NULL,'2020-01-22 21:54:30'),(401,'菜单管理',2,'com.ruoyi.web.controller.system.SysMenuController.editSave()','POST',1,'admin','计算机科学与技术','/system/menu/edit','127.0.0.1','内网IP','{\r\n  \"menuId\" : [ \"1109\" ],\r\n  \"parentId\" : [ \"1105\" ],\r\n  \"menuType\" : [ \"C\" ],\r\n  \"menuName\" : [ \"我的生产实习\" ],\r\n  \"url\" : [ \"\" ],\r\n  \"target\" : [ \"menuItem\" ],\r\n  \"perms\" : [ \"\" ],\r\n  \"orderNum\" : [ \"2\" ],\r\n  \"icon\" : [ \"#\" ],\r\n  \"visible\" : [ \"0\" ]\r\n}','{\r\n  \"msg\" : \"操作成功\",\r\n  \"code\" : 0\r\n}',0,NULL,'2020-01-22 21:55:27'),(402,'菜单管理',2,'com.ruoyi.web.controller.system.SysMenuController.editSave()','POST',1,'admin','计算机科学与技术','/system/menu/edit','127.0.0.1','内网IP','{\r\n  \"menuId\" : [ \"1109\" ],\r\n  \"parentId\" : [ \"1105\" ],\r\n  \"menuType\" : [ \"C\" ],\r\n  \"menuName\" : [ \"我的生产实习\" ],\r\n  \"url\" : [ \"#\" ],\r\n  \"target\" : [ \"menuItem\" ],\r\n  \"perms\" : [ \"\" ],\r\n  \"orderNum\" : [ \"2\" ],\r\n  \"icon\" : [ \"#\" ],\r\n  \"visible\" : [ \"0\" ]\r\n}','{\r\n  \"msg\" : \"操作成功\",\r\n  \"code\" : 0\r\n}',0,NULL,'2020-01-22 22:01:11'),(403,'菜单管理',2,'com.ruoyi.web.controller.system.SysMenuController.editSave()','POST',1,'admin','计算机科学与技术','/system/menu/edit','127.0.0.1','内网IP','{\r\n  \"menuId\" : [ \"1122\" ],\r\n  \"parentId\" : [ \"1105\" ],\r\n  \"menuType\" : [ \"C\" ],\r\n  \"menuName\" : [ \"我的申请\" ],\r\n  \"url\" : [ \"/sau/myapply\" ],\r\n  \"target\" : [ \"menuItem\" ],\r\n  \"perms\" : [ \"system:myprodapply:view\" ],\r\n  \"orderNum\" : [ \"4\" ],\r\n  \"icon\" : [ \"#\" ],\r\n  \"visible\" : [ \"0\" ]\r\n}','{\r\n  \"msg\" : \"操作成功\",\r\n  \"code\" : 0\r\n}',0,NULL,'2020-01-22 22:21:27'),(404,'菜单管理',2,'com.ruoyi.web.controller.system.SysMenuController.editSave()','POST',1,'admin','计算机科学与技术','/system/menu/edit','127.0.0.1','内网IP','{\r\n  \"menuId\" : [ \"1125\" ],\r\n  \"parentId\" : [ \"1122\" ],\r\n  \"menuType\" : [ \"F\" ],\r\n  \"menuName\" : [ \"查看\" ],\r\n  \"url\" : [ \"#\" ],\r\n  \"target\" : [ \"menuItem\" ],\r\n  \"perms\" : [ \"system:myprodapply:list\" ],\r\n  \"orderNum\" : [ \"1\" ],\r\n  \"icon\" : [ \"#\" ],\r\n  \"visible\" : [ \"0\" ]\r\n}','{\r\n  \"msg\" : \"操作成功\",\r\n  \"code\" : 0\r\n}',0,NULL,'2020-01-22 22:21:40'),(405,'菜单管理',2,'com.ruoyi.web.controller.system.SysMenuController.editSave()','POST',1,'admin','计算机科学与技术','/system/menu/edit','127.0.0.1','内网IP','{\r\n  \"menuId\" : [ \"1126\" ],\r\n  \"parentId\" : [ \"1122\" ],\r\n  \"menuType\" : [ \"F\" ],\r\n  \"menuName\" : [ \"退选\" ],\r\n  \"url\" : [ \"#\" ],\r\n  \"target\" : [ \"menuItem\" ],\r\n  \"perms\" : [ \"system:myprodapply:remove\" ],\r\n  \"orderNum\" : [ \"2\" ],\r\n  \"icon\" : [ \"#\" ],\r\n  \"visible\" : [ \"0\" ]\r\n}','{\r\n  \"msg\" : \"操作成功\",\r\n  \"code\" : 0\r\n}',0,NULL,'2020-01-22 22:21:54'),(406,'菜单管理',2,'com.ruoyi.web.controller.system.SysMenuController.editSave()','POST',1,'admin','计算机科学与技术','/system/menu/edit','127.0.0.1','内网IP','{\r\n  \"menuId\" : [ \"1122\" ],\r\n  \"parentId\" : [ \"1105\" ],\r\n  \"menuType\" : [ \"C\" ],\r\n  \"menuName\" : [ \"我的申请\" ],\r\n  \"url\" : [ \"/sau/myprodapply\" ],\r\n  \"target\" : [ \"menuItem\" ],\r\n  \"perms\" : [ \"system:myprodapply:view\" ],\r\n  \"orderNum\" : [ \"4\" ],\r\n  \"icon\" : [ \"#\" ],\r\n  \"visible\" : [ \"0\" ]\r\n}','{\r\n  \"msg\" : \"操作成功\",\r\n  \"code\" : 0\r\n}',0,NULL,'2020-01-22 22:22:53'),(407,'菜单管理',2,'com.ruoyi.web.controller.system.SysMenuController.editSave()','POST',1,'admin','计算机科学与技术','/system/menu/edit','127.0.0.1','内网IP','{\r\n  \"menuId\" : [ \"1114\" ],\r\n  \"parentId\" : [ \"1107\" ],\r\n  \"menuType\" : [ \"C\" ],\r\n  \"menuName\" : [ \"生产实习审核\" ],\r\n  \"url\" : [ \"/sau/prodaudit\" ],\r\n  \"target\" : [ \"menuItem\" ],\r\n  \"perms\" : [ \"system:prodaudit:view\" ],\r\n  \"orderNum\" : [ \"1\" ],\r\n  \"icon\" : [ \"#\" ],\r\n  \"visible\" : [ \"0\" ]\r\n}','{\r\n  \"msg\" : \"操作成功\",\r\n  \"code\" : 0\r\n}',0,NULL,'2020-01-23 19:21:32'),(408,'菜单管理',1,'com.ruoyi.web.controller.system.SysMenuController.addSave()','POST',1,'admin','计算机科学与技术','/system/menu/add','127.0.0.1','内网IP','{\r\n  \"parentId\" : [ \"1114\" ],\r\n  \"menuType\" : [ \"F\" ],\r\n  \"menuName\" : [ \"同意按钮\" ],\r\n  \"url\" : [ \"\" ],\r\n  \"target\" : [ \"menuItem\" ],\r\n  \"perms\" : [ \"system:prodaudit:agree\" ],\r\n  \"orderNum\" : [ \"1\" ],\r\n  \"icon\" : [ \"\" ],\r\n  \"visible\" : [ \"0\" ]\r\n}','{\r\n  \"msg\" : \"操作成功\",\r\n  \"code\" : 0\r\n}',0,NULL,'2020-01-23 22:12:31'),(409,'菜单管理',1,'com.ruoyi.web.controller.system.SysMenuController.addSave()','POST',1,'admin','计算机科学与技术','/system/menu/add','127.0.0.1','内网IP','{\r\n  \"parentId\" : [ \"1114\" ],\r\n  \"menuType\" : [ \"F\" ],\r\n  \"menuName\" : [ \"拒绝\" ],\r\n  \"url\" : [ \"\" ],\r\n  \"target\" : [ \"menuItem\" ],\r\n  \"perms\" : [ \"system:prodaudit:reject\" ],\r\n  \"orderNum\" : [ \"2\" ],\r\n  \"icon\" : [ \"\" ],\r\n  \"visible\" : [ \"0\" ]\r\n}','{\r\n  \"msg\" : \"操作成功\",\r\n  \"code\" : 0\r\n}',0,NULL,'2020-01-23 22:12:54'),(410,'菜单管理',2,'com.ruoyi.web.controller.system.SysMenuController.editSave()','POST',1,'admin','计算机科学与技术','/system/menu/edit','127.0.0.1','内网IP','{\r\n  \"menuId\" : [ \"1128\" ],\r\n  \"parentId\" : [ \"1114\" ],\r\n  \"menuType\" : [ \"F\" ],\r\n  \"menuName\" : [ \"拒绝按钮\" ],\r\n  \"url\" : [ \"#\" ],\r\n  \"target\" : [ \"menuItem\" ],\r\n  \"perms\" : [ \"system:prodaudit:reject\" ],\r\n  \"orderNum\" : [ \"2\" ],\r\n  \"icon\" : [ \"#\" ],\r\n  \"visible\" : [ \"0\" ]\r\n}','{\r\n  \"msg\" : \"操作成功\",\r\n  \"code\" : 0\r\n}',0,NULL,'2020-01-23 22:13:08'),(411,'菜单管理',2,'com.ruoyi.web.controller.system.SysMenuController.editSave()','POST',1,'admin','计算机科学与技术','/system/menu/edit','127.0.0.1','内网IP','{\r\n  \"menuId\" : [ \"1109\" ],\r\n  \"parentId\" : [ \"1105\" ],\r\n  \"menuType\" : [ \"C\" ],\r\n  \"menuName\" : [ \"我的生产实习\" ],\r\n  \"url\" : [ \"/sau/myprod\" ],\r\n  \"target\" : [ \"menuItem\" ],\r\n  \"perms\" : [ \"\" ],\r\n  \"orderNum\" : [ \"2\" ],\r\n  \"icon\" : [ \"#\" ],\r\n  \"visible\" : [ \"0\" ]\r\n}','{\r\n  \"msg\" : \"操作成功\",\r\n  \"code\" : 0\r\n}',0,NULL,'2020-02-01 15:30:54'),(412,'菜单管理',2,'com.ruoyi.web.controller.system.SysMenuController.editSave()','POST',1,'admin','计算机科学与技术','/system/menu/edit','127.0.0.1','内网IP','{\r\n  \"menuId\" : [ \"1109\" ],\r\n  \"parentId\" : [ \"1105\" ],\r\n  \"menuType\" : [ \"C\" ],\r\n  \"menuName\" : [ \"我的生产实习\" ],\r\n  \"url\" : [ \"/sau/myprod\" ],\r\n  \"target\" : [ \"menuItem\" ],\r\n  \"perms\" : [ \"system:myprod:view\" ],\r\n  \"orderNum\" : [ \"2\" ],\r\n  \"icon\" : [ \"#\" ],\r\n  \"visible\" : [ \"0\" ]\r\n}','{\r\n  \"msg\" : \"操作成功\",\r\n  \"code\" : 0\r\n}',0,NULL,'2020-02-01 15:31:15'),(413,'菜单管理',1,'com.ruoyi.web.controller.system.SysMenuController.addSave()','POST',1,'admin','计算机科学与技术','/system/menu/add','127.0.0.1','内网IP','{\r\n  \"parentId\" : [ \"1108\" ],\r\n  \"menuType\" : [ \"F\" ],\r\n  \"menuName\" : [ \"查看\" ],\r\n  \"url\" : [ \"\" ],\r\n  \"target\" : [ \"menuItem\" ],\r\n  \"perms\" : [ \"system:myprod:list\" ],\r\n  \"orderNum\" : [ \"1\" ],\r\n  \"icon\" : [ \"\" ],\r\n  \"visible\" : [ \"0\" ]\r\n}','{\r\n  \"msg\" : \"操作成功\",\r\n  \"code\" : 0\r\n}',0,NULL,'2020-02-02 16:42:04'),(414,'菜单管理',3,'com.ruoyi.web.controller.system.SysMenuController.remove()','GET',1,'admin','计算机科学与技术','/system/menu/remove/1129','127.0.0.1','内网IP','{ }','{\r\n  \"msg\" : \"操作成功\",\r\n  \"code\" : 0\r\n}',0,NULL,'2020-02-02 16:44:16'),(415,'菜单管理',1,'com.ruoyi.web.controller.system.SysMenuController.addSave()','POST',1,'admin','计算机科学与技术','/system/menu/add','127.0.0.1','内网IP','{\r\n  \"parentId\" : [ \"1109\" ],\r\n  \"menuType\" : [ \"F\" ],\r\n  \"menuName\" : [ \"查看\" ],\r\n  \"url\" : [ \"\" ],\r\n  \"target\" : [ \"menuItem\" ],\r\n  \"perms\" : [ \"system:myprod:list\" ],\r\n  \"orderNum\" : [ \"1\" ],\r\n  \"icon\" : [ \"\" ],\r\n  \"visible\" : [ \"0\" ]\r\n}','{\r\n  \"msg\" : \"操作成功\",\r\n  \"code\" : 0\r\n}',0,NULL,'2020-02-02 16:44:35'),(416,'菜单管理',1,'com.ruoyi.web.controller.system.SysMenuController.addSave()','POST',1,'admin','计算机科学与技术','/system/menu/add','127.0.0.1','内网IP','{\r\n  \"parentId\" : [ \"1109\" ],\r\n  \"menuType\" : [ \"F\" ],\r\n  \"menuName\" : [ \"周报编辑\" ],\r\n  \"url\" : [ \"\" ],\r\n  \"target\" : [ \"menuItem\" ],\r\n  \"perms\" : [ \"system:myprod:edit\" ],\r\n  \"orderNum\" : [ \"2\" ],\r\n  \"icon\" : [ \"\" ],\r\n  \"visible\" : [ \"0\" ]\r\n}','{\r\n  \"msg\" : \"操作成功\",\r\n  \"code\" : 0\r\n}',0,NULL,'2020-02-02 16:45:12'),(417,'菜单管理',2,'com.ruoyi.web.controller.system.SysMenuController.editSave()','POST',1,'admin','计算机科学与技术','/system/menu/edit','127.0.0.1','内网IP','{\r\n  \"menuId\" : [ \"1067\" ],\r\n  \"parentId\" : [ \"0\" ],\r\n  \"menuType\" : [ \"M\" ],\r\n  \"menuName\" : [ \"学生选课\" ],\r\n  \"url\" : [ \"#\" ],\r\n  \"target\" : [ \"menuItem\" ],\r\n  \"perms\" : [ \"\" ],\r\n  \"orderNum\" : [ \"1\" ],\r\n  \"icon\" : [ \"fa fa-bar-chart-o\" ],\r\n  \"visible\" : [ \"1\" ]\r\n}','{\r\n  \"msg\" : \"操作成功\",\r\n  \"code\" : 0\r\n}',0,NULL,'2020-02-03 11:03:22'),(418,'菜单管理',2,'com.ruoyi.web.controller.system.SysMenuController.editSave()','POST',1,'admin','计算机科学与技术','/system/menu/edit','127.0.0.1','内网IP','{\r\n  \"menuId\" : [ \"1068\" ],\r\n  \"parentId\" : [ \"0\" ],\r\n  \"menuType\" : [ \"M\" ],\r\n  \"menuName\" : [ \"成绩管理\" ],\r\n  \"url\" : [ \"#\" ],\r\n  \"target\" : [ \"menuItem\" ],\r\n  \"perms\" : [ \"\" ],\r\n  \"orderNum\" : [ \"2\" ],\r\n  \"icon\" : [ \"fa fa-bars\" ],\r\n  \"visible\" : [ \"1\" ]\r\n}','{\r\n  \"msg\" : \"操作成功\",\r\n  \"code\" : 0\r\n}',0,NULL,'2020-02-03 11:03:29'),(419,'菜单管理',2,'com.ruoyi.web.controller.system.SysMenuController.editSave()','POST',1,'admin','计算机科学与技术','/system/menu/edit','127.0.0.1','内网IP','{\r\n  \"menuId\" : [ \"1116\" ],\r\n  \"parentId\" : [ \"1107\" ],\r\n  \"menuType\" : [ \"C\" ],\r\n  \"menuName\" : [ \"生产实习过程管理\" ],\r\n  \"url\" : [ \"/sau/teaaudit\" ],\r\n  \"target\" : [ \"menuItem\" ],\r\n  \"perms\" : [ \"system:teaaudit:view\" ],\r\n  \"orderNum\" : [ \"3\" ],\r\n  \"icon\" : [ \"#\" ],\r\n  \"visible\" : [ \"0\" ]\r\n}','{\r\n  \"msg\" : \"操作成功\",\r\n  \"code\" : 0\r\n}',0,NULL,'2020-02-03 11:41:43'),(420,'菜单管理',1,'com.ruoyi.web.controller.system.SysMenuController.addSave()','POST',1,'admin','计算机科学与技术','/system/menu/add','127.0.0.1','内网IP','{\r\n  \"parentId\" : [ \"1116\" ],\r\n  \"menuType\" : [ \"F\" ],\r\n  \"menuName\" : [ \"查看\" ],\r\n  \"url\" : [ \"\" ],\r\n  \"target\" : [ \"menuItem\" ],\r\n  \"perms\" : [ \"system:teaaudit:list\" ],\r\n  \"orderNum\" : [ \"1\" ],\r\n  \"icon\" : [ \"\" ],\r\n  \"visible\" : [ \"0\" ]\r\n}','{\r\n  \"msg\" : \"操作成功\",\r\n  \"code\" : 0\r\n}',0,NULL,'2020-02-03 12:22:35'),(421,'菜单管理',1,'com.ruoyi.web.controller.system.SysMenuController.addSave()','POST',1,'admin','计算机科学与技术','/system/menu/add','127.0.0.1','内网IP','{\r\n  \"parentId\" : [ \"1116\" ],\r\n  \"menuType\" : [ \"F\" ],\r\n  \"menuName\" : [ \"批阅\" ],\r\n  \"url\" : [ \"\" ],\r\n  \"target\" : [ \"menuItem\" ],\r\n  \"perms\" : [ \"system:teaaudit:edit\" ],\r\n  \"orderNum\" : [ \"2\" ],\r\n  \"icon\" : [ \"\" ],\r\n  \"visible\" : [ \"0\" ]\r\n}','{\r\n  \"msg\" : \"操作成功\",\r\n  \"code\" : 0\r\n}',0,NULL,'2020-02-03 12:23:04'),(422,'菜单管理',1,'com.ruoyi.web.controller.system.SysMenuController.addSave()','POST',1,'admin','计算机科学与技术','/system/menu/add','127.0.0.1','内网IP','{\r\n  \"parentId\" : [ \"1107\" ],\r\n  \"menuType\" : [ \"C\" ],\r\n  \"menuName\" : [ \"生产实习成绩统计\" ],\r\n  \"url\" : [ \"\" ],\r\n  \"target\" : [ \"menuItem\" ],\r\n  \"perms\" : [ \"\" ],\r\n  \"orderNum\" : [ \"3\" ],\r\n  \"icon\" : [ \"\" ],\r\n  \"visible\" : [ \"0\" ]\r\n}','{\r\n  \"msg\" : \"操作成功\",\r\n  \"code\" : 0\r\n}',0,NULL,'2020-02-03 14:49:41'),(423,'菜单管理',1,'com.ruoyi.web.controller.system.SysMenuController.addSave()','POST',1,'admin','计算机科学与技术','/system/menu/add','127.0.0.1','内网IP','{\r\n  \"parentId\" : [ \"1107\" ],\r\n  \"menuType\" : [ \"C\" ],\r\n  \"menuName\" : [ \"顶岗实习成绩统计\" ],\r\n  \"url\" : [ \"\" ],\r\n  \"target\" : [ \"menuItem\" ],\r\n  \"perms\" : [ \"\" ],\r\n  \"orderNum\" : [ \"6\" ],\r\n  \"icon\" : [ \"\" ],\r\n  \"visible\" : [ \"0\" ]\r\n}','{\r\n  \"msg\" : \"操作成功\",\r\n  \"code\" : 0\r\n}',0,NULL,'2020-02-03 14:50:02'),(424,'菜单管理',2,'com.ruoyi.web.controller.system.SysMenuController.editSave()','POST',1,'admin','计算机科学与技术','/system/menu/edit','127.0.0.1','内网IP','{\r\n  \"menuId\" : [ \"1116\" ],\r\n  \"parentId\" : [ \"1107\" ],\r\n  \"menuType\" : [ \"C\" ],\r\n  \"menuName\" : [ \"生产实习过程管理\" ],\r\n  \"url\" : [ \"/sau/teaaudit\" ],\r\n  \"target\" : [ \"menuItem\" ],\r\n  \"perms\" : [ \"system:teaaudit:view\" ],\r\n  \"orderNum\" : [ \"2\" ],\r\n  \"icon\" : [ \"#\" ],\r\n  \"visible\" : [ \"0\" ]\r\n}','{\r\n  \"msg\" : \"操作成功\",\r\n  \"code\" : 0\r\n}',0,NULL,'2020-02-03 14:50:14'),(425,'菜单管理',2,'com.ruoyi.web.controller.system.SysMenuController.editSave()','POST',1,'admin','计算机科学与技术','/system/menu/edit','127.0.0.1','内网IP','{\r\n  \"menuId\" : [ \"1115\" ],\r\n  \"parentId\" : [ \"1107\" ],\r\n  \"menuType\" : [ \"C\" ],\r\n  \"menuName\" : [ \"顶岗实习审核\" ],\r\n  \"url\" : [ \"#\" ],\r\n  \"target\" : [ \"menuItem\" ],\r\n  \"perms\" : [ \"\" ],\r\n  \"orderNum\" : [ \"4\" ],\r\n  \"icon\" : [ \"#\" ],\r\n  \"visible\" : [ \"0\" ]\r\n}','{\r\n  \"msg\" : \"操作成功\",\r\n  \"code\" : 0\r\n}',0,NULL,'2020-02-03 14:50:22'),(426,'菜单管理',2,'com.ruoyi.web.controller.system.SysMenuController.editSave()','POST',1,'admin','计算机科学与技术','/system/menu/edit','127.0.0.1','内网IP','{\r\n  \"menuId\" : [ \"1117\" ],\r\n  \"parentId\" : [ \"1107\" ],\r\n  \"menuType\" : [ \"C\" ],\r\n  \"menuName\" : [ \"顶岗实习过程管理\" ],\r\n  \"url\" : [ \"#\" ],\r\n  \"target\" : [ \"menuItem\" ],\r\n  \"perms\" : [ \"\" ],\r\n  \"orderNum\" : [ \"5\" ],\r\n  \"icon\" : [ \"#\" ],\r\n  \"visible\" : [ \"0\" ]\r\n}','{\r\n  \"msg\" : \"操作成功\",\r\n  \"code\" : 0\r\n}',0,NULL,'2020-02-03 14:50:31'),(427,'菜单管理',2,'com.ruoyi.web.controller.system.SysMenuController.editSave()','POST',1,'admin','计算机科学与技术','/system/menu/edit','127.0.0.1','内网IP','{\r\n  \"menuId\" : [ \"1110\" ],\r\n  \"parentId\" : [ \"1105\" ],\r\n  \"menuType\" : [ \"C\" ],\r\n  \"menuName\" : [ \"我的成绩\" ],\r\n  \"url\" : [ \"/sau/mygrade\" ],\r\n  \"target\" : [ \"menuItem\" ],\r\n  \"perms\" : [ \"system:mygrade:view\" ],\r\n  \"orderNum\" : [ \"3\" ],\r\n  \"icon\" : [ \"#\" ],\r\n  \"visible\" : [ \"0\" ]\r\n}','{\r\n  \"msg\" : \"操作成功\",\r\n  \"code\" : 0\r\n}',0,NULL,'2020-02-03 19:24:46'),(428,'菜单管理',1,'com.ruoyi.web.controller.system.SysMenuController.addSave()','POST',1,'admin','计算机科学与技术','/system/menu/add','127.0.0.1','内网IP','{\r\n  \"parentId\" : [ \"1110\" ],\r\n  \"menuType\" : [ \"F\" ],\r\n  \"menuName\" : [ \"查看\" ],\r\n  \"url\" : [ \"\" ],\r\n  \"target\" : [ \"menuItem\" ],\r\n  \"perms\" : [ \"system:mygrade:list\" ],\r\n  \"orderNum\" : [ \"1\" ],\r\n  \"icon\" : [ \"\" ],\r\n  \"visible\" : [ \"0\" ]\r\n}','{\r\n  \"msg\" : \"操作成功\",\r\n  \"code\" : 0\r\n}',0,NULL,'2020-02-03 19:25:31'),(429,'菜单管理',2,'com.ruoyi.web.controller.system.SysMenuController.editSave()','POST',1,'admin','计算机科学与技术','/system/menu/edit','127.0.0.1','内网IP','{\r\n  \"menuId\" : [ \"1134\" ],\r\n  \"parentId\" : [ \"1107\" ],\r\n  \"menuType\" : [ \"C\" ],\r\n  \"menuName\" : [ \"生产实习成绩统计\" ],\r\n  \"url\" : [ \"/sau/mygrade\" ],\r\n  \"target\" : [ \"menuItem\" ],\r\n  \"perms\" : [ \"system:mygrade:view\" ],\r\n  \"orderNum\" : [ \"3\" ],\r\n  \"icon\" : [ \"#\" ],\r\n  \"visible\" : [ \"0\" ]\r\n}','{\r\n  \"msg\" : \"操作成功\",\r\n  \"code\" : 0\r\n}',0,NULL,'2020-02-03 19:38:51'),(430,'菜单管理',1,'com.ruoyi.web.controller.system.SysMenuController.addSave()','POST',1,'admin','计算机科学与技术','/system/menu/add','127.0.0.1','内网IP','{\r\n  \"parentId\" : [ \"1134\" ],\r\n  \"menuType\" : [ \"F\" ],\r\n  \"menuName\" : [ \"查看\" ],\r\n  \"url\" : [ \"\" ],\r\n  \"target\" : [ \"menuItem\" ],\r\n  \"perms\" : [ \"system:allgrade:list\" ],\r\n  \"orderNum\" : [ \"1\" ],\r\n  \"icon\" : [ \"\" ],\r\n  \"visible\" : [ \"0\" ]\r\n}','{\r\n  \"msg\" : \"操作成功\",\r\n  \"code\" : 0\r\n}',0,NULL,'2020-02-03 19:39:24'),(431,'菜单管理',2,'com.ruoyi.web.controller.system.SysMenuController.editSave()','POST',1,'admin','计算机科学与技术','/system/menu/edit','127.0.0.1','内网IP','{\r\n  \"menuId\" : [ \"1134\" ],\r\n  \"parentId\" : [ \"1107\" ],\r\n  \"menuType\" : [ \"C\" ],\r\n  \"menuName\" : [ \"生产实习成绩统计\" ],\r\n  \"url\" : [ \"/sau/allgrade\" ],\r\n  \"target\" : [ \"menuItem\" ],\r\n  \"perms\" : [ \"system:allgrade:view\" ],\r\n  \"orderNum\" : [ \"3\" ],\r\n  \"icon\" : [ \"#\" ],\r\n  \"visible\" : [ \"0\" ]\r\n}','{\r\n  \"msg\" : \"操作成功\",\r\n  \"code\" : 0\r\n}',0,NULL,'2020-02-03 19:39:47'),(432,'菜单管理',2,'com.ruoyi.web.controller.system.SysMenuController.editSave()','POST',1,'admin','计算机科学与技术','/system/menu/edit','127.0.0.1','内网IP','{\r\n  \"menuId\" : [ \"1100\" ],\r\n  \"parentId\" : [ \"1062\" ],\r\n  \"menuType\" : [ \"C\" ],\r\n  \"menuName\" : [ \"顶岗实习信息管理\" ],\r\n  \"url\" : [ \"/sau/work\" ],\r\n  \"target\" : [ \"menuItem\" ],\r\n  \"perms\" : [ \"system:work:view\" ],\r\n  \"orderNum\" : [ \"8\" ],\r\n  \"icon\" : [ \"#\" ],\r\n  \"visible\" : [ \"0\" ]\r\n}','{\r\n  \"msg\" : \"操作成功\",\r\n  \"code\" : 0\r\n}',0,NULL,'2020-02-04 11:14:42'),(433,'菜单管理',2,'com.ruoyi.web.controller.system.SysMenuController.editSave()','POST',1,'admin','计算机科学与技术','/system/menu/edit','127.0.0.1','内网IP','{\r\n  \"menuId\" : [ \"1111\" ],\r\n  \"parentId\" : [ \"1106\" ],\r\n  \"menuType\" : [ \"C\" ],\r\n  \"menuName\" : [ \"顶岗实习申请\" ],\r\n  \"url\" : [ \"/sau/workapply\" ],\r\n  \"target\" : [ \"menuItem\" ],\r\n  \"perms\" : [ \"system:workapply:view\" ],\r\n  \"orderNum\" : [ \"1\" ],\r\n  \"icon\" : [ \"#\" ],\r\n  \"visible\" : [ \"0\" ]\r\n}','{\r\n  \"msg\" : \"操作成功\",\r\n  \"code\" : 0\r\n}',0,NULL,'2020-02-04 18:25:06'),(434,'菜单管理',1,'com.ruoyi.web.controller.system.SysMenuController.addSave()','POST',1,'admin','计算机科学与技术','/system/menu/add','127.0.0.1','内网IP','{\r\n  \"parentId\" : [ \"1111\" ],\r\n  \"menuType\" : [ \"F\" ],\r\n  \"menuName\" : [ \"查看\" ],\r\n  \"url\" : [ \"\" ],\r\n  \"target\" : [ \"menuItem\" ],\r\n  \"perms\" : [ \"system:work:list\" ],\r\n  \"orderNum\" : [ \"1\" ],\r\n  \"icon\" : [ \"\" ],\r\n  \"visible\" : [ \"0\" ]\r\n}','{\r\n  \"msg\" : \"操作成功\",\r\n  \"code\" : 0\r\n}',0,NULL,'2020-02-04 19:09:21'),(435,'菜单管理',3,'com.ruoyi.web.controller.system.SysMenuController.remove()','GET',1,'admin','计算机科学与技术','/system/menu/remove/1138','127.0.0.1','内网IP','{ }','{\r\n  \"msg\" : \"操作成功\",\r\n  \"code\" : 0\r\n}',0,NULL,'2020-02-04 19:09:49'),(436,'菜单管理',1,'com.ruoyi.web.controller.system.SysMenuController.addSave()','POST',1,'admin','计算机科学与技术','/system/menu/add','127.0.0.1','内网IP','{\r\n  \"parentId\" : [ \"1111\" ],\r\n  \"menuType\" : [ \"F\" ],\r\n  \"menuName\" : [ \"申请顶岗实习\" ],\r\n  \"url\" : [ \"\" ],\r\n  \"target\" : [ \"menuItem\" ],\r\n  \"perms\" : [ \"system:workapply:add\" ],\r\n  \"orderNum\" : [ \"1\" ],\r\n  \"icon\" : [ \"\" ],\r\n  \"visible\" : [ \"0\" ]\r\n}','{\r\n  \"msg\" : \"操作成功\",\r\n  \"code\" : 0\r\n}',0,NULL,'2020-02-04 21:32:01'),(437,'菜单管理',2,'com.ruoyi.web.controller.system.SysMenuController.editSave()','POST',1,'admin','计算机科学与技术','/system/menu/edit','127.0.0.1','内网IP','{\r\n  \"menuId\" : [ \"1123\" ],\r\n  \"parentId\" : [ \"1106\" ],\r\n  \"menuType\" : [ \"C\" ],\r\n  \"menuName\" : [ \"我的申请\" ],\r\n  \"url\" : [ \"/sau/myworkapply\" ],\r\n  \"target\" : [ \"menuItem\" ],\r\n  \"perms\" : [ \"system:myworkapply:view\" ],\r\n  \"orderNum\" : [ \"4\" ],\r\n  \"icon\" : [ \"#\" ],\r\n  \"visible\" : [ \"0\" ]\r\n}','{\r\n  \"msg\" : \"操作成功\",\r\n  \"code\" : 0\r\n}',0,NULL,'2020-02-05 22:13:10'),(438,'菜单管理',1,'com.ruoyi.web.controller.system.SysMenuController.addSave()','POST',1,'admin','计算机科学与技术','/system/menu/add','127.0.0.1','内网IP','{\r\n  \"parentId\" : [ \"1123\" ],\r\n  \"menuType\" : [ \"F\" ],\r\n  \"menuName\" : [ \"查看\" ],\r\n  \"url\" : [ \"\" ],\r\n  \"target\" : [ \"menuItem\" ],\r\n  \"perms\" : [ \"system:myworkapply:list\" ],\r\n  \"orderNum\" : [ \"1\" ],\r\n  \"icon\" : [ \"\" ],\r\n  \"visible\" : [ \"0\" ]\r\n}','{\r\n  \"msg\" : \"操作成功\",\r\n  \"code\" : 0\r\n}',0,NULL,'2020-02-05 22:13:49'),(439,'菜单管理',1,'com.ruoyi.web.controller.system.SysMenuController.addSave()','POST',1,'admin','计算机科学与技术','/system/menu/add','127.0.0.1','内网IP','{\r\n  \"parentId\" : [ \"1123\" ],\r\n  \"menuType\" : [ \"F\" ],\r\n  \"menuName\" : [ \"退选\" ],\r\n  \"url\" : [ \"\" ],\r\n  \"target\" : [ \"menuItem\" ],\r\n  \"perms\" : [ \"system:myworkapply:remove\" ],\r\n  \"orderNum\" : [ \"2\" ],\r\n  \"icon\" : [ \"\" ],\r\n  \"visible\" : [ \"0\" ]\r\n}','{\r\n  \"msg\" : \"操作成功\",\r\n  \"code\" : 0\r\n}',0,NULL,'2020-02-05 22:14:09'),(440,'菜单管理',1,'com.ruoyi.web.controller.system.SysMenuController.addSave()','POST',1,'admin','计算机科学与技术','/system/menu/add','127.0.0.1','内网IP','{\r\n  \"parentId\" : [ \"1114\" ],\r\n  \"menuType\" : [ \"F\" ],\r\n  \"menuName\" : [ \"查看\" ],\r\n  \"url\" : [ \"\" ],\r\n  \"target\" : [ \"menuItem\" ],\r\n  \"perms\" : [ \"system:prodaudit:list\" ],\r\n  \"orderNum\" : [ \"1\" ],\r\n  \"icon\" : [ \"\" ],\r\n  \"visible\" : [ \"0\" ]\r\n}','{\r\n  \"msg\" : \"操作成功\",\r\n  \"code\" : 0\r\n}',0,NULL,'2020-02-06 00:10:20'),(441,'菜单管理',2,'com.ruoyi.web.controller.system.SysMenuController.editSave()','POST',1,'admin','计算机科学与技术','/system/menu/edit','127.0.0.1','内网IP','{\r\n  \"menuId\" : [ \"1127\" ],\r\n  \"parentId\" : [ \"1114\" ],\r\n  \"menuType\" : [ \"F\" ],\r\n  \"menuName\" : [ \"同意按钮\" ],\r\n  \"url\" : [ \"#\" ],\r\n  \"target\" : [ \"menuItem\" ],\r\n  \"perms\" : [ \"system:prodaudit:agree\" ],\r\n  \"orderNum\" : [ \"2\" ],\r\n  \"icon\" : [ \"#\" ],\r\n  \"visible\" : [ \"0\" ]\r\n}','{\r\n  \"msg\" : \"操作成功\",\r\n  \"code\" : 0\r\n}',0,NULL,'2020-02-06 00:10:32'),(442,'菜单管理',2,'com.ruoyi.web.controller.system.SysMenuController.editSave()','POST',1,'admin','计算机科学与技术','/system/menu/edit','127.0.0.1','内网IP','{\r\n  \"menuId\" : [ \"1128\" ],\r\n  \"parentId\" : [ \"1114\" ],\r\n  \"menuType\" : [ \"F\" ],\r\n  \"menuName\" : [ \"拒绝按钮\" ],\r\n  \"url\" : [ \"#\" ],\r\n  \"target\" : [ \"menuItem\" ],\r\n  \"perms\" : [ \"system:prodaudit:reject\" ],\r\n  \"orderNum\" : [ \"3\" ],\r\n  \"icon\" : [ \"#\" ],\r\n  \"visible\" : [ \"0\" ]\r\n}','{\r\n  \"msg\" : \"操作成功\",\r\n  \"code\" : 0\r\n}',0,NULL,'2020-02-06 00:10:44'),(443,'菜单管理',2,'com.ruoyi.web.controller.system.SysMenuController.editSave()','POST',1,'admin','计算机科学与技术','/system/menu/edit','127.0.0.1','内网IP','{\r\n  \"menuId\" : [ \"1115\" ],\r\n  \"parentId\" : [ \"1107\" ],\r\n  \"menuType\" : [ \"C\" ],\r\n  \"menuName\" : [ \"顶岗实习审核\" ],\r\n  \"url\" : [ \"/sau/workaudit\" ],\r\n  \"target\" : [ \"menuItem\" ],\r\n  \"perms\" : [ \"system:workaudit:view\" ],\r\n  \"orderNum\" : [ \"4\" ],\r\n  \"icon\" : [ \"#\" ],\r\n  \"visible\" : [ \"0\" ]\r\n}','{\r\n  \"msg\" : \"操作成功\",\r\n  \"code\" : 0\r\n}',0,NULL,'2020-02-06 00:29:17'),(444,'菜单管理',1,'com.ruoyi.web.controller.system.SysMenuController.addSave()','POST',1,'admin','计算机科学与技术','/system/menu/add','127.0.0.1','内网IP','{\r\n  \"parentId\" : [ \"1115\" ],\r\n  \"menuType\" : [ \"F\" ],\r\n  \"menuName\" : [ \"查看\" ],\r\n  \"url\" : [ \"\" ],\r\n  \"target\" : [ \"menuItem\" ],\r\n  \"perms\" : [ \"system:workaudit:list\" ],\r\n  \"orderNum\" : [ \"1\" ],\r\n  \"icon\" : [ \"\" ],\r\n  \"visible\" : [ \"0\" ]\r\n}','{\r\n  \"msg\" : \"操作成功\",\r\n  \"code\" : 0\r\n}',0,NULL,'2020-02-06 00:29:38'),(445,'菜单管理',1,'com.ruoyi.web.controller.system.SysMenuController.addSave()','POST',1,'admin','计算机科学与技术','/system/menu/add','127.0.0.1','内网IP','{\r\n  \"parentId\" : [ \"1115\" ],\r\n  \"menuType\" : [ \"F\" ],\r\n  \"menuName\" : [ \"详情\" ],\r\n  \"url\" : [ \"\" ],\r\n  \"target\" : [ \"menuItem\" ],\r\n  \"perms\" : [ \"system:workaudit:edit\" ],\r\n  \"orderNum\" : [ \"2\" ],\r\n  \"icon\" : [ \"\" ],\r\n  \"visible\" : [ \"0\" ]\r\n}','{\r\n  \"msg\" : \"操作成功\",\r\n  \"code\" : 0\r\n}',0,NULL,'2020-02-06 00:30:06'),(446,'菜单管理',1,'com.ruoyi.web.controller.system.SysMenuController.addSave()','POST',1,'admin','计算机科学与技术','/system/menu/add','127.0.0.1','内网IP','{\r\n  \"parentId\" : [ \"1115\" ],\r\n  \"menuType\" : [ \"F\" ],\r\n  \"menuName\" : [ \"同意按钮\" ],\r\n  \"url\" : [ \"\" ],\r\n  \"target\" : [ \"menuItem\" ],\r\n  \"perms\" : [ \"system:workaudit:agree\" ],\r\n  \"orderNum\" : [ \"3\" ],\r\n  \"icon\" : [ \"\" ],\r\n  \"visible\" : [ \"0\" ]\r\n}','{\r\n  \"msg\" : \"操作成功\",\r\n  \"code\" : 0\r\n}',0,NULL,'2020-02-06 00:30:32'),(447,'菜单管理',1,'com.ruoyi.web.controller.system.SysMenuController.addSave()','POST',1,'admin','计算机科学与技术','/system/menu/add','127.0.0.1','内网IP','{\r\n  \"parentId\" : [ \"1115\" ],\r\n  \"menuType\" : [ \"F\" ],\r\n  \"menuName\" : [ \"拒绝按钮\" ],\r\n  \"url\" : [ \"\" ],\r\n  \"target\" : [ \"menuItem\" ],\r\n  \"perms\" : [ \"system:workaudit:reject\" ],\r\n  \"orderNum\" : [ \"4\" ],\r\n  \"icon\" : [ \"\" ],\r\n  \"visible\" : [ \"0\" ]\r\n}','{\r\n  \"msg\" : \"操作成功\",\r\n  \"code\" : 0\r\n}',0,NULL,'2020-02-06 00:30:57'),(448,'菜单管理',2,'com.ruoyi.web.controller.system.SysMenuController.editSave()','POST',1,'admin','计算机科学与技术','/system/menu/edit','127.0.0.1','内网IP','{\r\n  \"menuId\" : [ \"1112\" ],\r\n  \"parentId\" : [ \"1106\" ],\r\n  \"menuType\" : [ \"C\" ],\r\n  \"menuName\" : [ \"我的顶岗实习\" ],\r\n  \"url\" : [ \"/sau/mywork\" ],\r\n  \"target\" : [ \"menuItem\" ],\r\n  \"perms\" : [ \"system:mywork:view\" ],\r\n  \"orderNum\" : [ \"2\" ],\r\n  \"icon\" : [ \"#\" ],\r\n  \"visible\" : [ \"0\" ]\r\n}','{\r\n  \"msg\" : \"操作成功\",\r\n  \"code\" : 0\r\n}',0,NULL,'2020-02-06 18:32:15'),(449,'菜单管理',1,'com.ruoyi.web.controller.system.SysMenuController.addSave()','POST',1,'admin','计算机科学与技术','/system/menu/add','127.0.0.1','内网IP','{\r\n  \"parentId\" : [ \"1112\" ],\r\n  \"menuType\" : [ \"F\" ],\r\n  \"menuName\" : [ \"查看\" ],\r\n  \"url\" : [ \"\" ],\r\n  \"target\" : [ \"menuItem\" ],\r\n  \"perms\" : [ \"system:mywork:list\" ],\r\n  \"orderNum\" : [ \"1\" ],\r\n  \"icon\" : [ \"\" ],\r\n  \"visible\" : [ \"0\" ]\r\n}','{\r\n  \"msg\" : \"操作成功\",\r\n  \"code\" : 0\r\n}',0,NULL,'2020-02-06 18:32:37'),(450,'菜单管理',1,'com.ruoyi.web.controller.system.SysMenuController.addSave()','POST',1,'admin','计算机科学与技术','/system/menu/add','127.0.0.1','内网IP','{\r\n  \"parentId\" : [ \"1112\" ],\r\n  \"menuType\" : [ \"F\" ],\r\n  \"menuName\" : [ \"填写周报内容\" ],\r\n  \"url\" : [ \"\" ],\r\n  \"target\" : [ \"menuItem\" ],\r\n  \"perms\" : [ \"system:mywork:edit\" ],\r\n  \"orderNum\" : [ \"2\" ],\r\n  \"icon\" : [ \"\" ],\r\n  \"visible\" : [ \"0\" ]\r\n}','{\r\n  \"msg\" : \"操作成功\",\r\n  \"code\" : 0\r\n}',0,NULL,'2020-02-06 18:37:51'),(451,'菜单管理',2,'com.ruoyi.web.controller.system.SysMenuController.editSave()','POST',1,'admin','计算机科学与技术','/system/menu/edit','127.0.0.1','内网IP','{\r\n  \"menuId\" : [ \"1117\" ],\r\n  \"parentId\" : [ \"1107\" ],\r\n  \"menuType\" : [ \"C\" ],\r\n  \"menuName\" : [ \"顶岗实习过程管理\" ],\r\n  \"url\" : [ \"sau/teaworkaudit\" ],\r\n  \"target\" : [ \"menuItem\" ],\r\n  \"perms\" : [ \"system:teaworkaudit:edit\" ],\r\n  \"orderNum\" : [ \"5\" ],\r\n  \"icon\" : [ \"#\" ],\r\n  \"visible\" : [ \"0\" ]\r\n}','{\r\n  \"msg\" : \"操作成功\",\r\n  \"code\" : 0\r\n}',0,NULL,'2020-02-06 18:54:03'),(452,'菜单管理',2,'com.ruoyi.web.controller.system.SysMenuController.editSave()','POST',1,'admin','计算机科学与技术','/system/menu/edit','127.0.0.1','内网IP','{\r\n  \"menuId\" : [ \"1117\" ],\r\n  \"parentId\" : [ \"1107\" ],\r\n  \"menuType\" : [ \"C\" ],\r\n  \"menuName\" : [ \"顶岗实习过程管理\" ],\r\n  \"url\" : [ \"/sau/teaworkaudit\" ],\r\n  \"target\" : [ \"menuItem\" ],\r\n  \"perms\" : [ \"system:teaworkaudit:edit\" ],\r\n  \"orderNum\" : [ \"5\" ],\r\n  \"icon\" : [ \"#\" ],\r\n  \"visible\" : [ \"0\" ]\r\n}','{\r\n  \"msg\" : \"操作成功\",\r\n  \"code\" : 0\r\n}',0,NULL,'2020-02-06 18:54:19'),(453,'菜单管理',2,'com.ruoyi.web.controller.system.SysMenuController.editSave()','POST',1,'admin','计算机科学与技术','/system/menu/edit','127.0.0.1','内网IP','{\r\n  \"menuId\" : [ \"1117\" ],\r\n  \"parentId\" : [ \"1107\" ],\r\n  \"menuType\" : [ \"C\" ],\r\n  \"menuName\" : [ \"顶岗实习过程管理\" ],\r\n  \"url\" : [ \"/sau/workteaaudit\" ],\r\n  \"target\" : [ \"menuItem\" ],\r\n  \"perms\" : [ \"system:workteaaudit:edit\" ],\r\n  \"orderNum\" : [ \"5\" ],\r\n  \"icon\" : [ \"#\" ],\r\n  \"visible\" : [ \"0\" ]\r\n}','{\r\n  \"msg\" : \"操作成功\",\r\n  \"code\" : 0\r\n}',0,NULL,'2020-02-06 18:56:21'),(454,'菜单管理',1,'com.ruoyi.web.controller.system.SysMenuController.addSave()','POST',1,'admin','计算机科学与技术','/system/menu/add','127.0.0.1','内网IP','{\r\n  \"parentId\" : [ \"1117\" ],\r\n  \"menuType\" : [ \"F\" ],\r\n  \"menuName\" : [ \"查看\" ],\r\n  \"url\" : [ \"\" ],\r\n  \"target\" : [ \"menuItem\" ],\r\n  \"perms\" : [ \"system:workteaaudit:list\" ],\r\n  \"orderNum\" : [ \"1\" ],\r\n  \"icon\" : [ \"\" ],\r\n  \"visible\" : [ \"0\" ]\r\n}','{\r\n  \"msg\" : \"操作成功\",\r\n  \"code\" : 0\r\n}',0,NULL,'2020-02-06 19:09:33'),(455,'菜单管理',1,'com.ruoyi.web.controller.system.SysMenuController.addSave()','POST',1,'admin','计算机科学与技术','/system/menu/add','127.0.0.1','内网IP','{\r\n  \"parentId\" : [ \"1117\" ],\r\n  \"menuType\" : [ \"F\" ],\r\n  \"menuName\" : [ \"批阅\" ],\r\n  \"url\" : [ \"\" ],\r\n  \"target\" : [ \"menuItem\" ],\r\n  \"perms\" : [ \"system:workteaaudit:edit\" ],\r\n  \"orderNum\" : [ \"2\" ],\r\n  \"icon\" : [ \"\" ],\r\n  \"visible\" : [ \"0\" ]\r\n}','{\r\n  \"msg\" : \"操作成功\",\r\n  \"code\" : 0\r\n}',0,NULL,'2020-02-06 19:09:58'),(456,'菜单管理',2,'com.ruoyi.web.controller.system.SysMenuController.editSave()','POST',1,'admin','计算机科学与技术','/system/menu/edit','127.0.0.1','内网IP','{\r\n  \"menuId\" : [ \"1113\" ],\r\n  \"parentId\" : [ \"1106\" ],\r\n  \"menuType\" : [ \"C\" ],\r\n  \"menuName\" : [ \"我的成绩\" ],\r\n  \"url\" : [ \"/sau/myworkgrade\" ],\r\n  \"target\" : [ \"menuItem\" ],\r\n  \"perms\" : [ \"system:myworkgrade:view\" ],\r\n  \"orderNum\" : [ \"3\" ],\r\n  \"icon\" : [ \"#\" ],\r\n  \"visible\" : [ \"0\" ]\r\n}','{\r\n  \"msg\" : \"操作成功\",\r\n  \"code\" : 0\r\n}',0,NULL,'2020-02-06 23:46:46'),(457,'菜单管理',1,'com.ruoyi.web.controller.system.SysMenuController.addSave()','POST',1,'admin','计算机科学与技术','/system/menu/add','127.0.0.1','内网IP','{\r\n  \"parentId\" : [ \"1113\" ],\r\n  \"menuType\" : [ \"F\" ],\r\n  \"menuName\" : [ \"查看\" ],\r\n  \"url\" : [ \"\" ],\r\n  \"target\" : [ \"menuItem\" ],\r\n  \"perms\" : [ \"system:myworkgrade:list\" ],\r\n  \"orderNum\" : [ \"1\" ],\r\n  \"icon\" : [ \"\" ],\r\n  \"visible\" : [ \"0\" ]\r\n}','{\r\n  \"msg\" : \"操作成功\",\r\n  \"code\" : 0\r\n}',0,NULL,'2020-02-06 23:47:08'),(458,'菜单管理',2,'com.ruoyi.web.controller.system.SysMenuController.editSave()','POST',1,'admin','计算机科学与技术','/system/menu/edit','127.0.0.1','内网IP','{\r\n  \"menuId\" : [ \"1135\" ],\r\n  \"parentId\" : [ \"1107\" ],\r\n  \"menuType\" : [ \"C\" ],\r\n  \"menuName\" : [ \"顶岗实习成绩统计\" ],\r\n  \"url\" : [ \"/sau/allworkgrade\" ],\r\n  \"target\" : [ \"menuItem\" ],\r\n  \"perms\" : [ \"system:allworkgrade:view\" ],\r\n  \"orderNum\" : [ \"6\" ],\r\n  \"icon\" : [ \"#\" ],\r\n  \"visible\" : [ \"0\" ]\r\n}','{\r\n  \"msg\" : \"操作成功\",\r\n  \"code\" : 0\r\n}',0,NULL,'2020-02-07 00:24:18'),(459,'菜单管理',1,'com.ruoyi.web.controller.system.SysMenuController.addSave()','POST',1,'admin','计算机科学与技术','/system/menu/add','127.0.0.1','内网IP','{\r\n  \"parentId\" : [ \"1135\" ],\r\n  \"menuType\" : [ \"F\" ],\r\n  \"menuName\" : [ \"查看\" ],\r\n  \"url\" : [ \"\" ],\r\n  \"target\" : [ \"menuItem\" ],\r\n  \"perms\" : [ \"system:allworkgrade:list\" ],\r\n  \"orderNum\" : [ \"1\" ],\r\n  \"icon\" : [ \"\" ],\r\n  \"visible\" : [ \"0\" ]\r\n}','{\r\n  \"msg\" : \"操作成功\",\r\n  \"code\" : 0\r\n}',0,NULL,'2020-02-07 00:24:35'),(460,'菜单管理',1,'com.ruoyi.web.controller.system.SysMenuController.addSave()','POST',1,'admin','计算机科学与技术','/system/menu/add','127.0.0.1','内网IP','{\r\n  \"parentId\" : [ \"1113\" ],\r\n  \"menuType\" : [ \"F\" ],\r\n  \"menuName\" : [ \"详情\" ],\r\n  \"url\" : [ \"\" ],\r\n  \"target\" : [ \"menuItem\" ],\r\n  \"perms\" : [ \"system:myworkgrade:see\" ],\r\n  \"orderNum\" : [ \"2\" ],\r\n  \"icon\" : [ \"\" ],\r\n  \"visible\" : [ \"0\" ]\r\n}','{\r\n  \"msg\" : \"操作成功\",\r\n  \"code\" : 0\r\n}',0,NULL,'2020-02-08 17:55:37'),(461,'菜单管理',2,'com.ruoyi.web.controller.system.SysMenuController.editSave()','POST',1,'admin','计算机科学与技术','/system/menu/edit','127.0.0.1','内网IP','{\r\n  \"menuId\" : [ \"1144\" ],\r\n  \"parentId\" : [ \"1115\" ],\r\n  \"menuType\" : [ \"F\" ],\r\n  \"menuName\" : [ \"详情\" ],\r\n  \"url\" : [ \"#\" ],\r\n  \"target\" : [ \"menuItem\" ],\r\n  \"perms\" : [ \"system:workaudit:see\" ],\r\n  \"orderNum\" : [ \"2\" ],\r\n  \"icon\" : [ \"#\" ],\r\n  \"visible\" : [ \"0\" ]\r\n}','{\r\n  \"msg\" : \"操作成功\",\r\n  \"code\" : 0\r\n}',0,NULL,'2020-02-08 17:56:21'),(462,'菜单管理',2,'com.ruoyi.web.controller.system.SysMenuController.editSave()','POST',1,'admin','计算机科学与技术','/system/menu/edit','127.0.0.1','内网IP','{\r\n  \"menuId\" : [ \"1121\" ],\r\n  \"parentId\" : [ \"1118\" ],\r\n  \"menuType\" : [ \"C\" ],\r\n  \"menuName\" : [ \"讨论区\" ],\r\n  \"url\" : [ \"/sau/talk\" ],\r\n  \"target\" : [ \"menuItem\" ],\r\n  \"perms\" : [ \"system:talk:view\" ],\r\n  \"orderNum\" : [ \"3\" ],\r\n  \"icon\" : [ \"#\" ],\r\n  \"visible\" : [ \"0\" ]\r\n}','{\r\n  \"msg\" : \"操作成功\",\r\n  \"code\" : 0\r\n}',0,NULL,'2020-02-09 15:44:45'),(463,'菜单管理',2,'com.ruoyi.web.controller.system.SysMenuController.editSave()','POST',1,'admin','计算机科学与技术','/system/menu/edit','127.0.0.1','内网IP','{\r\n  \"menuId\" : [ \"1120\" ],\r\n  \"parentId\" : [ \"1118\" ],\r\n  \"menuType\" : [ \"C\" ],\r\n  \"menuName\" : [ \"我的分享\" ],\r\n  \"url\" : [ \"/sau/mytalk\" ],\r\n  \"target\" : [ \"menuItem\" ],\r\n  \"perms\" : [ \"system:mytalk:view\" ],\r\n  \"orderNum\" : [ \"2\" ],\r\n  \"icon\" : [ \"#\" ],\r\n  \"visible\" : [ \"0\" ]\r\n}','{\r\n  \"msg\" : \"操作成功\",\r\n  \"code\" : 0\r\n}',0,NULL,'2020-02-09 15:45:19'),(464,'菜单管理',1,'com.ruoyi.web.controller.system.SysMenuController.addSave()','POST',1,'admin','计算机科学与技术','/system/menu/add','127.0.0.1','内网IP','{\r\n  \"parentId\" : [ \"1121\" ],\r\n  \"menuType\" : [ \"F\" ],\r\n  \"menuName\" : [ \"查看\" ],\r\n  \"url\" : [ \"\" ],\r\n  \"target\" : [ \"menuItem\" ],\r\n  \"perms\" : [ \"system:talk:list\" ],\r\n  \"orderNum\" : [ \"1\" ],\r\n  \"icon\" : [ \"\" ],\r\n  \"visible\" : [ \"0\" ]\r\n}','{\r\n  \"msg\" : \"操作成功\",\r\n  \"code\" : 0\r\n}',0,NULL,'2020-02-09 17:40:03'),(465,'菜单管理',1,'com.ruoyi.web.controller.system.SysMenuController.addSave()','POST',1,'admin','计算机科学与技术','/system/menu/add','127.0.0.1','内网IP','{\r\n  \"parentId\" : [ \"1120\" ],\r\n  \"menuType\" : [ \"F\" ],\r\n  \"menuName\" : [ \"查看\" ],\r\n  \"url\" : [ \"\" ],\r\n  \"target\" : [ \"menuItem\" ],\r\n  \"perms\" : [ \"system:mytalk:list\" ],\r\n  \"orderNum\" : [ \"1\" ],\r\n  \"icon\" : [ \"\" ],\r\n  \"visible\" : [ \"0\" ]\r\n}','{\r\n  \"msg\" : \"操作成功\",\r\n  \"code\" : 0\r\n}',0,NULL,'2020-02-09 17:40:26'),(466,'菜单管理',1,'com.ruoyi.web.controller.system.SysMenuController.addSave()','POST',1,'admin','计算机科学与技术','/system/menu/add','127.0.0.1','内网IP','{\r\n  \"parentId\" : [ \"1121\" ],\r\n  \"menuType\" : [ \"F\" ],\r\n  \"menuName\" : [ \"新增\" ],\r\n  \"url\" : [ \"\" ],\r\n  \"target\" : [ \"menuItem\" ],\r\n  \"perms\" : [ \"system:mytalk:add\" ],\r\n  \"orderNum\" : [ \"2\" ],\r\n  \"icon\" : [ \"\" ],\r\n  \"visible\" : [ \"0\" ]\r\n}','{\r\n  \"msg\" : \"操作成功\",\r\n  \"code\" : 0\r\n}',0,NULL,'2020-02-09 17:40:50'),(467,'菜单管理',1,'com.ruoyi.web.controller.system.SysMenuController.addSave()','POST',1,'admin','计算机科学与技术','/system/menu/add','127.0.0.1','内网IP','{\r\n  \"parentId\" : [ \"1120\" ],\r\n  \"menuType\" : [ \"F\" ],\r\n  \"menuName\" : [ \"删除\" ],\r\n  \"url\" : [ \"\" ],\r\n  \"target\" : [ \"menuItem\" ],\r\n  \"perms\" : [ \"system:mytalk:remove\" ],\r\n  \"orderNum\" : [ \"3\" ],\r\n  \"icon\" : [ \"\" ],\r\n  \"visible\" : [ \"0\" ]\r\n}','{\r\n  \"msg\" : \"操作成功\",\r\n  \"code\" : 0\r\n}',0,NULL,'2020-02-09 17:41:10'),(468,'菜单管理',1,'com.ruoyi.web.controller.system.SysMenuController.addSave()','POST',1,'admin','计算机科学与技术','/system/menu/add','127.0.0.1','内网IP','{\r\n  \"parentId\" : [ \"1120\" ],\r\n  \"menuType\" : [ \"F\" ],\r\n  \"menuName\" : [ \"修改\" ],\r\n  \"url\" : [ \"\" ],\r\n  \"target\" : [ \"menuItem\" ],\r\n  \"perms\" : [ \"system:mytalk:edit\" ],\r\n  \"orderNum\" : [ \"4\" ],\r\n  \"icon\" : [ \"\" ],\r\n  \"visible\" : [ \"0\" ]\r\n}','{\r\n  \"msg\" : \"操作成功\",\r\n  \"code\" : 0\r\n}',0,NULL,'2020-02-09 17:41:29'),(469,'菜单管理',3,'com.ruoyi.web.controller.system.SysMenuController.remove()','GET',1,'admin','计算机科学与技术','/system/menu/remove/1156','127.0.0.1','内网IP','{ }','{\r\n  \"msg\" : \"操作成功\",\r\n  \"code\" : 0\r\n}',0,NULL,'2020-02-09 17:41:45'),(470,'菜单管理',1,'com.ruoyi.web.controller.system.SysMenuController.addSave()','POST',1,'admin','计算机科学与技术','/system/menu/add','127.0.0.1','内网IP','{\r\n  \"parentId\" : [ \"1120\" ],\r\n  \"menuType\" : [ \"F\" ],\r\n  \"menuName\" : [ \"新增\" ],\r\n  \"url\" : [ \"\" ],\r\n  \"target\" : [ \"menuItem\" ],\r\n  \"perms\" : [ \"system:mytalk:add\" ],\r\n  \"orderNum\" : [ \"2\" ],\r\n  \"icon\" : [ \"\" ],\r\n  \"visible\" : [ \"0\" ]\r\n}','{\r\n  \"msg\" : \"操作成功\",\r\n  \"code\" : 0\r\n}',0,NULL,'2020-02-09 17:42:13'),(471,'菜单管理',1,'com.ruoyi.web.controller.system.SysMenuController.addSave()','POST',1,'admin','计算机科学与技术','/system/menu/add','127.0.0.1','内网IP','{\r\n  \"parentId\" : [ \"1121\" ],\r\n  \"menuType\" : [ \"F\" ],\r\n  \"menuName\" : [ \"详情\" ],\r\n  \"url\" : [ \"\" ],\r\n  \"target\" : [ \"menuItem\" ],\r\n  \"perms\" : [ \"system:talk:see\" ],\r\n  \"orderNum\" : [ \"2\" ],\r\n  \"icon\" : [ \"\" ],\r\n  \"visible\" : [ \"0\" ]\r\n}','{\r\n  \"msg\" : \"操作成功\",\r\n  \"code\" : 0\r\n}',0,NULL,'2020-02-09 20:40:37'),(472,'菜单管理',2,'com.ruoyi.web.controller.system.SysMenuController.editSave()','POST',1,'admin','计算机科学与技术','/system/menu/edit','127.0.0.1','内网IP','{\r\n  \"menuId\" : [ \"1119\" ],\r\n  \"parentId\" : [ \"1118\" ],\r\n  \"menuType\" : [ \"C\" ],\r\n  \"menuName\" : [ \"信息审核\" ],\r\n  \"url\" : [ \"/sau/talkaudit\" ],\r\n  \"target\" : [ \"menuItem\" ],\r\n  \"perms\" : [ \"system:talkaudit:view\" ],\r\n  \"orderNum\" : [ \"1\" ],\r\n  \"icon\" : [ \"#\" ],\r\n  \"visible\" : [ \"0\" ]\r\n}','{\r\n  \"msg\" : \"操作成功\",\r\n  \"code\" : 0\r\n}',0,NULL,'2020-02-10 13:57:56'),(473,'菜单管理',1,'com.ruoyi.web.controller.system.SysMenuController.addSave()','POST',1,'admin','计算机科学与技术','/system/menu/add','127.0.0.1','内网IP','{\r\n  \"parentId\" : [ \"1119\" ],\r\n  \"menuType\" : [ \"F\" ],\r\n  \"menuName\" : [ \"查看\" ],\r\n  \"url\" : [ \"\" ],\r\n  \"target\" : [ \"menuItem\" ],\r\n  \"perms\" : [ \"system:talkaudit:list\" ],\r\n  \"orderNum\" : [ \"1\" ],\r\n  \"icon\" : [ \"\" ],\r\n  \"visible\" : [ \"0\" ]\r\n}','{\r\n  \"msg\" : \"操作成功\",\r\n  \"code\" : 0\r\n}',0,NULL,'2020-02-10 13:58:33'),(474,'菜单管理',1,'com.ruoyi.web.controller.system.SysMenuController.addSave()','POST',1,'admin','计算机科学与技术','/system/menu/add','127.0.0.1','内网IP','{\r\n  \"parentId\" : [ \"1119\" ],\r\n  \"menuType\" : [ \"F\" ],\r\n  \"menuName\" : [ \"详情\" ],\r\n  \"url\" : [ \"\" ],\r\n  \"target\" : [ \"menuItem\" ],\r\n  \"perms\" : [ \"system:talkaudit:see\" ],\r\n  \"orderNum\" : [ \"2\" ],\r\n  \"icon\" : [ \"\" ],\r\n  \"visible\" : [ \"0\" ]\r\n}','{\r\n  \"msg\" : \"操作成功\",\r\n  \"code\" : 0\r\n}',0,NULL,'2020-02-10 13:58:57'),(475,'菜单管理',1,'com.ruoyi.web.controller.system.SysMenuController.addSave()','POST',1,'admin','计算机科学与技术','/system/menu/add','127.0.0.1','内网IP','{\r\n  \"parentId\" : [ \"1119\" ],\r\n  \"menuType\" : [ \"F\" ],\r\n  \"menuName\" : [ \"同意\" ],\r\n  \"url\" : [ \"\" ],\r\n  \"target\" : [ \"menuItem\" ],\r\n  \"perms\" : [ \"system:talkaudit:agree\" ],\r\n  \"orderNum\" : [ \"3\" ],\r\n  \"icon\" : [ \"\" ],\r\n  \"visible\" : [ \"0\" ]\r\n}','{\r\n  \"msg\" : \"操作成功\",\r\n  \"code\" : 0\r\n}',0,NULL,'2020-02-10 13:59:23'),(476,'菜单管理',1,'com.ruoyi.web.controller.system.SysMenuController.addSave()','POST',1,'admin','计算机科学与技术','/system/menu/add','127.0.0.1','内网IP','{\r\n  \"parentId\" : [ \"1119\" ],\r\n  \"menuType\" : [ \"F\" ],\r\n  \"menuName\" : [ \"拒绝\" ],\r\n  \"url\" : [ \"\" ],\r\n  \"target\" : [ \"menuItem\" ],\r\n  \"perms\" : [ \"system:talkaudit:reject\" ],\r\n  \"orderNum\" : [ \"4\" ],\r\n  \"icon\" : [ \"\" ],\r\n  \"visible\" : [ \"0\" ]\r\n}','{\r\n  \"msg\" : \"操作成功\",\r\n  \"code\" : 0\r\n}',0,NULL,'2020-02-10 13:59:47'),(477,'角色管理',2,'com.ruoyi.web.controller.system.SysRoleController.editSave()','POST',1,'admin','计算机科学与技术','/system/role/edit','127.0.0.1','内网IP','{\r\n  \"roleId\" : [ \"100\" ],\r\n  \"roleName\" : [ \"教师\" ],\r\n  \"roleKey\" : [ \"teacher\" ],\r\n  \"roleSort\" : [ \"2\" ],\r\n  \"status\" : [ \"0\" ],\r\n  \"remark\" : [ \"普通角色\" ],\r\n  \"menuIds\" : [ \"1062,1063,1074,1075,1076,1077,1066,1082,1068,1073,1091,1092,1107,1114,1142,1127,1128,1116,1132,1133,1134,1137,1115,1143,1144,1145,1146,1117,1149,1150,1135,1152,1118,1119,1161,1162,1163,1164,1120,1155,1159,1157,1158,1121,1154,1160\" ]\r\n}','{\r\n  \"msg\" : \"操作成功\",\r\n  \"code\" : 0\r\n}',0,NULL,'2020-02-10 17:32:34'),(478,'角色管理',2,'com.ruoyi.web.controller.system.SysRoleController.editSave()','POST',1,'admin','计算机科学与技术','/system/role/edit','127.0.0.1','内网IP','{\r\n  \"roleId\" : [ \"2\" ],\r\n  \"roleName\" : [ \"学生\" ],\r\n  \"roleKey\" : [ \"student\" ],\r\n  \"roleSort\" : [ \"3\" ],\r\n  \"status\" : [ \"0\" ],\r\n  \"remark\" : [ \"普通角色\" ],\r\n  \"menuIds\" : [ \"1067,1069,1089,1088,1070,1086,1087,1105,1108,1124,1109,1130,1131,1110,1136,1122,1125,1126,1106,1111,1139,1112,1147,1148,1113,1151,1153,1123,1140,1141,1068,1072,1090,1118,1120,1155,1159,1157,1158,1121,1154,1160\" ]\r\n}','{\r\n  \"msg\" : \"操作成功\",\r\n  \"code\" : 0\r\n}',0,NULL,'2020-02-10 17:32:56'),(479,'菜单管理',2,'com.ruoyi.web.controller.system.SysMenuController.editSave()','POST',1,'admin','计算机科学与技术','/system/menu/edit','127.0.0.1','内网IP','{\r\n  \"menuId\" : [ \"3\" ],\r\n  \"parentId\" : [ \"0\" ],\r\n  \"menuType\" : [ \"M\" ],\r\n  \"menuName\" : [ \"系统工具\" ],\r\n  \"url\" : [ \"#\" ],\r\n  \"target\" : [ \"menuItem\" ],\r\n  \"perms\" : [ \"\" ],\r\n  \"orderNum\" : [ \"4\" ],\r\n  \"icon\" : [ \"fa fa-bars\" ],\r\n  \"visible\" : [ \"1\" ]\r\n}','{\r\n  \"msg\" : \"操作成功\",\r\n  \"code\" : 0\r\n}',0,NULL,'2020-02-10 17:36:27'),(480,'菜单管理',2,'com.ruoyi.web.controller.system.SysMenuController.editSave()','POST',1,'admin','计算机科学与技术','/system/menu/edit','112.40.207.225','辽宁 本溪','{\n  \"menuId\" : [ \"101\" ],\n  \"parentId\" : [ \"1\" ],\n  \"menuType\" : [ \"C\" ],\n  \"menuName\" : [ \"角色信息管理\" ],\n  \"url\" : [ \"/system/role\" ],\n  \"target\" : [ \"menuItem\" ],\n  \"perms\" : [ \"system:role:view\" ],\n  \"orderNum\" : [ \"4\" ],\n  \"icon\" : [ \"fa fa-address-card\" ],\n  \"visible\" : [ \"0\" ]\n}','{\n  \"msg\" : \"操作成功\",\n  \"code\" : 0\n}',0,NULL,'2020-02-11 21:40:49'),(481,'菜单管理',2,'com.ruoyi.web.controller.system.SysMenuController.editSave()','POST',1,'admin','计算机科学与技术','/system/menu/edit','112.40.207.225','辽宁 本溪','{\n  \"menuId\" : [ \"103\" ],\n  \"parentId\" : [ \"1\" ],\n  \"menuType\" : [ \"C\" ],\n  \"menuName\" : [ \"部门信息管理\" ],\n  \"url\" : [ \"/system/dept\" ],\n  \"target\" : [ \"menuItem\" ],\n  \"perms\" : [ \"system:dept:view\" ],\n  \"orderNum\" : [ \"5\" ],\n  \"icon\" : [ \"#\" ],\n  \"visible\" : [ \"0\" ]\n}','{\n  \"msg\" : \"操作成功\",\n  \"code\" : 0\n}',0,NULL,'2020-02-11 21:41:47'),(482,'菜单管理',2,'com.ruoyi.web.controller.system.SysMenuController.editSave()','POST',1,'admin','计算机科学与技术','/system/menu/edit','112.40.207.225','辽宁 本溪','{\n  \"menuId\" : [ \"104\" ],\n  \"parentId\" : [ \"1\" ],\n  \"menuType\" : [ \"C\" ],\n  \"menuName\" : [ \"岗位信息管理\" ],\n  \"url\" : [ \"/system/post\" ],\n  \"target\" : [ \"menuItem\" ],\n  \"perms\" : [ \"system:post:view\" ],\n  \"orderNum\" : [ \"6\" ],\n  \"icon\" : [ \"#\" ],\n  \"visible\" : [ \"0\" ]\n}','{\n  \"msg\" : \"操作成功\",\n  \"code\" : 0\n}',0,NULL,'2020-02-11 21:42:37'),(483,'菜单管理',2,'com.ruoyi.web.controller.system.SysMenuController.editSave()','POST',1,'admin','计算机科学与技术','/system/menu/edit','112.40.203.31','辽宁 本溪','{\n  \"menuId\" : [ \"2\" ],\n  \"parentId\" : [ \"0\" ],\n  \"menuType\" : [ \"M\" ],\n  \"menuName\" : [ \"系统监控\" ],\n  \"url\" : [ \"#\" ],\n  \"target\" : [ \"menuItem\" ],\n  \"perms\" : [ \"\" ],\n  \"orderNum\" : [ \"5\" ],\n  \"icon\" : [ \"fa fa-video-camera\" ],\n  \"visible\" : [ \"0\" ]\n}','{\n  \"msg\" : \"操作成功\",\n  \"code\" : 0\n}',0,NULL,'2020-04-18 20:30:01'),(484,'用户管理',5,'com.ruoyi.web.controller.system.SysUserController.export()','POST',1,'admin','计算机科学与技术','/system/user/export','221.221.147.24','XX XX','{ }','{\n  \"msg\" : \"119b26a3-a7f0-4c6a-b956-64a616f18848_用户数据.xlsx\",\n  \"code\" : 0\n}',0,NULL,'2020-05-01 20:42:09'),(485,'菜单管理',2,'com.ruoyi.web.controller.system.SysMenuController.editSave()','POST',1,'admin','计算机科学与技术','/system/menu/edit','127.0.0.1','内网IP','{\r\n  \"menuId\" : [ \"3\" ],\r\n  \"parentId\" : [ \"0\" ],\r\n  \"menuType\" : [ \"M\" ],\r\n  \"menuName\" : [ \"系统工具\" ],\r\n  \"url\" : [ \"#\" ],\r\n  \"target\" : [ \"menuItem\" ],\r\n  \"perms\" : [ \"\" ],\r\n  \"orderNum\" : [ \"4\" ],\r\n  \"icon\" : [ \"fa fa-bars\" ],\r\n  \"visible\" : [ \"0\" ]\r\n}','{\r\n  \"msg\" : \"操作成功\",\r\n  \"code\" : 0\r\n}',0,NULL,'2020-05-13 15:31:10'),(486,'菜单管理',1,'com.ruoyi.web.controller.system.SysMenuController.addSave()','POST',1,'admin','计算机科学与技术','/system/menu/add','127.0.0.1','内网IP','{\r\n  \"parentId\" : [ \"0\" ],\r\n  \"menuType\" : [ \"M\" ],\r\n  \"menuName\" : [ \"新分享\" ],\r\n  \"url\" : [ \"\" ],\r\n  \"target\" : [ \"menuItem\" ],\r\n  \"perms\" : [ \"\" ],\r\n  \"orderNum\" : [ \"3\" ],\r\n  \"icon\" : [ \"\" ],\r\n  \"visible\" : [ \"0\" ]\r\n}','{\r\n  \"msg\" : \"操作成功\",\r\n  \"code\" : 0\r\n}',0,NULL,'2020-05-13 15:43:54'),(487,'菜单管理',1,'com.ruoyi.web.controller.system.SysMenuController.addSave()','POST',1,'admin','计算机科学与技术','/system/menu/add','127.0.0.1','内网IP','{\r\n  \"parentId\" : [ \"1165\" ],\r\n  \"menuType\" : [ \"C\" ],\r\n  \"menuName\" : [ \"新讨论区\" ],\r\n  \"url\" : [ \"/sau/newtalk\" ],\r\n  \"target\" : [ \"menuItem\" ],\r\n  \"perms\" : [ \"\" ],\r\n  \"orderNum\" : [ \"1\" ],\r\n  \"icon\" : [ \"\" ],\r\n  \"visible\" : [ \"0\" ]\r\n}','{\r\n  \"msg\" : \"操作成功\",\r\n  \"code\" : 0\r\n}',0,NULL,'2020-05-13 15:44:23'),(488,'菜单管理',2,'com.ruoyi.web.controller.system.SysMenuController.editSave()','POST',1,'admin','计算机科学与技术','/system/menu/edit','127.0.0.1','内网IP','{\r\n  \"menuId\" : [ \"1165\" ],\r\n  \"parentId\" : [ \"0\" ],\r\n  \"menuType\" : [ \"M\" ],\r\n  \"menuName\" : [ \"新分享\" ],\r\n  \"url\" : [ \"#\" ],\r\n  \"target\" : [ \"menuItem\" ],\r\n  \"perms\" : [ \"\" ],\r\n  \"orderNum\" : [ \"3\" ],\r\n  \"icon\" : [ \"#\" ],\r\n  \"visible\" : [ \"1\" ]\r\n}','{\r\n  \"msg\" : \"操作成功\",\r\n  \"code\" : 0\r\n}',0,NULL,'2020-05-15 14:09:33'),(489,'菜单管理',3,'com.ruoyi.web.controller.system.SysMenuController.remove()','GET',1,'admin','计算机科学与技术','/system/menu/remove/1165','127.0.0.1','内网IP','{ }','{\r\n  \"msg\" : \"存在子菜单,不允许删除\",\r\n  \"code\" : 301\r\n}',0,NULL,'2020-05-15 14:16:33'),(490,'菜单管理',3,'com.ruoyi.web.controller.system.SysMenuController.remove()','GET',1,'admin','计算机科学与技术','/system/menu/remove/1166','127.0.0.1','内网IP','{ }','{\r\n  \"msg\" : \"操作成功\",\r\n  \"code\" : 0\r\n}',0,NULL,'2020-05-15 14:16:39'),(491,'菜单管理',3,'com.ruoyi.web.controller.system.SysMenuController.remove()','GET',1,'admin','计算机科学与技术','/system/menu/remove/1165','127.0.0.1','内网IP','{ }','{\r\n  \"msg\" : \"操作成功\",\r\n  \"code\" : 0\r\n}',0,NULL,'2020-05-15 14:16:42'),(492,'个人信息',2,'com.ruoyi.web.controller.system.SysProfileController.update()','POST',1,'admin','计算机科学与技术','/system/user/profile/update','127.0.0.1','内网IP','{\r\n  \"id\" : [ \"\" ],\r\n  \"userName\" : [ \"admin\" ],\r\n  \"phonenumber\" : [ \"15841490867\" ],\r\n  \"email\" : [ \"498155701@qq.com\" ],\r\n  \"sex\" : [ \"1\" ]\r\n}','{\r\n  \"msg\" : \"操作成功\",\r\n  \"code\" : 0\r\n}',0,NULL,'2020-06-09 23:43:33'),(493,'菜单管理',1,'com.ruoyi.web.controller.system.SysMenuController.addSave()','POST',1,'admin','计算机科学与技术','/system/menu/add','127.0.0.1','内网IP','{\r\n  \"parentId\" : [ \"1111\" ],\r\n  \"menuType\" : [ \"F\" ],\r\n  \"menuName\" : [ \"查看\" ],\r\n  \"url\" : [ \"\" ],\r\n  \"target\" : [ \"menuItem\" ],\r\n  \"perms\" : [ \"system:work:list\" ],\r\n  \"orderNum\" : [ \"1\" ],\r\n  \"icon\" : [ \"\" ],\r\n  \"visible\" : [ \"0\" ]\r\n}','{\r\n  \"msg\" : \"操作成功\",\r\n  \"code\" : 0\r\n}',0,NULL,'2020-06-11 14:54:29'),(494,'菜单管理',1,'com.ruoyi.web.controller.system.SysMenuController.addSave()','POST',1,'admin','计算机科学与技术','/system/menu/add','127.0.0.1','内网IP','{\r\n  \"parentId\" : [ \"1108\" ],\r\n  \"menuType\" : [ \"F\" ],\r\n  \"menuName\" : [ \"查看\" ],\r\n  \"url\" : [ \"\" ],\r\n  \"target\" : [ \"menuItem\" ],\r\n  \"perms\" : [ \"system:production:list\" ],\r\n  \"orderNum\" : [ \"1\" ],\r\n  \"icon\" : [ \"\" ],\r\n  \"visible\" : [ \"0\" ]\r\n}','{\r\n  \"msg\" : \"操作成功\",\r\n  \"code\" : 0\r\n}',0,NULL,'2020-06-11 14:55:04'),(495,'角色管理',2,'com.ruoyi.web.controller.system.SysRoleController.editSave()','POST',1,'admin','计算机科学与技术','/system/role/edit','127.0.0.1','内网IP','{\r\n  \"roleId\" : [ \"2\" ],\r\n  \"roleName\" : [ \"学生\" ],\r\n  \"roleKey\" : [ \"student\" ],\r\n  \"roleSort\" : [ \"3\" ],\r\n  \"status\" : [ \"0\" ],\r\n  \"remark\" : [ \"普通角色\" ],\r\n  \"menuIds\" : [ \"1067,1069,1089,1088,1070,1086,1087,1105,1108,1124,1166,1109,1130,1131,1110,1136,1122,1125,1126,1106,1111,1139,1112,1147,1148,1113,1151,1153,1123,1140,1141,1068,1072,1090,1118,1120,1155,1159,1157,1158,1121,1154,1160\" ]\r\n}','{\r\n  \"msg\" : \"操作成功\",\r\n  \"code\" : 0\r\n}',0,NULL,'2020-06-11 14:56:06'),(496,'角色管理',2,'com.ruoyi.web.controller.system.SysRoleController.editSave()','POST',1,'admin','计算机科学与技术','/system/role/edit','127.0.0.1','内网IP','{\r\n  \"roleId\" : [ \"2\" ],\r\n  \"roleName\" : [ \"学生\" ],\r\n  \"roleKey\" : [ \"student\" ],\r\n  \"roleSort\" : [ \"3\" ],\r\n  \"status\" : [ \"0\" ],\r\n  \"remark\" : [ \"普通角色\" ],\r\n  \"menuIds\" : [ \"1067,1069,1089,1088,1070,1086,1087,1105,1108,1124,1166,1109,1130,1131,1110,1136,1122,1125,1126,1106,1111,1139,1165,1112,1147,1148,1113,1151,1153,1123,1140,1141,1068,1072,1090,1118,1120,1155,1159,1157,1158,1121,1154,1160\" ]\r\n}','{\r\n  \"msg\" : \"操作成功\",\r\n  \"code\" : 0\r\n}',0,NULL,'2020-06-11 14:56:21'),(497,'菜单管理',2,'com.ruoyi.web.controller.system.SysMenuController.editSave()','POST',1,'admin','计算机科学与技术','/system/menu/edit','127.0.0.1','内网IP','{\r\n  \"menuId\" : [ \"3\" ],\r\n  \"parentId\" : [ \"0\" ],\r\n  \"menuType\" : [ \"M\" ],\r\n  \"menuName\" : [ \"系统工具\" ],\r\n  \"url\" : [ \"#\" ],\r\n  \"target\" : [ \"menuItem\" ],\r\n  \"perms\" : [ \"\" ],\r\n  \"orderNum\" : [ \"4\" ],\r\n  \"icon\" : [ \"fa fa-bars\" ],\r\n  \"visible\" : [ \"1\" ]\r\n}','{\r\n  \"msg\" : \"操作成功\",\r\n  \"code\" : 0\r\n}',0,NULL,'2020-06-11 14:58:13'),(498,'菜单管理',2,'com.ruoyi.web.controller.system.SysMenuController.editSave()','POST',1,'admin','计算机科学与技术','/system/menu/edit','127.0.0.1','内网IP','{\r\n  \"menuId\" : [ \"2\" ],\r\n  \"parentId\" : [ \"0\" ],\r\n  \"menuType\" : [ \"M\" ],\r\n  \"menuName\" : [ \"系统监控\" ],\r\n  \"url\" : [ \"#\" ],\r\n  \"target\" : [ \"menuItem\" ],\r\n  \"perms\" : [ \"\" ],\r\n  \"orderNum\" : [ \"5\" ],\r\n  \"icon\" : [ \"fa fa-video-camera\" ],\r\n  \"visible\" : [ \"1\" ]\r\n}','{\r\n  \"msg\" : \"操作成功\",\r\n  \"code\" : 0\r\n}',0,NULL,'2020-06-11 14:58:16'),(499,'菜单管理',2,'com.ruoyi.web.controller.system.SysMenuController.editSave()','POST',1,'admin','计算机科学与技术','/system/menu/edit','127.0.0.1','内网IP','{\r\n  \"menuId\" : [ \"103\" ],\r\n  \"parentId\" : [ \"1\" ],\r\n  \"menuType\" : [ \"C\" ],\r\n  \"menuName\" : [ \"部门信息管理\" ],\r\n  \"url\" : [ \"/system/dept\" ],\r\n  \"target\" : [ \"menuItem\" ],\r\n  \"perms\" : [ \"system:dept:view\" ],\r\n  \"orderNum\" : [ \"5\" ],\r\n  \"icon\" : [ \"#\" ],\r\n  \"visible\" : [ \"1\" ]\r\n}','{\r\n  \"msg\" : \"操作成功\",\r\n  \"code\" : 0\r\n}',0,NULL,'2020-06-11 14:58:33'),(500,'菜单管理',2,'com.ruoyi.web.controller.system.SysMenuController.editSave()','POST',1,'admin','计算机科学与技术','/system/menu/edit','127.0.0.1','内网IP','{\r\n  \"menuId\" : [ \"104\" ],\r\n  \"parentId\" : [ \"1\" ],\r\n  \"menuType\" : [ \"C\" ],\r\n  \"menuName\" : [ \"岗位信息管理\" ],\r\n  \"url\" : [ \"/system/post\" ],\r\n  \"target\" : [ \"menuItem\" ],\r\n  \"perms\" : [ \"system:post:view\" ],\r\n  \"orderNum\" : [ \"6\" ],\r\n  \"icon\" : [ \"#\" ],\r\n  \"visible\" : [ \"1\" ]\r\n}','{\r\n  \"msg\" : \"操作成功\",\r\n  \"code\" : 0\r\n}',0,NULL,'2020-06-11 14:58:41'),(501,'菜单管理',2,'com.ruoyi.web.controller.system.SysMenuController.editSave()','POST',1,'admin','计算机科学与技术','/system/menu/edit','127.0.0.1','内网IP','{\r\n  \"menuId\" : [ \"105\" ],\r\n  \"parentId\" : [ \"1\" ],\r\n  \"menuType\" : [ \"C\" ],\r\n  \"menuName\" : [ \"字典管理\" ],\r\n  \"url\" : [ \"/system/dict\" ],\r\n  \"target\" : [ \"menuItem\" ],\r\n  \"perms\" : [ \"system:dict:view\" ],\r\n  \"orderNum\" : [ \"6\" ],\r\n  \"icon\" : [ \"#\" ],\r\n  \"visible\" : [ \"1\" ]\r\n}','{\r\n  \"msg\" : \"操作成功\",\r\n  \"code\" : 0\r\n}',0,NULL,'2020-06-11 14:58:48'),(502,'用户管理',1,'com.ruoyi.web.controller.system.SysUserController.addSave()','POST',1,'admin','计算机科学与技术','/system/user/add','127.0.0.1','内网IP','{\r\n  \"deptId\" : [ \"217\" ],\r\n  \"userName\" : [ \"weiguanke\" ],\r\n  \"deptName\" : [ \"计算机科学与技术\" ],\r\n  \"phonenumber\" : [ \"15995857878\" ],\r\n  \"email\" : [ \"weiguanke@qq.com\" ],\r\n  \"loginName\" : [ \"weiguanke\" ],\r\n  \"password\" : [ \"weiguanke\" ],\r\n  \"sex\" : [ \"0\" ],\r\n  \"role\" : [ \"1\" ],\r\n  \"remark\" : [ \"\" ],\r\n  \"status\" : [ \"0\" ],\r\n  \"roleIds\" : [ \"1\" ],\r\n  \"postIds\" : [ \"1\" ]\r\n}','{\r\n  \"msg\" : \"操作成功\",\r\n  \"code\" : 0\r\n}',0,NULL,'2022-08-22 11:21:59');
INSERT INTO `sys_oper_log` VALUES (503,'用户管理',2,'com.ruoyi.web.controller.system.SysUserController.editSave()','POST',1,'admin','计算机科学与技术','/system/user/edit','127.0.0.1','内网IP','{\r\n  \"userId\" : [ \"57\" ],\r\n  \"deptId\" : [ \"217\" ],\r\n  \"userName\" : [ \"weiguanke\" ],\r\n  \"dept.deptName\" : [ \"计算机科学与技术\" ],\r\n  \"phonenumber\" : [ \"15995857878\" ],\r\n  \"email\" : [ \"weiguanke@qq.com\" ],\r\n  \"loginName\" : [ \"weiguanke\" ],\r\n  \"sex\" : [ \"0\" ],\r\n  \"role\" : [ \"1\", \"2\" ],\r\n  \"remark\" : [ \"\" ],\r\n  \"status\" : [ \"0\" ],\r\n  \"roleIds\" : [ \"1,2\" ],\r\n  \"postIds\" : [ \"1\" ]\r\n}','{\r\n  \"msg\" : \"操作成功\",\r\n  \"code\" : 0\r\n}',0,NULL,'2022-08-22 11:24:05'),(504,'角色管理',1,'com.ruoyi.web.controller.system.SysRoleController.addSave()','POST',1,'admin','计算机科学与技术','/system/role/add','127.0.0.1','内网IP','{\r\n  \"roleName\" : [ \"医护人员\" ],\r\n  \"roleKey\" : [ \"doctor\" ],\r\n  \"roleSort\" : [ \"2\" ],\r\n  \"status\" : [ \"0\" ],\r\n  \"remark\" : [ \"医护人员\" ],\r\n  \"menuIds\" : [ \"1062,1063,1074,1075,1076,1077,1065,1078,1079,1080,1081,1095,1096,1097,1098,1099,1100,1101,1102,1103,1104\" ]\r\n}','{\r\n  \"msg\" : \"操作成功\",\r\n  \"code\" : 0\r\n}',0,NULL,'2023-03-30 20:08:43'),(505,'角色管理',1,'com.ruoyi.web.controller.system.SysRoleController.addSave()','POST',1,'admin','计算机科学与技术','/system/role/add','127.0.0.1','内网IP','{\r\n  \"roleName\" : [ \"用户\" ],\r\n  \"roleKey\" : [ \"user\" ],\r\n  \"roleSort\" : [ \"3\" ],\r\n  \"status\" : [ \"0\" ],\r\n  \"remark\" : [ \"普通用户\" ],\r\n  \"menuIds\" : [ \"1105,1108,1124,1166,1109,1130,1131,1122,1125,1126,1106,1111,1139,1165,1112,1147,1148,1123,1140,1141\" ]\r\n}','{\r\n  \"msg\" : \"操作成功\",\r\n  \"code\" : 0\r\n}',0,NULL,'2023-03-30 20:09:21'),(506,'用户管理',1,'com.ruoyi.web.controller.system.SysUserController.addSave()','POST',1,'admin','计算机科学与技术','/system/user/add','127.0.0.1','内网IP','{\r\n  \"deptId\" : [ \"217\" ],\r\n  \"userName\" : [ \"do\" ],\r\n  \"deptName\" : [ \"计算机科学与技术\" ],\r\n  \"phonenumber\" : [ \"13945454545\" ],\r\n  \"email\" : [ \"123444@qq.com\" ],\r\n  \"loginName\" : [ \"do\" ],\r\n  \"password\" : [ \"123456\" ],\r\n  \"sex\" : [ \"0\" ],\r\n  \"role\" : [ \"101\" ],\r\n  \"remark\" : [ \"doctor医护人员\" ],\r\n  \"status\" : [ \"0\" ],\r\n  \"roleIds\" : [ \"101\" ],\r\n  \"postIds\" : [ \"1\" ]\r\n}','{\r\n  \"msg\" : \"操作成功\",\r\n  \"code\" : 0\r\n}',0,NULL,'2023-03-30 20:10:28'),(507,'用户管理',1,'com.ruoyi.web.controller.system.SysUserController.addSave()','POST',1,'admin','计算机科学与技术','/system/user/add','127.0.0.1','内网IP','{\r\n  \"deptId\" : [ \"217\" ],\r\n  \"userName\" : [ \"us\" ],\r\n  \"deptName\" : [ \"计算机科学与技术\" ],\r\n  \"phonenumber\" : [ \"13912123636\" ],\r\n  \"email\" : [ \"4123@qq.com\" ],\r\n  \"loginName\" : [ \"us\" ],\r\n  \"password\" : [ \"123456\" ],\r\n  \"sex\" : [ \"0\" ],\r\n  \"role\" : [ \"102\" ],\r\n  \"remark\" : [ \"user普通用户\" ],\r\n  \"status\" : [ \"0\" ],\r\n  \"roleIds\" : [ \"102\" ],\r\n  \"postIds\" : [ \"\" ]\r\n}','{\r\n  \"msg\" : \"操作成功\",\r\n  \"code\" : 0\r\n}',0,NULL,'2023-03-30 20:11:03'),(508,'角色管理',2,'com.ruoyi.web.controller.system.SysRoleController.editSave()','POST',1,'admin','计算机科学与技术','/system/role/edit','127.0.0.1','内网IP','{\r\n  \"roleId\" : [ \"101\" ],\r\n  \"roleName\" : [ \"医护人员\" ],\r\n  \"roleKey\" : [ \"doctor\" ],\r\n  \"roleSort\" : [ \"2\" ],\r\n  \"status\" : [ \"0\" ],\r\n  \"remark\" : [ \"医护人员\" ],\r\n  \"menuIds\" : [ \"1062,1063,1074,1075,1076,1077,1065,1078,1079,1080,1081,1095,1096,1097,1098,1099,1100,1101,1102,1103,1104,1107,1114,1142,1127,1128,1116,1132,1133,1134,1137,1115,1143,1144,1145,1146,1117,1149,1150,1135,1152\" ]\r\n}','{\r\n  \"msg\" : \"操作成功\",\r\n  \"code\" : 0\r\n}',0,NULL,'2023-03-30 20:16:13'),(509,'菜单管理',2,'com.ruoyi.web.controller.system.SysMenuController.editSave()','POST',1,'admin','计算机科学与技术','/system/menu/edit','127.0.0.1','内网IP','{\r\n  \"menuId\" : [ \"1063\" ],\r\n  \"parentId\" : [ \"1062\" ],\r\n  \"menuType\" : [ \"C\" ],\r\n  \"menuName\" : [ \"用户信息管理\" ],\r\n  \"url\" : [ \"/project/student\" ],\r\n  \"target\" : [ \"menuItem\" ],\r\n  \"perms\" : [ \"system:student:view\" ],\r\n  \"orderNum\" : [ \"1\" ],\r\n  \"icon\" : [ \"fa fa-address-card\" ],\r\n  \"visible\" : [ \"0\" ]\r\n}','{\r\n  \"msg\" : \"操作成功\",\r\n  \"code\" : 0\r\n}',0,NULL,'2023-03-30 20:23:56'),(510,'菜单管理',2,'com.ruoyi.web.controller.system.SysMenuController.editSave()','POST',1,'admin','计算机科学与技术','/system/menu/edit','127.0.0.1','内网IP','{\r\n  \"menuId\" : [ \"1065\" ],\r\n  \"parentId\" : [ \"1062\" ],\r\n  \"menuType\" : [ \"C\" ],\r\n  \"menuName\" : [ \"医护信息管理\" ],\r\n  \"url\" : [ \"/project/teacher\" ],\r\n  \"target\" : [ \"menuItem\" ],\r\n  \"perms\" : [ \"system:teacher:view\" ],\r\n  \"orderNum\" : [ \"2\" ],\r\n  \"icon\" : [ \"fa fa-address-card\" ],\r\n  \"visible\" : [ \"0\" ]\r\n}','{\r\n  \"msg\" : \"操作成功\",\r\n  \"code\" : 0\r\n}',0,NULL,'2023-03-30 20:24:08'),(511,'菜单管理',2,'com.ruoyi.web.controller.system.SysMenuController.editSave()','POST',1,'admin','计算机科学与技术','/system/menu/edit','127.0.0.1','内网IP','{\r\n  \"menuId\" : [ \"1100\" ],\r\n  \"parentId\" : [ \"1062\" ],\r\n  \"menuType\" : [ \"C\" ],\r\n  \"menuName\" : [ \"顶岗实习信息管理\" ],\r\n  \"url\" : [ \"/sau/work\" ],\r\n  \"target\" : [ \"menuItem\" ],\r\n  \"perms\" : [ \"system:work:view\" ],\r\n  \"orderNum\" : [ \"8\" ],\r\n  \"icon\" : [ \"#\" ],\r\n  \"visible\" : [ \"1\" ]\r\n}','{\r\n  \"msg\" : \"操作成功\",\r\n  \"code\" : 0\r\n}',0,NULL,'2023-03-30 20:24:29'),(512,'菜单管理',2,'com.ruoyi.web.controller.system.SysMenuController.editSave()','POST',1,'admin','计算机科学与技术','/system/menu/edit','127.0.0.1','内网IP','{\r\n  \"menuId\" : [ \"1095\" ],\r\n  \"parentId\" : [ \"1062\" ],\r\n  \"menuType\" : [ \"C\" ],\r\n  \"menuName\" : [ \"疫苗信息管理\" ],\r\n  \"url\" : [ \"/sau/production\" ],\r\n  \"target\" : [ \"menuItem\" ],\r\n  \"perms\" : [ \"system:production:view\" ],\r\n  \"orderNum\" : [ \"7\" ],\r\n  \"icon\" : [ \"#\" ],\r\n  \"visible\" : [ \"0\" ]\r\n}','{\r\n  \"msg\" : \"操作成功\",\r\n  \"code\" : 0\r\n}',0,NULL,'2023-03-30 20:24:47'),(513,'菜单管理',2,'com.ruoyi.web.controller.system.SysMenuController.editSave()','POST',1,'admin','计算机科学与技术','/system/menu/edit','127.0.0.1','内网IP','{\r\n  \"menuId\" : [ \"1106\" ],\r\n  \"parentId\" : [ \"0\" ],\r\n  \"menuType\" : [ \"M\" ],\r\n  \"menuName\" : [ \"顶岗实习\" ],\r\n  \"url\" : [ \"#\" ],\r\n  \"target\" : [ \"menuItem\" ],\r\n  \"perms\" : [ \"\" ],\r\n  \"orderNum\" : [ \"1\" ],\r\n  \"icon\" : [ \"fa fa-address-card\" ],\r\n  \"visible\" : [ \"1\" ]\r\n}','{\r\n  \"msg\" : \"操作成功\",\r\n  \"code\" : 0\r\n}',0,NULL,'2023-03-30 20:25:15'),(514,'菜单管理',2,'com.ruoyi.web.controller.system.SysMenuController.editSave()','POST',1,'admin','计算机科学与技术','/system/menu/edit','127.0.0.1','内网IP','{\r\n  \"menuId\" : [ \"1105\" ],\r\n  \"parentId\" : [ \"0\" ],\r\n  \"menuType\" : [ \"M\" ],\r\n  \"menuName\" : [ \"疫苗预约\" ],\r\n  \"url\" : [ \"#\" ],\r\n  \"target\" : [ \"menuItem\" ],\r\n  \"perms\" : [ \"\" ],\r\n  \"orderNum\" : [ \"1\" ],\r\n  \"icon\" : [ \"fa fa-address-book-o\" ],\r\n  \"visible\" : [ \"0\" ]\r\n}','{\r\n  \"msg\" : \"操作成功\",\r\n  \"code\" : 0\r\n}',0,NULL,'2023-03-30 20:25:30'),(515,'菜单管理',2,'com.ruoyi.web.controller.system.SysMenuController.editSave()','POST',1,'admin','计算机科学与技术','/system/menu/edit','127.0.0.1','内网IP','{\r\n  \"menuId\" : [ \"1108\" ],\r\n  \"parentId\" : [ \"1105\" ],\r\n  \"menuType\" : [ \"C\" ],\r\n  \"menuName\" : [ \"疫苗预约申请\" ],\r\n  \"url\" : [ \"/sau/prodapply\" ],\r\n  \"target\" : [ \"menuItem\" ],\r\n  \"perms\" : [ \"system:prodapply:view\" ],\r\n  \"orderNum\" : [ \"1\" ],\r\n  \"icon\" : [ \"#\" ],\r\n  \"visible\" : [ \"0\" ]\r\n}','{\r\n  \"msg\" : \"操作成功\",\r\n  \"code\" : 0\r\n}',0,NULL,'2023-03-30 20:25:51'),(516,'菜单管理',2,'com.ruoyi.web.controller.system.SysMenuController.editSave()','POST',1,'admin','计算机科学与技术','/system/menu/edit','127.0.0.1','内网IP','{\r\n  \"menuId\" : [ \"1109\" ],\r\n  \"parentId\" : [ \"1105\" ],\r\n  \"menuType\" : [ \"C\" ],\r\n  \"menuName\" : [ \"我的预约通过\" ],\r\n  \"url\" : [ \"/sau/myprod\" ],\r\n  \"target\" : [ \"menuItem\" ],\r\n  \"perms\" : [ \"system:myprod:view\" ],\r\n  \"orderNum\" : [ \"2\" ],\r\n  \"icon\" : [ \"#\" ],\r\n  \"visible\" : [ \"0\" ]\r\n}','{\r\n  \"msg\" : \"操作成功\",\r\n  \"code\" : 0\r\n}',0,NULL,'2023-03-30 20:26:08'),(517,'菜单管理',2,'com.ruoyi.web.controller.system.SysMenuController.editSave()','POST',1,'admin','计算机科学与技术','/system/menu/edit','127.0.0.1','内网IP','{\r\n  \"menuId\" : [ \"1110\" ],\r\n  \"parentId\" : [ \"1105\" ],\r\n  \"menuType\" : [ \"C\" ],\r\n  \"menuName\" : [ \"我的成绩\" ],\r\n  \"url\" : [ \"/sau/mygrade\" ],\r\n  \"target\" : [ \"menuItem\" ],\r\n  \"perms\" : [ \"system:mygrade:view\" ],\r\n  \"orderNum\" : [ \"3\" ],\r\n  \"icon\" : [ \"#\" ],\r\n  \"visible\" : [ \"1\" ]\r\n}','{\r\n  \"msg\" : \"操作成功\",\r\n  \"code\" : 0\r\n}',0,NULL,'2023-03-30 20:26:16'),(518,'菜单管理',2,'com.ruoyi.web.controller.system.SysMenuController.editSave()','POST',1,'admin','计算机科学与技术','/system/menu/edit','127.0.0.1','内网IP','{\r\n  \"menuId\" : [ \"1115\" ],\r\n  \"parentId\" : [ \"1107\" ],\r\n  \"menuType\" : [ \"C\" ],\r\n  \"menuName\" : [ \"顶岗实习审核\" ],\r\n  \"url\" : [ \"/sau/workaudit\" ],\r\n  \"target\" : [ \"menuItem\" ],\r\n  \"perms\" : [ \"system:workaudit:view\" ],\r\n  \"orderNum\" : [ \"4\" ],\r\n  \"icon\" : [ \"#\" ],\r\n  \"visible\" : [ \"1\" ]\r\n}','{\r\n  \"msg\" : \"操作成功\",\r\n  \"code\" : 0\r\n}',0,NULL,'2023-03-30 20:26:32'),(519,'菜单管理',2,'com.ruoyi.web.controller.system.SysMenuController.editSave()','POST',1,'admin','计算机科学与技术','/system/menu/edit','127.0.0.1','内网IP','{\r\n  \"menuId\" : [ \"1117\" ],\r\n  \"parentId\" : [ \"1107\" ],\r\n  \"menuType\" : [ \"C\" ],\r\n  \"menuName\" : [ \"顶岗实习过程管理\" ],\r\n  \"url\" : [ \"/sau/workteaaudit\" ],\r\n  \"target\" : [ \"menuItem\" ],\r\n  \"perms\" : [ \"system:workteaaudit:edit\" ],\r\n  \"orderNum\" : [ \"5\" ],\r\n  \"icon\" : [ \"#\" ],\r\n  \"visible\" : [ \"1\" ]\r\n}','{\r\n  \"msg\" : \"操作成功\",\r\n  \"code\" : 0\r\n}',0,NULL,'2023-03-30 20:26:39'),(520,'菜单管理',2,'com.ruoyi.web.controller.system.SysMenuController.editSave()','POST',1,'admin','计算机科学与技术','/system/menu/edit','127.0.0.1','内网IP','{\r\n  \"menuId\" : [ \"1135\" ],\r\n  \"parentId\" : [ \"1107\" ],\r\n  \"menuType\" : [ \"C\" ],\r\n  \"menuName\" : [ \"顶岗实习成绩统计\" ],\r\n  \"url\" : [ \"/sau/allworkgrade\" ],\r\n  \"target\" : [ \"menuItem\" ],\r\n  \"perms\" : [ \"system:allworkgrade:view\" ],\r\n  \"orderNum\" : [ \"6\" ],\r\n  \"icon\" : [ \"#\" ],\r\n  \"visible\" : [ \"1\" ]\r\n}','{\r\n  \"msg\" : \"操作成功\",\r\n  \"code\" : 0\r\n}',0,NULL,'2023-03-30 20:26:46'),(521,'菜单管理',2,'com.ruoyi.web.controller.system.SysMenuController.editSave()','POST',1,'admin','计算机科学与技术','/system/menu/edit','127.0.0.1','内网IP','{\r\n  \"menuId\" : [ \"1107\" ],\r\n  \"parentId\" : [ \"0\" ],\r\n  \"menuType\" : [ \"M\" ],\r\n  \"menuName\" : [ \"预约管理\" ],\r\n  \"url\" : [ \"#\" ],\r\n  \"target\" : [ \"menuItem\" ],\r\n  \"perms\" : [ \"\" ],\r\n  \"orderNum\" : [ \"2\" ],\r\n  \"icon\" : [ \"fa fa-address-card-o\" ],\r\n  \"visible\" : [ \"0\" ]\r\n}','{\r\n  \"msg\" : \"操作成功\",\r\n  \"code\" : 0\r\n}',0,NULL,'2023-03-30 20:26:58'),(522,'菜单管理',2,'com.ruoyi.web.controller.system.SysMenuController.editSave()','POST',1,'admin','计算机科学与技术','/system/menu/edit','127.0.0.1','内网IP','{\r\n  \"menuId\" : [ \"1114\" ],\r\n  \"parentId\" : [ \"1107\" ],\r\n  \"menuType\" : [ \"C\" ],\r\n  \"menuName\" : [ \"用户预约审核\" ],\r\n  \"url\" : [ \"/sau/prodaudit\" ],\r\n  \"target\" : [ \"menuItem\" ],\r\n  \"perms\" : [ \"system:prodaudit:view\" ],\r\n  \"orderNum\" : [ \"1\" ],\r\n  \"icon\" : [ \"#\" ],\r\n  \"visible\" : [ \"0\" ]\r\n}','{\r\n  \"msg\" : \"操作成功\",\r\n  \"code\" : 0\r\n}',0,NULL,'2023-03-30 20:27:11'),(523,'菜单管理',2,'com.ruoyi.web.controller.system.SysMenuController.editSave()','POST',1,'admin','计算机科学与技术','/system/menu/edit','127.0.0.1','内网IP','{\r\n  \"menuId\" : [ \"1116\" ],\r\n  \"parentId\" : [ \"1107\" ],\r\n  \"menuType\" : [ \"C\" ],\r\n  \"menuName\" : [ \"生产实习过程管理\" ],\r\n  \"url\" : [ \"/sau/teaaudit\" ],\r\n  \"target\" : [ \"menuItem\" ],\r\n  \"perms\" : [ \"system:teaaudit:view\" ],\r\n  \"orderNum\" : [ \"2\" ],\r\n  \"icon\" : [ \"#\" ],\r\n  \"visible\" : [ \"1\" ]\r\n}','{\r\n  \"msg\" : \"操作成功\",\r\n  \"code\" : 0\r\n}',0,NULL,'2023-03-30 20:27:40'),(524,'菜单管理',2,'com.ruoyi.web.controller.system.SysMenuController.editSave()','POST',1,'admin','计算机科学与技术','/system/menu/edit','127.0.0.1','内网IP','{\r\n  \"menuId\" : [ \"1134\" ],\r\n  \"parentId\" : [ \"1107\" ],\r\n  \"menuType\" : [ \"C\" ],\r\n  \"menuName\" : [ \"生产实习成绩统计\" ],\r\n  \"url\" : [ \"/sau/allgrade\" ],\r\n  \"target\" : [ \"menuItem\" ],\r\n  \"perms\" : [ \"system:allgrade:view\" ],\r\n  \"orderNum\" : [ \"3\" ],\r\n  \"icon\" : [ \"#\" ],\r\n  \"visible\" : [ \"1\" ]\r\n}','{\r\n  \"msg\" : \"操作成功\",\r\n  \"code\" : 0\r\n}',0,NULL,'2023-03-30 20:27:47'),(525,'菜单管理',2,'com.ruoyi.web.controller.system.SysMenuController.editSave()','POST',1,'admin','计算机科学与技术','/system/menu/edit','127.0.0.1','内网IP','{\r\n  \"menuId\" : [ \"103\" ],\r\n  \"parentId\" : [ \"1\" ],\r\n  \"menuType\" : [ \"C\" ],\r\n  \"menuName\" : [ \"部门信息管理\" ],\r\n  \"url\" : [ \"/system/dept\" ],\r\n  \"target\" : [ \"menuItem\" ],\r\n  \"perms\" : [ \"system:dept:view\" ],\r\n  \"orderNum\" : [ \"5\" ],\r\n  \"icon\" : [ \"#\" ],\r\n  \"visible\" : [ \"0\" ]\r\n}','{\r\n  \"msg\" : \"操作成功\",\r\n  \"code\" : 0\r\n}',0,NULL,'2023-03-30 21:16:09'),(526,'菜单管理',2,'com.ruoyi.web.controller.system.SysMenuController.editSave()','POST',1,'admin','计算机科学与技术','/system/menu/edit','127.0.0.1','内网IP','{\r\n  \"menuId\" : [ \"103\" ],\r\n  \"parentId\" : [ \"1\" ],\r\n  \"menuType\" : [ \"C\" ],\r\n  \"menuName\" : [ \"单位信息管理\" ],\r\n  \"url\" : [ \"/system/dept\" ],\r\n  \"target\" : [ \"menuItem\" ],\r\n  \"perms\" : [ \"system:dept:view\" ],\r\n  \"orderNum\" : [ \"5\" ],\r\n  \"icon\" : [ \"#\" ],\r\n  \"visible\" : [ \"0\" ]\r\n}','{\r\n  \"msg\" : \"操作成功\",\r\n  \"code\" : 0\r\n}',0,NULL,'2023-03-30 21:17:34'),(527,'菜单管理',2,'com.ruoyi.web.controller.system.SysMenuController.editSave()','POST',1,'admin','计算机科学与技术','/system/menu/edit','127.0.0.1','内网IP','{\r\n  \"menuId\" : [ \"104\" ],\r\n  \"parentId\" : [ \"1\" ],\r\n  \"menuType\" : [ \"C\" ],\r\n  \"menuName\" : [ \"岗位信息管理\" ],\r\n  \"url\" : [ \"/system/post\" ],\r\n  \"target\" : [ \"menuItem\" ],\r\n  \"perms\" : [ \"system:post:view\" ],\r\n  \"orderNum\" : [ \"6\" ],\r\n  \"icon\" : [ \"#\" ],\r\n  \"visible\" : [ \"0\" ]\r\n}','{\r\n  \"msg\" : \"操作成功\",\r\n  \"code\" : 0\r\n}',0,NULL,'2023-03-30 21:17:54'),(528,'岗位管理',2,'com.ruoyi.web.controller.system.SysPostController.editSave()','POST',1,'admin','计算机科学与技术','/system/post/edit','127.0.0.1','内网IP','{\r\n  \"postId\" : [ \"1\" ],\r\n  \"postName\" : [ \"医生\" ],\r\n  \"postCode\" : [ \"professor\" ],\r\n  \"postSort\" : [ \"1\" ],\r\n  \"status\" : [ \"0\" ],\r\n  \"remark\" : [ \"\" ]\r\n}','{\r\n  \"msg\" : \"操作成功\",\r\n  \"code\" : 0\r\n}',0,NULL,'2023-03-30 21:18:27'),(529,'岗位管理',2,'com.ruoyi.web.controller.system.SysPostController.editSave()','POST',1,'admin','计算机科学与技术','/system/post/edit','127.0.0.1','内网IP','{\r\n  \"postId\" : [ \"2\" ],\r\n  \"postName\" : [ \"护士\" ],\r\n  \"postCode\" : [ \"associate professor\" ],\r\n  \"postSort\" : [ \"2\" ],\r\n  \"status\" : [ \"0\" ],\r\n  \"remark\" : [ \"\" ]\r\n}','{\r\n  \"msg\" : \"操作成功\",\r\n  \"code\" : 0\r\n}',0,NULL,'2023-03-30 21:18:33'),(530,'岗位管理',2,'com.ruoyi.web.controller.system.SysPostController.editSave()','POST',1,'admin','计算机科学与技术','/system/post/edit','127.0.0.1','内网IP','{\r\n  \"postId\" : [ \"3\" ],\r\n  \"postName\" : [ \"院长\" ],\r\n  \"postCode\" : [ \"lecturer\" ],\r\n  \"postSort\" : [ \"3\" ],\r\n  \"status\" : [ \"0\" ],\r\n  \"remark\" : [ \"\" ]\r\n}','{\r\n  \"msg\" : \"操作成功\",\r\n  \"code\" : 0\r\n}',0,NULL,'2023-03-30 21:18:42'),(531,'岗位管理',2,'com.ruoyi.web.controller.system.SysPostController.editSave()','POST',1,'admin','计算机科学与技术','/system/post/edit','127.0.0.1','内网IP','{\r\n  \"postId\" : [ \"4\" ],\r\n  \"postName\" : [ \"副院长\" ],\r\n  \"postCode\" : [ \"assistant\" ],\r\n  \"postSort\" : [ \"4\" ],\r\n  \"status\" : [ \"0\" ],\r\n  \"remark\" : [ \"\" ]\r\n}','{\r\n  \"msg\" : \"操作成功\",\r\n  \"code\" : 0\r\n}',0,NULL,'2023-03-30 21:18:49'),(532,'部门管理',2,'com.ruoyi.web.controller.system.SysDeptController.editSave()','POST',1,'admin','计算机科学与技术','/system/dept/edit','127.0.0.1','内网IP','{\r\n  \"deptId\" : [ \"217\" ],\r\n  \"parentId\" : [ \"100\" ],\r\n  \"parentName\" : [ \"计算机学院\" ],\r\n  \"deptName\" : [ \"事业单位\" ],\r\n  \"orderNum\" : [ \"1\" ],\r\n  \"leader\" : [ \"admin\" ],\r\n  \"phone\" : [ \"15841490867\" ],\r\n  \"email\" : [ \"498155701@qq.com\" ],\r\n  \"status\" : [ \"0\" ]\r\n}','{\r\n  \"msg\" : \"操作成功\",\r\n  \"code\" : 0\r\n}',0,NULL,'2023-03-30 21:19:36'),(533,'部门管理',2,'com.ruoyi.web.controller.system.SysDeptController.editSave()','POST',1,'admin','计算机科学与技术','/system/dept/edit','127.0.0.1','内网IP','{\r\n  \"deptId\" : [ \"218\" ],\r\n  \"parentId\" : [ \"100\" ],\r\n  \"parentName\" : [ \"计算机学院\" ],\r\n  \"deptName\" : [ \"村镇单位\" ],\r\n  \"orderNum\" : [ \"2\" ],\r\n  \"leader\" : [ \"董理\" ],\r\n  \"phone\" : [ \"13700126192\" ],\r\n  \"email\" : [ \"498155701@qq.com\" ],\r\n  \"status\" : [ \"0\" ]\r\n}','{\r\n  \"msg\" : \"操作成功\",\r\n  \"code\" : 0\r\n}',0,NULL,'2023-03-30 21:19:48'),(534,'菜单管理',2,'com.ruoyi.web.controller.system.SysMenuController.editSave()','POST',1,'admin','计算机科学与技术','/system/menu/edit','127.0.0.1','内网IP','{\r\n  \"menuId\" : [ \"1109\" ],\r\n  \"parentId\" : [ \"1105\" ],\r\n  \"menuType\" : [ \"C\" ],\r\n  \"menuName\" : [ \"我的预约通过\" ],\r\n  \"url\" : [ \"/sau/myprod\" ],\r\n  \"target\" : [ \"menuItem\" ],\r\n  \"perms\" : [ \"system:myprod:view\" ],\r\n  \"orderNum\" : [ \"2\" ],\r\n  \"icon\" : [ \"#\" ],\r\n  \"visible\" : [ \"1\" ]\r\n}','{\r\n  \"msg\" : \"操作成功\",\r\n  \"code\" : 0\r\n}',0,NULL,'2023-03-30 21:22:48'),(535,'角色管理',2,'com.ruoyi.web.controller.system.SysRoleController.changeStatus()','POST',1,'admin','计算机科学与技术','/system/role/changeStatus','127.0.0.1','内网IP','{\r\n  \"roleId\" : [ \"100\" ],\r\n  \"status\" : [ \"1\" ]\r\n}','{\r\n  \"msg\" : \"操作成功\",\r\n  \"code\" : 0\r\n}',0,NULL,'2023-03-30 21:30:22'),(536,'角色管理',2,'com.ruoyi.web.controller.system.SysRoleController.changeStatus()','POST',1,'admin','计算机科学与技术','/system/role/changeStatus','127.0.0.1','内网IP','{\r\n  \"roleId\" : [ \"2\" ],\r\n  \"status\" : [ \"1\" ]\r\n}','{\r\n  \"msg\" : \"操作成功\",\r\n  \"code\" : 0\r\n}',0,NULL,'2023-03-30 21:30:25'),(537,'角色管理',2,'com.ruoyi.web.controller.system.SysRoleController.changeStatus()','POST',1,'admin','计算机科学与技术','/system/role/changeStatus','127.0.0.1','内网IP','{\r\n  \"roleId\" : [ \"100\" ],\r\n  \"status\" : [ \"0\" ]\r\n}','{\r\n  \"msg\" : \"操作成功\",\r\n  \"code\" : 0\r\n}',0,NULL,'2023-03-30 21:30:42'),(538,'角色管理',2,'com.ruoyi.web.controller.system.SysRoleController.changeStatus()','POST',1,'admin','计算机科学与技术','/system/role/changeStatus','127.0.0.1','内网IP','{\r\n  \"roleId\" : [ \"2\" ],\r\n  \"status\" : [ \"0\" ]\r\n}','{\r\n  \"msg\" : \"操作成功\",\r\n  \"code\" : 0\r\n}',0,NULL,'2023-03-30 21:30:44'),(539,'角色管理',2,'com.ruoyi.web.controller.system.SysRoleController.editSave()','POST',1,'admin','计算机科学与技术','/system/role/edit','127.0.0.1','内网IP','{\r\n  \"roleId\" : [ \"101\" ],\r\n  \"roleName\" : [ \"医护人员\" ],\r\n  \"roleKey\" : [ \"doctor\" ],\r\n  \"roleSort\" : [ \"2\" ],\r\n  \"status\" : [ \"0\" ],\r\n  \"remark\" : [ \"医护人员\" ],\r\n  \"menuIds\" : [ \"1062,1063,1074,1075,1076,1077,1065,1078,1079,1080,1081,1095,1096,1097,1098,1099,1100,1101,1102,1103,1104,1107,1114,1142,1127,1128,1116,1132,1133,1134,1137,1115,1143,1144,1145,1146,1117,1149,1150,1135,1152,1118,1121,1154,1160\" ]\r\n}','{\r\n  \"msg\" : \"操作成功\",\r\n  \"code\" : 0\r\n}',0,NULL,'2023-03-30 21:31:07'),(540,'角色管理',2,'com.ruoyi.web.controller.system.SysRoleController.editSave()','POST',1,'admin','计算机科学与技术','/system/role/edit','127.0.0.1','内网IP','{\r\n  \"roleId\" : [ \"102\" ],\r\n  \"roleName\" : [ \"用户\" ],\r\n  \"roleKey\" : [ \"user\" ],\r\n  \"roleSort\" : [ \"3\" ],\r\n  \"status\" : [ \"0\" ],\r\n  \"remark\" : [ \"普通用户\" ],\r\n  \"menuIds\" : [ \"1105,1108,1124,1166,1109,1130,1131,1122,1125,1126,1106,1111,1139,1165,1112,1147,1148,1123,1140,1141,1118,1121,1154,1160\" ]\r\n}','{\r\n  \"msg\" : \"操作成功\",\r\n  \"code\" : 0\r\n}',0,NULL,'2023-03-30 21:31:16'),(541,'用户管理',3,'com.ruoyi.web.controller.system.SysUserController.remove()','POST',1,'admin','计算机科学与技术','/system/user/remove','127.0.0.1','内网IP','{\r\n  \"ids\" : [ \"58\" ]\r\n}','{\r\n  \"msg\" : \"操作成功\",\r\n  \"code\" : 0\r\n}',0,NULL,'2023-03-30 21:32:42'),(542,'用户管理',3,'com.ruoyi.web.controller.system.SysUserController.remove()','POST',1,'admin','计算机科学与技术','/system/user/remove','127.0.0.1','内网IP','{\r\n  \"ids\" : [ \"59\" ]\r\n}','{\r\n  \"msg\" : \"操作成功\",\r\n  \"code\" : 0\r\n}',0,NULL,'2023-03-30 21:32:45'),(543,'用户管理',2,'com.ruoyi.web.controller.system.SysUserController.editSave()','POST',1,'admin','计算机科学与技术','/system/user/edit','127.0.0.1','内网IP','{\r\n  \"userId\" : [ \"57\" ],\r\n  \"deptId\" : [ \"217\" ],\r\n  \"userName\" : [ \"weiguanke\" ],\r\n  \"dept.deptName\" : [ \"事业单位\" ],\r\n  \"phonenumber\" : [ \"15995857878\" ],\r\n  \"email\" : [ \"weiguanke@qq.com\" ],\r\n  \"loginName\" : [ \"weiguanke\" ],\r\n  \"sex\" : [ \"0\" ],\r\n  \"role\" : [ \"101\" ],\r\n  \"remark\" : [ \"\" ],\r\n  \"status\" : [ \"0\" ],\r\n  \"roleIds\" : [ \"101\" ],\r\n  \"postIds\" : [ \"1\" ]\r\n}','{\r\n  \"msg\" : \"操作成功\",\r\n  \"code\" : 0\r\n}',0,NULL,'2023-03-30 21:33:10'),(544,'角色管理',3,'com.ruoyi.web.controller.system.SysRoleController.remove()','POST',1,'admin','计算机科学与技术','/system/role/remove','127.0.0.1','内网IP','{\r\n  \"ids\" : [ \"2\" ]\r\n}','{\r\n  \"msg\" : \"学生已分配,不能删除\",\r\n  \"code\" : 500\r\n}',0,NULL,'2023-03-30 21:33:25'),(545,'角色管理',3,'com.ruoyi.web.controller.system.SysRoleController.remove()','POST',1,'admin','计算机科学与技术','/system/role/remove','127.0.0.1','内网IP','{\r\n  \"ids\" : [ \"100\" ]\r\n}','{\r\n  \"msg\" : \"教师已分配,不能删除\",\r\n  \"code\" : 500\r\n}',0,NULL,'2023-03-30 21:33:30'),(546,'角色管理',2,'com.ruoyi.web.controller.system.SysRoleController.editSave()','POST',1,'admin','计算机科学与技术','/system/role/edit','127.0.0.1','内网IP','{\r\n  \"roleId\" : [ \"100\" ],\r\n  \"roleName\" : [ \"护士\" ],\r\n  \"roleKey\" : [ \"teacher\" ],\r\n  \"roleSort\" : [ \"2\" ],\r\n  \"status\" : [ \"0\" ],\r\n  \"remark\" : [ \"普通角色\" ],\r\n  \"menuIds\" : [ \"1062,1063,1074,1075,1076,1077,1066,1082,1068,1073,1091,1092,1107,1114,1142,1127,1128,1116,1132,1133,1134,1137,1115,1143,1144,1145,1146,1117,1149,1150,1135,1152,1118,1119,1161,1162,1163,1164,1120,1155,1159,1157,1158,1121,1154,1160\" ]\r\n}','{\r\n  \"msg\" : \"操作成功\",\r\n  \"code\" : 0\r\n}',0,NULL,'2023-03-30 21:34:00'),(547,'角色管理',2,'com.ruoyi.web.controller.system.SysRoleController.editSave()','POST',1,'admin','计算机科学与技术','/system/role/edit','127.0.0.1','内网IP','{\r\n  \"roleId\" : [ \"2\" ],\r\n  \"roleName\" : [ \"实习生\" ],\r\n  \"roleKey\" : [ \"student\" ],\r\n  \"roleSort\" : [ \"3\" ],\r\n  \"status\" : [ \"0\" ],\r\n  \"remark\" : [ \"普通角色\" ],\r\n  \"menuIds\" : [ \"1067,1069,1089,1088,1070,1086,1087,1105,1108,1124,1166,1109,1130,1131,1110,1136,1122,1125,1126,1106,1111,1139,1165,1112,1147,1148,1113,1151,1153,1123,1140,1141,1068,1072,1090,1118,1120,1155,1159,1157,1158,1121,1154,1160\" ]\r\n}','{\r\n  \"msg\" : \"操作成功\",\r\n  \"code\" : 0\r\n}',0,NULL,'2023-03-30 21:34:08'),(548,'角色管理',3,'com.ruoyi.web.controller.system.SysRoleController.remove()','POST',1,'admin','计算机科学与技术','/system/role/remove','127.0.0.1','内网IP','{\r\n  \"ids\" : [ \"100\" ]\r\n}','{\r\n  \"msg\" : \"护士已分配,不能删除\",\r\n  \"code\" : 500\r\n}',0,NULL,'2023-03-30 21:47:15'),(549,'菜单管理',2,'com.ruoyi.web.controller.system.SysMenuController.editSave()','POST',1,'admin','计算机科学与技术','/system/menu/edit','127.0.0.1','内网IP','{\r\n  \"menuId\" : [ \"1067\" ],\r\n  \"parentId\" : [ \"0\" ],\r\n  \"menuType\" : [ \"M\" ],\r\n  \"menuName\" : [ \"test\" ],\r\n  \"url\" : [ \"#\" ],\r\n  \"target\" : [ \"menuItem\" ],\r\n  \"perms\" : [ \"\" ],\r\n  \"orderNum\" : [ \"1\" ],\r\n  \"icon\" : [ \"fa fa-bar-chart-o\" ],\r\n  \"visible\" : [ \"1\" ]\r\n}','{\r\n  \"msg\" : \"操作成功\",\r\n  \"code\" : 0\r\n}',0,NULL,'2023-03-30 21:48:07'),(550,'菜单管理',2,'com.ruoyi.web.controller.system.SysMenuController.editSave()','POST',1,'admin','计算机科学与技术','/system/menu/edit','127.0.0.1','内网IP','{\r\n  \"menuId\" : [ \"1106\" ],\r\n  \"parentId\" : [ \"0\" ],\r\n  \"menuType\" : [ \"M\" ],\r\n  \"menuName\" : [ \"————\" ],\r\n  \"url\" : [ \"#\" ],\r\n  \"target\" : [ \"menuItem\" ],\r\n  \"perms\" : [ \"\" ],\r\n  \"orderNum\" : [ \"1\" ],\r\n  \"icon\" : [ \"fa fa-address-card\" ],\r\n  \"visible\" : [ \"1\" ]\r\n}','{\r\n  \"msg\" : \"操作成功\",\r\n  \"code\" : 0\r\n}',0,NULL,'2023-03-30 21:48:26'),(551,'菜单管理',2,'com.ruoyi.web.controller.system.SysMenuController.editSave()','POST',1,'admin','计算机科学与技术','/system/menu/edit','127.0.0.1','内网IP','{\r\n  \"menuId\" : [ \"1067\" ],\r\n  \"parentId\" : [ \"0\" ],\r\n  \"menuType\" : [ \"M\" ],\r\n  \"menuName\" : [ \"———\" ],\r\n  \"url\" : [ \"#\" ],\r\n  \"target\" : [ \"menuItem\" ],\r\n  \"perms\" : [ \"\" ],\r\n  \"orderNum\" : [ \"1\" ],\r\n  \"icon\" : [ \"fa fa-bar-chart-o\" ],\r\n  \"visible\" : [ \"1\" ]\r\n}','{\r\n  \"msg\" : \"操作成功\",\r\n  \"code\" : 0\r\n}',0,NULL,'2023-03-30 21:48:37'),(552,'菜单管理',2,'com.ruoyi.web.controller.system.SysMenuController.editSave()','POST',1,'admin','计算机科学与技术','/system/menu/edit','127.0.0.1','内网IP','{\r\n  \"menuId\" : [ \"1068\" ],\r\n  \"parentId\" : [ \"0\" ],\r\n  \"menuType\" : [ \"M\" ],\r\n  \"menuName\" : [ \"—————-\" ],\r\n  \"url\" : [ \"#\" ],\r\n  \"target\" : [ \"menuItem\" ],\r\n  \"perms\" : [ \"\" ],\r\n  \"orderNum\" : [ \"2\" ],\r\n  \"icon\" : [ \"fa fa-bars\" ],\r\n  \"visible\" : [ \"1\" ]\r\n}','{\r\n  \"msg\" : \"操作成功\",\r\n  \"code\" : 0\r\n}',0,NULL,'2023-03-30 21:48:53'),(553,'角色管理',2,'com.ruoyi.web.controller.system.SysRoleController.editSave()','POST',1,'admin','计算机科学与技术','/system/role/edit','127.0.0.1','内网IP','{\r\n  \"roleId\" : [ \"100\" ],\r\n  \"roleName\" : [ \"护士\" ],\r\n  \"roleKey\" : [ \"teacher\" ],\r\n  \"roleSort\" : [ \"2\" ],\r\n  \"status\" : [ \"0\" ],\r\n  \"remark\" : [ \"普通角色\" ],\r\n  \"menuIds\" : [ \"1062,1063,1074,1075,1076,1077,1066,1082,1107,1114,1142,1127,1128,1118,1119,1161,1162,1163,1164,1120,1155,1159,1157,1158,1121,1154,1160\" ]\r\n}','{\r\n  \"msg\" : \"操作成功\",\r\n  \"code\" : 0\r\n}',0,NULL,'2023-03-30 21:49:37'),(554,'角色管理',2,'com.ruoyi.web.controller.system.SysRoleController.editSave()','POST',1,'admin','计算机科学与技术','/system/role/edit','127.0.0.1','内网IP','{\r\n  \"roleId\" : [ \"2\" ],\r\n  \"roleName\" : [ \"实习生\" ],\r\n  \"roleKey\" : [ \"student\" ],\r\n  \"roleSort\" : [ \"3\" ],\r\n  \"status\" : [ \"0\" ],\r\n  \"remark\" : [ \"普通角色\" ],\r\n  \"menuIds\" : [ \"1105,1108,1124,1166,1122,1125,1126,1118,1120,1155,1159,1157,1158,1121,1154,1160\" ]\r\n}','{\r\n  \"msg\" : \"操作成功\",\r\n  \"code\" : 0\r\n}',0,NULL,'2023-03-30 21:50:05');

#
# Structure for table "sys_post"
#

DROP TABLE IF EXISTS `sys_post`;
CREATE TABLE `sys_post` (
  `post_id` bigint(20) NOT NULL AUTO_INCREMENT COMMENT '岗位ID',
  `post_code` varchar(64) NOT NULL COMMENT '岗位编码',
  `post_name` varchar(50) NOT NULL COMMENT '岗位名称',
  `post_sort` int(4) NOT NULL COMMENT '显示顺序',
  `status` char(1) NOT NULL COMMENT '状态（0正常 1停用）',
  `create_by` varchar(64) DEFAULT '' COMMENT '创建者',
  `create_time` datetime DEFAULT NULL COMMENT '创建时间',
  `update_by` varchar(64) DEFAULT '' COMMENT '更新者',
  `update_time` datetime DEFAULT NULL COMMENT '更新时间',
  `remark` varchar(500) DEFAULT NULL COMMENT '备注',
  PRIMARY KEY (`post_id`) USING BTREE
) ENGINE=InnoDB AUTO_INCREMENT=5 DEFAULT CHARSET=utf8 ROW_FORMAT=COMPACT COMMENT='岗位信息表';

#
# Data for table "sys_post"
#

INSERT INTO `sys_post` VALUES (1,'professor','医生',1,'0','admin','2018-03-16 11:33:00','admin','2023-03-30 21:18:27',''),(2,'associate professor','护士',2,'0','admin','2018-03-16 11:33:00','admin','2023-03-30 21:18:33',''),(3,'lecturer','院长',3,'0','admin','2018-03-16 11:33:00','admin','2023-03-30 21:18:42',''),(4,'assistant','副院长',4,'0','admin','2018-03-16 11:33:00','admin','2023-03-30 21:18:48','');

#
# Structure for table "sys_role"
#

DROP TABLE IF EXISTS `sys_role`;
CREATE TABLE `sys_role` (
  `role_id` bigint(20) NOT NULL AUTO_INCREMENT COMMENT '角色ID',
  `role_name` varchar(30) NOT NULL COMMENT '角色名称',
  `role_key` varchar(100) NOT NULL COMMENT '角色权限字符串',
  `role_sort` int(4) NOT NULL COMMENT '显示顺序',
  `data_scope` char(1) DEFAULT '1' COMMENT '数据范围（1：全部数据权限 2：自定数据权限 3：本部门数据权限 4：本部门及以下数据权限）',
  `status` char(1) NOT NULL COMMENT '角色状态（0正常 1停用）',
  `del_flag` char(1) DEFAULT '0' COMMENT '删除标志（0代表存在 2代表删除）',
  `create_by` varchar(64) DEFAULT '' COMMENT '创建者',
  `create_time` datetime DEFAULT NULL COMMENT '创建时间',
  `update_by` varchar(64) DEFAULT '' COMMENT '更新者',
  `update_time` datetime DEFAULT NULL COMMENT '更新时间',
  `remark` varchar(500) DEFAULT NULL COMMENT '备注',
  PRIMARY KEY (`role_id`) USING BTREE
) ENGINE=InnoDB AUTO_INCREMENT=103 DEFAULT CHARSET=utf8 ROW_FORMAT=COMPACT COMMENT='角色信息表';

#
# Data for table "sys_role"
#

INSERT INTO `sys_role` VALUES (1,'管理员','admin',1,'1','0','0','admin','2018-03-16 11:33:00','ry','2018-03-16 11:33:00','管理员'),(2,'实习生','student',3,'1','0','0','admin','2018-03-16 11:33:00','admin','2023-03-30 21:50:05','普通角色'),(100,'护士','teacher',2,'1','0','0','admin','2019-12-10 19:26:58','admin','2023-03-30 21:49:36','普通角色'),(101,'医护人员','doctor',2,'1','0','0','admin','2023-03-30 20:08:43','admin','2023-03-30 21:31:07','医护人员'),(102,'用户','user',3,'1','0','0','admin','2023-03-30 20:09:21','admin','2023-03-30 21:31:16','普通用户');

#
# Structure for table "sys_role_dept"
#

DROP TABLE IF EXISTS `sys_role_dept`;
CREATE TABLE `sys_role_dept` (
  `role_id` bigint(20) NOT NULL COMMENT '角色ID',
  `dept_id` bigint(20) NOT NULL COMMENT '部门ID',
  PRIMARY KEY (`role_id`,`dept_id`) USING BTREE
) ENGINE=InnoDB DEFAULT CHARSET=utf8 ROW_FORMAT=COMPACT COMMENT='角色和部门关联表';

#
# Data for table "sys_role_dept"
#


#
# Structure for table "sys_role_menu"
#

DROP TABLE IF EXISTS `sys_role_menu`;
CREATE TABLE `sys_role_menu` (
  `role_id` bigint(20) NOT NULL COMMENT '角色ID',
  `menu_id` bigint(20) NOT NULL COMMENT '菜单ID',
  PRIMARY KEY (`role_id`,`menu_id`) USING BTREE
) ENGINE=InnoDB DEFAULT CHARSET=utf8 ROW_FORMAT=COMPACT COMMENT='角色和菜单关联表';

#
# Data for table "sys_role_menu"
#

INSERT INTO `sys_role_menu` VALUES (2,1105),(2,1108),(2,1118),(2,1120),(2,1121),(2,1122),(2,1124),(2,1125),(2,1126),(2,1154),(2,1155),(2,1157),(2,1158),(2,1159),(2,1160),(2,1166),(100,1062),(100,1063),(100,1066),(100,1074),(100,1075),(100,1076),(100,1077),(100,1082),(100,1107),(100,1114),(100,1118),(100,1119),(100,1120),(100,1121),(100,1127),(100,1128),(100,1142),(100,1154),(100,1155),(100,1157),(100,1158),(100,1159),(100,1160),(100,1161),(100,1162),(100,1163),(100,1164),(101,1062),(101,1063),(101,1065),(101,1074),(101,1075),(101,1076),(101,1077),(101,1078),(101,1079),(101,1080),(101,1081),(101,1095),(101,1096),(101,1097),(101,1098),(101,1099),(101,1100),(101,1101),(101,1102),(101,1103),(101,1104),(101,1107),(101,1114),(101,1115),(101,1116),(101,1117),(101,1118),(101,1121),(101,1127),(101,1128),(101,1132),(101,1133),(101,1134),(101,1135),(101,1137),(101,1142),(101,1143),(101,1144),(101,1145),(101,1146),(101,1149),(101,1150),(101,1152),(101,1154),(101,1160),(102,1105),(102,1106),(102,1108),(102,1109),(102,1111),(102,1112),(102,1118),(102,1121),(102,1122),(102,1123),(102,1124),(102,1125),(102,1126),(102,1130),(102,1131),(102,1139),(102,1140),(102,1141),(102,1147),(102,1148),(102,1154),(102,1160),(102,1165),(102,1166);

#
# Structure for table "sys_user"
#

DROP TABLE IF EXISTS `sys_user`;
CREATE TABLE `sys_user` (
  `user_id` bigint(20) NOT NULL AUTO_INCREMENT COMMENT '用户ID',
  `dept_id` bigint(20) DEFAULT NULL COMMENT '部门ID',
  `login_name` varchar(30) NOT NULL COMMENT '登录账号',
  `user_name` varchar(30) NOT NULL COMMENT '用户昵称',
  `user_type` varchar(2) DEFAULT '00' COMMENT '用户类型（00系统用户）',
  `email` varchar(50) DEFAULT '' COMMENT '用户邮箱',
  `phonenumber` varchar(11) DEFAULT '' COMMENT '手机号码',
  `sex` char(1) DEFAULT '0' COMMENT '用户性别（0男 1女 2未知）',
  `avatar` varchar(100) DEFAULT '' COMMENT '头像路径',
  `password` varchar(50) DEFAULT '' COMMENT '密码',
  `salt` varchar(20) DEFAULT '' COMMENT '盐加密',
  `status` char(1) DEFAULT '0' COMMENT '帐号状态（0正常 1停用）',
  `del_flag` char(1) DEFAULT '0' COMMENT '删除标志（0代表存在 2代表删除）',
  `login_ip` varchar(50) DEFAULT '' COMMENT '最后登陆IP',
  `login_date` datetime DEFAULT NULL COMMENT '最后登陆时间',
  `create_by` varchar(64) DEFAULT '' COMMENT '创建者',
  `create_time` datetime DEFAULT NULL COMMENT '创建时间',
  `update_by` varchar(64) DEFAULT '' COMMENT '更新者',
  `update_time` datetime DEFAULT NULL COMMENT '更新时间',
  `remark` varchar(500) DEFAULT NULL COMMENT '备注',
  PRIMARY KEY (`user_id`) USING BTREE
) ENGINE=InnoDB AUTO_INCREMENT=64 DEFAULT CHARSET=utf8 ROW_FORMAT=COMPACT COMMENT='用户信息表';

#
# Data for table "sys_user"
#

INSERT INTO `sys_user` VALUES (1,217,'admin','admin','00','498155701@qq.com','15841490867','1','','29c67a30398638269fe600f73a054934','111111','0','0','127.0.0.1','2023-03-30 19:58:48','admin','2018-03-16 11:33:00','ry','2023-03-30 19:58:48','管理员'),(48,217,'163401010319','王旭','00','','','0','','fab1cec92df5706481269d874e026bb4','3324ef','0','2','127.0.0.1','2023-03-30 20:21:38','admin','2020-01-06 18:04:57','admin','2023-03-30 20:21:38',NULL),(49,218,'163401010320','高钰清','00','','','1','','1b6396c82bda73597314509f8d6097aa','b01cf6','0','2','127.0.0.1','2020-01-06 23:06:09','admin','2020-01-06 18:05:37','','2020-01-06 23:06:10',NULL),(50,219,'163401010321','黄灿','00','','','0','','0e331f85e7723ac5eaa4070ef279007f','1f25f5','0','2','127.0.0.1','2023-03-30 20:06:10','admin','2020-01-06 18:06:09','','2023-03-30 20:06:10',NULL),(51,220,'163401010322','张庆阳','00','','','2','','22124db6bff502aa2ce958bd5ea3d511','f28473','0','2','127.0.0.1','2020-01-06 23:07:03','admin','2020-01-06 18:06:40','','2020-01-06 23:07:04',NULL),(52,218,'163401010323','张昊辰','00','','','1','','f9508f999097c6d1edaa1314d9aa7bc4','e1b4c7','0','2','127.0.0.1','2020-01-06 23:07:41','admin','2020-01-06 18:07:22','','2020-01-06 23:07:41',NULL),(53,217,'163401010314','马行健','00','','','0','','3b263aadceed69129956081e3c9f7ba5','a8a903','0','2','112.40.207.108','2020-03-06 13:16:04','admin','2020-01-06 18:08:36','','2020-03-06 13:16:04',NULL),(54,217,'163401010312','董理','00','','','0','','f5c9ceabc3e6bda578daf8cebb1d9b89','16d548','0','2','202.112.30.6','2020-01-07 21:49:40','admin','2020-01-06 18:09:17','','2020-01-07 21:49:40',NULL),(55,217,'163401010311','杜金','00','','','0','','68bb8d1e6775f8f4e4f8932ef560113f','bac13d','0','2','127.0.0.1','2023-03-30 20:22:15','admin','2020-01-06 18:09:54','admin','2023-03-30 20:22:15',NULL),(56,218,'123','test','00','','','0','','182a7b5c0e698d3a756ad94c62c92ce1','d0f3da','0','2','',NULL,'admin','2020-02-10 14:48:21','',NULL,NULL),(57,217,'weiguanke','weiguanke','00','weiguanke@qq.com','15995857878','0','','758844fa0afbddcb6aa8452154c29b7e','118458','0','0','127.0.0.1','2022-08-22 11:24:21','admin','2022-08-22 11:21:59','admin','2023-03-30 21:33:10',''),(58,217,'do','do','00','123444@qq.com','13945454545','0','','ee8abe6361d33a3bec5a5906d153b4f6','8a1c55','0','2','127.0.0.1','2023-03-30 20:16:36','admin','2023-03-30 20:10:28','','2023-03-30 20:16:36','doctor医护人员'),(59,217,'us','us','00','4123@qq.com','13912123636','0','','1222d9c97c90ca30a87ac7fd65cb53de','b304ce','0','2','127.0.0.1','2023-03-30 20:18:31','admin','2023-03-30 20:11:03','','2023-03-30 20:18:31','user普通用户'),(60,217,'user','user','00','','','0','','57bf817612356eb6b3da1a3cdc64c92a','e98c93','0','0','127.0.0.1','2023-03-30 21:22:01','admin','2023-03-30 20:44:00','','2023-03-30 21:22:01',NULL),(61,217,'doctor','doctor','00','','','0','','24a2efd53416979a5f31bc89670d569e','7a77da','0','0','127.0.0.1','2023-03-30 21:11:29','admin','2023-03-30 20:44:31','','2023-03-30 21:11:29',NULL),(62,218,'doc','李医生','00','','','0','','4c01147e3f24be905893599ab9a4a155','7e5d1c','0','0','127.0.0.1','2023-03-30 21:39:42','admin','2023-03-30 21:35:25','','2023-03-30 21:39:42',NULL),(63,218,'wp','王鹏','00','','','0','','584a216bb2532075d1482fc0b386d4e3','879747','0','0','127.0.0.1','2023-03-30 21:36:55','admin','2023-03-30 21:36:40','','2023-03-30 21:36:55',NULL);

#
# Structure for table "sys_user_online"
#

DROP TABLE IF EXISTS `sys_user_online`;
CREATE TABLE `sys_user_online` (
  `sessionId` varchar(50) NOT NULL DEFAULT '' COMMENT '用户会话id',
  `login_name` varchar(50) DEFAULT '' COMMENT '登录账号',
  `dept_name` varchar(50) DEFAULT '' COMMENT '部门名称',
  `ipaddr` varchar(50) DEFAULT '' COMMENT '登录IP地址',
  `login_location` varchar(255) DEFAULT '' COMMENT '登录地点',
  `browser` varchar(50) DEFAULT '' COMMENT '浏览器类型',
  `os` varchar(50) DEFAULT '' COMMENT '操作系统',
  `status` varchar(10) DEFAULT '' COMMENT '在线状态on_line在线off_line离线',
  `start_timestamp` datetime DEFAULT NULL COMMENT 'session创建时间',
  `last_access_time` datetime DEFAULT NULL COMMENT 'session最后访问时间',
  `expire_time` int(5) DEFAULT '0' COMMENT '超时时间，单位为分钟',
  PRIMARY KEY (`sessionId`) USING BTREE
) ENGINE=InnoDB DEFAULT CHARSET=utf8 ROW_FORMAT=COMPACT COMMENT='在线用户记录';

#
# Data for table "sys_user_online"
#

INSERT INTO `sys_user_online` VALUES ('37cc6955-5900-4445-b0e8-0bbdd75041bf','admin','计算机科学与技术','127.0.0.1','内网IP','Chrome 11','Windows 10','on_line','2023-03-30 19:58:41','2023-03-30 21:51:46',1800000);

#
# Structure for table "sys_user_post"
#

DROP TABLE IF EXISTS `sys_user_post`;
CREATE TABLE `sys_user_post` (
  `user_id` bigint(20) NOT NULL COMMENT '用户ID',
  `post_id` bigint(20) NOT NULL COMMENT '岗位ID',
  PRIMARY KEY (`user_id`,`post_id`) USING BTREE
) ENGINE=InnoDB DEFAULT CHARSET=utf8 ROW_FORMAT=COMPACT COMMENT='用户与岗位关联表';

#
# Data for table "sys_user_post"
#

INSERT INTO `sys_user_post` VALUES (1,1),(2,2),(6,0),(10,3),(11,2),(12,2),(14,3),(15,1),(17,1),(21,1),(22,2),(23,3),(24,4),(38,1),(44,2),(53,4),(54,1),(55,1),(57,1),(58,1),(61,1),(62,1);

#
# Structure for table "sys_user_role"
#

DROP TABLE IF EXISTS `sys_user_role`;
CREATE TABLE `sys_user_role` (
  `user_id` bigint(20) NOT NULL COMMENT '用户ID',
  `role_id` bigint(20) NOT NULL COMMENT '角色ID',
  PRIMARY KEY (`user_id`,`role_id`) USING BTREE
) ENGINE=InnoDB DEFAULT CHARSET=utf8 ROW_FORMAT=COMPACT COMMENT='用户和角色关联表';

#
# Data for table "sys_user_role"
#

INSERT INTO `sys_user_role` VALUES (1,1),(2,2),(3,2),(4,2),(5,2),(6,2),(8,2),(9,2),(10,100),(11,100),(12,100),(13,2),(14,100),(15,2),(16,2),(17,100),(18,2),(19,2),(20,2),(21,100),(22,100),(23,100),(24,100),(25,2),(26,2),(27,2),(28,2),(29,2),(30,2),(31,2),(32,2),(33,2),(34,2),(35,2),(36,2),(37,2),(38,2),(39,2),(40,2),(41,2),(42,2),(43,2),(44,100),(45,2),(46,2),(47,2),(48,2),(49,2),(50,2),(51,2),(52,2),(53,100),(54,100),(55,100),(56,2),(57,101),(58,101),(59,102),(60,102),(61,101),(62,101),(63,102);
